{"level":"\u001b[32minfo\u001b[39m","message":"Starting HolonsBot with REFACTORED architecture","timestamp":"2025-09-16 22:31:15"}
{"appname":"Holons","level":"\u001b[32minfo\u001b[39m","message":"Starting HolonsBot initialization","timestamp":"2025-09-16 22:31:15"}
{"level":"\u001b[32minfo\u001b[39m","message":"Telegram bot initialized (not yet launched)","timestamp":"2025-09-16 22:31:15"}
{"appname":"HolonsDebug","level":"\u001b[32minfo\u001b[39m","message":"Database initialized","timestamp":"2025-09-16 22:31:15"}
{"level":"\u001b[32minfo\u001b[39m","message":"Starting HolonsBot with REFACTORED architecture","timestamp":"2025-09-16 22:33:00"}
{"appname":"Holons","level":"\u001b[32minfo\u001b[39m","message":"Starting HolonsBot initialization","timestamp":"2025-09-16 22:33:01"}
{"level":"\u001b[32minfo\u001b[39m","message":"Telegram bot initialized (not yet launched)","timestamp":"2025-09-16 22:33:01"}
{"appname":"HolonsDebug","level":"\u001b[32minfo\u001b[39m","message":"Database initialized","timestamp":"2025-09-16 22:33:01"}
{"level":"\u001b[32minfo\u001b[39m","message":"Starting HolonsBot with REFACTORED architecture","timestamp":"2025-09-16 22:33:10"}
{"appname":"Holons","level":"\u001b[32minfo\u001b[39m","message":"Starting HolonsBot initialization","timestamp":"2025-09-16 22:33:10"}
{"level":"\u001b[32minfo\u001b[39m","message":"Telegram bot initialized (not yet launched)","timestamp":"2025-09-16 22:33:10"}
{"appname":"HolonsDebug","level":"\u001b[32minfo\u001b[39m","message":"Database initialized","timestamp":"2025-09-16 22:33:10"}
{"level":"\u001b[32minfo\u001b[39m","message":"Starting HolonsBot with REFACTORED architecture","timestamp":"2025-09-16 22:33:24"}
{"appname":"Holons","level":"\u001b[32minfo\u001b[39m","message":"Starting HolonsBot initialization","timestamp":"2025-09-16 22:33:25"}
{"level":"\u001b[32minfo\u001b[39m","message":"Telegram bot initialized (not yet launched)","timestamp":"2025-09-16 22:33:25"}
{"appname":"HolonsDebug","level":"\u001b[32minfo\u001b[39m","message":"Database initialized","timestamp":"2025-09-16 22:33:25"}
{"error":"request to https://api.telegram.org/bot7807603857:[REDACTED]/getMe failed, reason: ","level":"\u001b[31merror\u001b[39m","message":"Failed to launch Telegram bot","timestamp":"2025-09-16 22:33:25"}
{"error":"request to https://api.telegram.org/bot7807603857:[REDACTED]/getMe failed, reason: ","level":"\u001b[31merror\u001b[39m","message":"Failed to initialize HolonsBot","stack":"FetchError: request to https://api.telegram.org/bot7807603857:[REDACTED]/getMe failed, reason: \n    at ClientRequest.<anonymous> (/Users/roberto/Projects/Liminal/HolonsBot/node_modules/telegraf/node_modules/node-fetch/lib/index.js:1501:11)\n    at ClientRequest.emit (node:events:519:28)\n    at emitErrorEvent (node:_http_client:103:11)\n    at TLSSocket.socketErrorListener (node:_http_client:506:5)\n    at TLSSocket.emit (node:events:519:28)\n    at emitErrorNT (node:internal/streams/destroy:170:8)\n    at emitErrorCloseNT (node:internal/streams/destroy:129:3)\n    at process.processTicksAndRejections (node:internal/process/task_queues:90:21)","timestamp":"2025-09-16 22:33:25"}
{"level":"\u001b[32minfo\u001b[39m","message":"Starting graceful shutdown","timestamp":"2025-09-16 22:33:25"}
{"error":"Bot is not running!","level":"\u001b[31merror\u001b[39m","message":"Error during shutdown","timestamp":"2025-09-16 22:33:25"}
{"error":"request to https://api.telegram.org/bot7807603857:[REDACTED]/getMe failed, reason: ","level":"\u001b[31merror\u001b[39m","message":"Failed to start HolonsBot (Refactored)","stack":"FetchError: request to https://api.telegram.org/bot7807603857:[REDACTED]/getMe failed, reason: \n    at ClientRequest.<anonymous> (/Users/roberto/Projects/Liminal/HolonsBot/node_modules/telegraf/node_modules/node-fetch/lib/index.js:1501:11)\n    at ClientRequest.emit (node:events:519:28)\n    at emitErrorEvent (node:_http_client:103:11)\n    at TLSSocket.socketErrorListener (node:_http_client:506:5)\n    at TLSSocket.emit (node:events:519:28)\n    at emitErrorNT (node:internal/streams/destroy:170:8)\n    at emitErrorCloseNT (node:internal/streams/destroy:129:3)\n    at process.processTicksAndRejections (node:internal/process/task_queues:90:21)","timestamp":"2025-09-16 22:33:25"}
{"level":"\u001b[32minfo\u001b[39m","message":"Falling back to legacy architecture...","timestamp":"2025-09-16 22:33:25"}
{"level":"\u001b[31merror\u001b[39m","message":"Unhandled Promise Rejection","promise":"[object Promise]","reason":"401: Bot Token is required","stack":"Error: 401: Bot Token is required\n    at Telegram.callApi (/Users/roberto/Projects/Liminal/HolonsBot/node_modules/telegraf/lib/core/network/client.js:290:19)\n    at Telegram.getMe (/Users/roberto/Projects/Liminal/HolonsBot/node_modules/telegraf/lib/telegram.js:17:21)\n    at Telegraf.launch (/Users/roberto/Projects/Liminal/HolonsBot/node_modules/telegraf/lib/telegraf.js:188:98)\n    at HolonsBot.init (file:///Users/roberto/Projects/Liminal/HolonsBot/HolonsBotLegacy.js:141:20)\n    at async startBot (file:///Users/roberto/Projects/Liminal/HolonsBot/HolonsBot.js:46:7)","timestamp":"2025-09-16 22:33:26"}
{"level":"\u001b[32minfo\u001b[39m","message":"Starting HolonsBot with REFACTORED architecture","timestamp":"2025-09-16 22:40:45"}
{"appname":"Holons","level":"\u001b[32minfo\u001b[39m","message":"Starting HolonsBot initialization","timestamp":"2025-09-16 22:40:46"}
{"level":"\u001b[32minfo\u001b[39m","message":"Telegram bot initialized (not yet launched)","timestamp":"2025-09-16 22:40:46"}
{"appname":"HolonsDebug","level":"\u001b[32minfo\u001b[39m","message":"Database initialized","timestamp":"2025-09-16 22:40:46"}
{"level":"\u001b[32minfo\u001b[39m","message":"Starting HolonsBot with REFACTORED architecture","timestamp":"2025-09-16 22:46:47"}
{"appname":"Holons","level":"\u001b[32minfo\u001b[39m","message":"Starting HolonsBot initialization","timestamp":"2025-09-16 22:46:47"}
{"level":"\u001b[32minfo\u001b[39m","message":"Telegram bot initialized (not yet launched)","timestamp":"2025-09-16 22:46:47"}
{"appname":"HolonsDebug","level":"\u001b[32minfo\u001b[39m","message":"Database initialized","timestamp":"2025-09-16 22:46:47"}
{"level":"\u001b[32minfo\u001b[39m","message":"Starting HolonsBot with REFACTORED architecture","timestamp":"2025-09-17 09:36:00"}
{"appname":"Holons","level":"\u001b[32minfo\u001b[39m","message":"Starting HolonsBot initialization","timestamp":"2025-09-17 09:36:01"}
{"level":"\u001b[32minfo\u001b[39m","message":"Telegram bot initialized (not yet launched)","timestamp":"2025-09-17 09:36:01"}
{"appname":"HolonsDebug","level":"\u001b[32minfo\u001b[39m","message":"Database initialized","timestamp":"2025-09-17 09:36:01"}
{"level":"\u001b[32minfo\u001b[39m","message":"Starting HolonsBot with REFACTORED architecture","timestamp":"2025-09-17 09:37:06"}
{"appname":"Holons","level":"\u001b[32minfo\u001b[39m","message":"Starting HolonsBot initialization","timestamp":"2025-09-17 09:37:07"}
{"level":"\u001b[32minfo\u001b[39m","message":"Telegram bot initialized (not yet launched)","timestamp":"2025-09-17 09:37:07"}
{"appname":"HolonsDebug","level":"\u001b[32minfo\u001b[39m","message":"Database initialized","timestamp":"2025-09-17 09:37:07"}
{"level":"\u001b[32minfo\u001b[39m","message":"Starting HolonsBot with REFACTORED architecture","timestamp":"2025-09-17 09:39:58"}
{"appname":"Holons","level":"\u001b[32minfo\u001b[39m","message":"Starting HolonsBot initialization","timestamp":"2025-09-17 09:39:58"}
{"level":"\u001b[32minfo\u001b[39m","message":"Telegram bot initialized (not yet launched)","timestamp":"2025-09-17 09:39:58"}
{"appname":"HolonsDebug","level":"\u001b[32minfo\u001b[39m","message":"Database initialized","timestamp":"2025-09-17 09:39:58"}
{"level":"\u001b[32minfo\u001b[39m","message":"Starting HolonsBot with REFACTORED architecture","timestamp":"2025-09-17 09:40:24"}
{"appname":"Holons","level":"\u001b[32minfo\u001b[39m","message":"Starting HolonsBot initialization","timestamp":"2025-09-17 09:40:25"}
{"level":"\u001b[32minfo\u001b[39m","message":"Telegram bot initialized (not yet launched)","timestamp":"2025-09-17 09:40:25"}
{"appname":"HolonsDebug","level":"\u001b[32minfo\u001b[39m","message":"Database initialized","timestamp":"2025-09-17 09:40:25"}
{"level":"\u001b[32minfo\u001b[39m","message":"Starting HolonsBot with REFACTORED architecture","timestamp":"2025-09-17 09:40:39"}
{"error":"Cannot find module '/Users/roberto/Projects/Liminal/HolonsBot/Quests.js' imported from /Users/roberto/Projects/Liminal/HolonsBot/core/ServiceDefinitions.js","level":"\u001b[31merror\u001b[39m","message":"Failed to start HolonsBot (Refactored)","stack":"Error [ERR_MODULE_NOT_FOUND]: Cannot find module '/Users/roberto/Projects/Liminal/HolonsBot/Quests.js' imported from /Users/roberto/Projects/Liminal/HolonsBot/core/ServiceDefinitions.js\n    at finalizeResolution (node:internal/modules/esm/resolve:257:11)\n    at moduleResolve (node:internal/modules/esm/resolve:914:10)\n    at defaultResolve (node:internal/modules/esm/resolve:1038:11)\n    at ModuleLoader.defaultResolve (node:internal/modules/esm/loader:557:12)\n    at ModuleLoader.resolve (node:internal/modules/esm/loader:525:25)\n    at ModuleLoader.getModuleJob (node:internal/modules/esm/loader:246:38)\n    at ModuleJob._link (node:internal/modules/esm/module_job:126:49)","timestamp":"2025-09-17 09:40:39"}
{"level":"\u001b[32minfo\u001b[39m","message":"Falling back to legacy architecture...","timestamp":"2025-09-17 09:40:39"}
{"level":"\u001b[32minfo\u001b[39m","message":"Starting HolonsBot with REFACTORED architecture","timestamp":"2025-09-17 09:40:50"}
{"appname":"Holons","level":"\u001b[32minfo\u001b[39m","message":"Starting HolonsBot initialization","timestamp":"2025-09-17 09:40:50"}
{"level":"\u001b[32minfo\u001b[39m","message":"Telegram bot initialized (not yet launched)","timestamp":"2025-09-17 09:40:50"}
{"appname":"HolonsDebug","level":"\u001b[32minfo\u001b[39m","message":"Database initialized","timestamp":"2025-09-17 09:40:50"}
{"level":"\u001b[32minfo\u001b[39m","message":"Starting HolonsBot with REFACTORED architecture","timestamp":"2025-09-17 09:45:40"}
{"appname":"Holons","level":"\u001b[32minfo\u001b[39m","message":"Starting HolonsBot initialization","timestamp":"2025-09-17 09:45:40"}
{"level":"\u001b[32minfo\u001b[39m","message":"Telegram bot initialized (not yet launched)","timestamp":"2025-09-17 09:45:40"}
{"appname":"HolonsDebug","level":"\u001b[32minfo\u001b[39m","message":"Database initialized","timestamp":"2025-09-17 09:45:40"}
{"level":"\u001b[32minfo\u001b[39m","message":"Starting HolonsBot with REFACTORED architecture","timestamp":"2025-09-17 09:45:56"}
{"appname":"Holons","level":"\u001b[32minfo\u001b[39m","message":"Starting HolonsBot initialization","timestamp":"2025-09-17 09:45:57"}
{"level":"\u001b[32minfo\u001b[39m","message":"Telegram bot initialized (not yet launched)","timestamp":"2025-09-17 09:45:57"}
{"appname":"HolonsDebug","level":"\u001b[32minfo\u001b[39m","message":"Database initialized","timestamp":"2025-09-17 09:45:57"}
{"level":"\u001b[32minfo\u001b[39m","message":"Starting HolonsBot with REFACTORED architecture","timestamp":"2025-09-17 09:46:09"}
{"appname":"Holons","level":"\u001b[32minfo\u001b[39m","message":"Starting HolonsBot initialization","timestamp":"2025-09-17 09:46:10"}
{"level":"\u001b[32minfo\u001b[39m","message":"Telegram bot initialized (not yet launched)","timestamp":"2025-09-17 09:46:10"}
{"appname":"HolonsDebug","level":"\u001b[32minfo\u001b[39m","message":"Database initialized","timestamp":"2025-09-17 09:46:10"}
{"level":"\u001b[32minfo\u001b[39m","message":"Starting HolonsBot with REFACTORED architecture","timestamp":"2025-09-17 09:46:20"}
{"appname":"Holons","level":"\u001b[32minfo\u001b[39m","message":"Starting HolonsBot initialization","timestamp":"2025-09-17 09:46:21"}
{"level":"\u001b[32minfo\u001b[39m","message":"Telegram bot initialized (not yet launched)","timestamp":"2025-09-17 09:46:21"}
{"appname":"HolonsDebug","level":"\u001b[32minfo\u001b[39m","message":"Database initialized","timestamp":"2025-09-17 09:46:21"}
{"level":"\u001b[32minfo\u001b[39m","message":"Starting HolonsBot with REFACTORED architecture","timestamp":"2025-09-17 09:46:30"}
{"appname":"Holons","level":"\u001b[32minfo\u001b[39m","message":"Starting HolonsBot initialization","timestamp":"2025-09-17 09:46:30"}
{"level":"\u001b[32minfo\u001b[39m","message":"Telegram bot initialized (not yet launched)","timestamp":"2025-09-17 09:46:30"}
{"appname":"HolonsDebug","level":"\u001b[32minfo\u001b[39m","message":"Database initialized","timestamp":"2025-09-17 09:46:30"}
{"level":"\u001b[32minfo\u001b[39m","message":"Starting HolonsBot with REFACTORED architecture","timestamp":"2025-09-17 09:46:38"}
{"appname":"Holons","level":"\u001b[32minfo\u001b[39m","message":"Starting HolonsBot initialization","timestamp":"2025-09-17 09:46:38"}
{"level":"\u001b[32minfo\u001b[39m","message":"Telegram bot initialized (not yet launched)","timestamp":"2025-09-17 09:46:38"}
{"appname":"HolonsDebug","level":"\u001b[32minfo\u001b[39m","message":"Database initialized","timestamp":"2025-09-17 09:46:38"}
{"level":"\u001b[32minfo\u001b[39m","message":"Starting HolonsBot with REFACTORED architecture","timestamp":"2025-09-17 09:47:01"}
{"appname":"Holons","level":"\u001b[32minfo\u001b[39m","message":"Starting HolonsBot initialization","timestamp":"2025-09-17 09:47:02"}
{"level":"\u001b[32minfo\u001b[39m","message":"Telegram bot initialized (not yet launched)","timestamp":"2025-09-17 09:47:02"}
{"appname":"HolonsDebug","level":"\u001b[32minfo\u001b[39m","message":"Database initialized","timestamp":"2025-09-17 09:47:02"}
{"level":"\u001b[32minfo\u001b[39m","message":"SIGTERM received, shutting down gracefully","timestamp":"2025-09-17 09:47:09"}
{"level":"\u001b[32minfo\u001b[39m","message":"Starting HolonsBot with REFACTORED architecture","timestamp":"2025-09-17 09:47:14"}
{"appname":"Holons","level":"\u001b[32minfo\u001b[39m","message":"Starting HolonsBot initialization","timestamp":"2025-09-17 09:47:15"}
{"level":"\u001b[32minfo\u001b[39m","message":"Telegram bot initialized (not yet launched)","timestamp":"2025-09-17 09:47:15"}
{"appname":"HolonsDebug","level":"\u001b[32minfo\u001b[39m","message":"Database initialized","timestamp":"2025-09-17 09:47:15"}
{"level":"\u001b[32minfo\u001b[39m","message":"Starting HolonsBot with REFACTORED architecture","timestamp":"2025-09-17 09:57:48"}
{"appname":"Holons","level":"\u001b[32minfo\u001b[39m","message":"Starting HolonsBot initialization","timestamp":"2025-09-17 09:57:49"}
{"level":"\u001b[32minfo\u001b[39m","message":"Telegram bot initialized (not yet launched)","timestamp":"2025-09-17 09:57:49"}
{"appname":"HolonsDebug","level":"\u001b[32minfo\u001b[39m","message":"Database initialized","timestamp":"2025-09-17 09:57:49"}
{"error":"409: Conflict: terminated by other getUpdates request; make sure that only one bot instance is running","level":"\u001b[31merror\u001b[39m","message":"Failed to launch Telegram bot","timestamp":"2025-09-17 09:58:30"}
{"error":"409: Conflict: terminated by other getUpdates request; make sure that only one bot instance is running","level":"\u001b[31merror\u001b[39m","message":"Failed to initialize HolonsBot","stack":"Error: 409: Conflict: terminated by other getUpdates request; make sure that only one bot instance is running\n    at Telegram.callApi (/Users/roberto/Projects/Liminal/HolonsBot/node_modules/telegraf/lib/core/network/client.js:315:19)\n    at process.processTicksAndRejections (node:internal/process/task_queues:105:5)\n    at async [Symbol.asyncIterator] (/Users/roberto/Projects/Liminal/HolonsBot/node_modules/telegraf/lib/core/network/polling.js:30:33)\n    at async Polling.loop (/Users/roberto/Projects/Liminal/HolonsBot/node_modules/telegraf/lib/core/network/polling.js:73:30)\n    at async Telegraf.launch (/Users/roberto/Projects/Liminal/HolonsBot/node_modules/telegraf/lib/telegraf.js:194:13)\n    at async HolonsBot.launchBot (file:///Users/roberto/Projects/Liminal/HolonsBot/core/HolonsBotRefactored.js:100:7)\n    at async HolonsBot.init (file:///Users/roberto/Projects/Liminal/HolonsBot/core/HolonsBotRefactored.js:61:7)\n    at async startBot (file:///Users/roberto/Projects/Liminal/HolonsBot/HolonsBot.js:22:7)","timestamp":"2025-09-17 09:58:30"}
{"level":"\u001b[32minfo\u001b[39m","message":"Starting graceful shutdown","timestamp":"2025-09-17 09:58:30"}
{"level":"\u001b[32minfo\u001b[39m","message":"Graceful shutdown completed","timestamp":"2025-09-17 09:58:30"}
{"error":"409: Conflict: terminated by other getUpdates request; make sure that only one bot instance is running","level":"\u001b[31merror\u001b[39m","message":"Failed to start HolonsBot (Refactored)","stack":"Error: 409: Conflict: terminated by other getUpdates request; make sure that only one bot instance is running\n    at Telegram.callApi (/Users/roberto/Projects/Liminal/HolonsBot/node_modules/telegraf/lib/core/network/client.js:315:19)\n    at process.processTicksAndRejections (node:internal/process/task_queues:105:5)\n    at async [Symbol.asyncIterator] (/Users/roberto/Projects/Liminal/HolonsBot/node_modules/telegraf/lib/core/network/polling.js:30:33)\n    at async Polling.loop (/Users/roberto/Projects/Liminal/HolonsBot/node_modules/telegraf/lib/core/network/polling.js:73:30)\n    at async Telegraf.launch (/Users/roberto/Projects/Liminal/HolonsBot/node_modules/telegraf/lib/telegraf.js:194:13)\n    at async HolonsBot.launchBot (file:///Users/roberto/Projects/Liminal/HolonsBot/core/HolonsBotRefactored.js:100:7)\n    at async HolonsBot.init (file:///Users/roberto/Projects/Liminal/HolonsBot/core/HolonsBotRefactored.js:61:7)\n    at async startBot (file:///Users/roberto/Projects/Liminal/HolonsBot/HolonsBot.js:22:7)","timestamp":"2025-09-17 09:58:30"}
{"level":"\u001b[32minfo\u001b[39m","message":"Falling back to legacy architecture...","timestamp":"2025-09-17 09:58:30"}
{"level":"\u001b[31merror\u001b[39m","message":"Unhandled Promise Rejection","promise":"[object Promise]","reason":"401: Bot Token is required","stack":"Error: 401: Bot Token is required\n    at Telegram.callApi (/Users/roberto/Projects/Liminal/HolonsBot/node_modules/telegraf/lib/core/network/client.js:290:19)\n    at Telegram.getMe (/Users/roberto/Projects/Liminal/HolonsBot/node_modules/telegraf/lib/telegram.js:17:21)\n    at Telegraf.launch (/Users/roberto/Projects/Liminal/HolonsBot/node_modules/telegraf/lib/telegraf.js:188:98)\n    at HolonsBot.init (file:///Users/roberto/Projects/Liminal/HolonsBot/HolonsBotLegacy.js:141:20)\n    at async startBot (file:///Users/roberto/Projects/Liminal/HolonsBot/HolonsBot.js:46:7)","timestamp":"2025-09-17 09:58:30"}
{"level":"\u001b[31merror\u001b[39m","message":"Unhandled promise rejection","reason":"401: Bot Token is required","stack":"Error: 401: Bot Token is required\n    at Telegram.callApi (/Users/roberto/Projects/Liminal/HolonsBot/node_modules/telegraf/lib/core/network/client.js:290:19)\n    at Telegram.getMe (/Users/roberto/Projects/Liminal/HolonsBot/node_modules/telegraf/lib/telegram.js:17:21)\n    at Telegraf.launch (/Users/roberto/Projects/Liminal/HolonsBot/node_modules/telegraf/lib/telegraf.js:188:98)\n    at HolonsBot.init (file:///Users/roberto/Projects/Liminal/HolonsBot/HolonsBotLegacy.js:141:20)\n    at async startBot (file:///Users/roberto/Projects/Liminal/HolonsBot/HolonsBot.js:46:7)","timestamp":"2025-09-17 09:58:30"}
{"level":"\u001b[32minfo\u001b[39m","message":"Starting HolonsBot with REFACTORED architecture","timestamp":"2025-09-17 10:02:14"}
{"appname":"Holons","level":"\u001b[32minfo\u001b[39m","message":"Starting HolonsBot initialization","timestamp":"2025-09-17 10:02:14"}
{"level":"\u001b[32minfo\u001b[39m","message":"Telegram bot initialized (not yet launched)","timestamp":"2025-09-17 10:02:14"}
{"appname":"HolonsDebug","level":"\u001b[32minfo\u001b[39m","message":"Database initialized","timestamp":"2025-09-17 10:02:14"}
{"level":"\u001b[32minfo\u001b[39m","message":"Starting HolonsBot with REFACTORED architecture","timestamp":"2025-09-17 10:02:22"}
{"appname":"Holons","level":"\u001b[32minfo\u001b[39m","message":"Starting HolonsBot initialization","timestamp":"2025-09-17 10:02:23"}
{"level":"\u001b[32minfo\u001b[39m","message":"Telegram bot initialized (not yet launched)","timestamp":"2025-09-17 10:02:23"}
{"appname":"HolonsDebug","level":"\u001b[32minfo\u001b[39m","message":"Database initialized","timestamp":"2025-09-17 10:02:23"}
{"level":"\u001b[32minfo\u001b[39m","message":"Starting HolonsBot with REFACTORED architecture","timestamp":"2025-09-17 10:02:32"}
{"appname":"Holons","level":"\u001b[32minfo\u001b[39m","message":"Starting HolonsBot initialization","timestamp":"2025-09-17 10:02:32"}
{"level":"\u001b[32minfo\u001b[39m","message":"Telegram bot initialized (not yet launched)","timestamp":"2025-09-17 10:02:32"}
{"appname":"HolonsDebug","level":"\u001b[32minfo\u001b[39m","message":"Database initialized","timestamp":"2025-09-17 10:02:32"}
{"level":"\u001b[32minfo\u001b[39m","message":"Starting HolonsBot with REFACTORED architecture","timestamp":"2025-09-17 10:02:39"}
{"appname":"Holons","level":"\u001b[32minfo\u001b[39m","message":"Starting HolonsBot initialization","timestamp":"2025-09-17 10:02:39"}
{"level":"\u001b[32minfo\u001b[39m","message":"Telegram bot initialized (not yet launched)","timestamp":"2025-09-17 10:02:39"}
{"appname":"HolonsDebug","level":"\u001b[32minfo\u001b[39m","message":"Database initialized","timestamp":"2025-09-17 10:02:39"}
{"level":"\u001b[32minfo\u001b[39m","message":"Starting HolonsBot with REFACTORED architecture","timestamp":"2025-09-17 10:11:59"}
{"appname":"Holons","level":"\u001b[32minfo\u001b[39m","message":"Starting HolonsBot initialization","timestamp":"2025-09-17 10:12:00"}
{"level":"\u001b[32minfo\u001b[39m","message":"Telegram bot initialized (not yet launched)","timestamp":"2025-09-17 10:12:00"}
{"appname":"HolonsDebug","level":"\u001b[32minfo\u001b[39m","message":"Database initialized","timestamp":"2025-09-17 10:12:00"}
{"level":"\u001b[32minfo\u001b[39m","message":"Starting HolonsBot with REFACTORED architecture","timestamp":"2025-09-17 10:12:08"}
{"appname":"Holons","level":"\u001b[32minfo\u001b[39m","message":"Starting HolonsBot initialization","timestamp":"2025-09-17 10:12:08"}
{"level":"\u001b[32minfo\u001b[39m","message":"Telegram bot initialized (not yet launched)","timestamp":"2025-09-17 10:12:08"}
{"appname":"HolonsDebug","level":"\u001b[32minfo\u001b[39m","message":"Database initialized","timestamp":"2025-09-17 10:12:08"}
{"level":"\u001b[32minfo\u001b[39m","message":"Starting HolonsBot with REFACTORED architecture","timestamp":"2025-09-17 10:12:18"}
{"appname":"Holons","level":"\u001b[32minfo\u001b[39m","message":"Starting HolonsBot initialization","timestamp":"2025-09-17 10:12:19"}
{"level":"\u001b[32minfo\u001b[39m","message":"Telegram bot initialized (not yet launched)","timestamp":"2025-09-17 10:12:19"}
{"appname":"HolonsDebug","level":"\u001b[32minfo\u001b[39m","message":"Database initialized","timestamp":"2025-09-17 10:12:19"}
{"level":"\u001b[32minfo\u001b[39m","message":"Starting HolonsBot with REFACTORED architecture","timestamp":"2025-09-17 10:12:38"}
{"appname":"Holons","level":"\u001b[32minfo\u001b[39m","message":"Starting HolonsBot initialization","timestamp":"2025-09-17 10:12:38"}
{"level":"\u001b[32minfo\u001b[39m","message":"Telegram bot initialized (not yet launched)","timestamp":"2025-09-17 10:12:38"}
{"appname":"HolonsDebug","level":"\u001b[32minfo\u001b[39m","message":"Database initialized","timestamp":"2025-09-17 10:12:38"}
{"level":"\u001b[32minfo\u001b[39m","message":"Starting HolonsBot with REFACTORED architecture","timestamp":"2025-09-17 10:12:53"}
{"appname":"Holons","level":"\u001b[32minfo\u001b[39m","message":"Starting HolonsBot initialization","timestamp":"2025-09-17 10:12:54"}
{"level":"\u001b[32minfo\u001b[39m","message":"Telegram bot initialized (not yet launched)","timestamp":"2025-09-17 10:12:54"}
{"appname":"HolonsDebug","level":"\u001b[32minfo\u001b[39m","message":"Database initialized","timestamp":"2025-09-17 10:12:54"}
{"level":"\u001b[32minfo\u001b[39m","message":"Starting HolonsBot with REFACTORED architecture","timestamp":"2025-09-17 10:13:26"}
{"appname":"Holons","level":"\u001b[32minfo\u001b[39m","message":"Starting HolonsBot initialization","timestamp":"2025-09-17 10:13:27"}
{"level":"\u001b[32minfo\u001b[39m","message":"Telegram bot initialized (not yet launched)","timestamp":"2025-09-17 10:13:27"}
{"appname":"HolonsDebug","level":"\u001b[32minfo\u001b[39m","message":"Database initialized","timestamp":"2025-09-17 10:13:27"}
{"level":"\u001b[32minfo\u001b[39m","message":"Starting HolonsBot with REFACTORED architecture","timestamp":"2025-09-17 10:13:41"}
{"appname":"Holons","level":"\u001b[32minfo\u001b[39m","message":"Starting HolonsBot initialization","timestamp":"2025-09-17 10:13:41"}
{"level":"\u001b[32minfo\u001b[39m","message":"Telegram bot initialized (not yet launched)","timestamp":"2025-09-17 10:13:41"}
{"appname":"HolonsDebug","level":"\u001b[32minfo\u001b[39m","message":"Database initialized","timestamp":"2025-09-17 10:13:42"}
{"level":"\u001b[32minfo\u001b[39m","message":"Starting HolonsBot with REFACTORED architecture","timestamp":"2025-09-17 10:13:52"}
{"appname":"Holons","level":"\u001b[32minfo\u001b[39m","message":"Starting HolonsBot initialization","timestamp":"2025-09-17 10:13:53"}
{"level":"\u001b[32minfo\u001b[39m","message":"Telegram bot initialized (not yet launched)","timestamp":"2025-09-17 10:13:53"}
{"appname":"HolonsDebug","level":"\u001b[32minfo\u001b[39m","message":"Database initialized","timestamp":"2025-09-17 10:13:53"}
{"error":"409: Conflict: terminated by other getUpdates request; make sure that only one bot instance is running","level":"\u001b[31merror\u001b[39m","message":"Failed to launch Telegram bot","timestamp":"2025-09-17 10:13:54"}
{"error":"409: Conflict: terminated by other getUpdates request; make sure that only one bot instance is running","level":"\u001b[31merror\u001b[39m","message":"Failed to initialize HolonsBot","stack":"Error: 409: Conflict: terminated by other getUpdates request; make sure that only one bot instance is running\n    at Telegram.callApi (/Users/roberto/Projects/Liminal/HolonsBot/node_modules/telegraf/lib/core/network/client.js:315:19)\n    at process.processTicksAndRejections (node:internal/process/task_queues:105:5)\n    at async [Symbol.asyncIterator] (/Users/roberto/Projects/Liminal/HolonsBot/node_modules/telegraf/lib/core/network/polling.js:30:33)\n    at async Polling.loop (/Users/roberto/Projects/Liminal/HolonsBot/node_modules/telegraf/lib/core/network/polling.js:73:30)\n    at async Telegraf.launch (/Users/roberto/Projects/Liminal/HolonsBot/node_modules/telegraf/lib/telegraf.js:194:13)\n    at async HolonsBot.launchBot (file:///Users/roberto/Projects/Liminal/HolonsBot/core/HolonsBotRefactored.js:100:7)\n    at async HolonsBot.init (file:///Users/roberto/Projects/Liminal/HolonsBot/core/HolonsBotRefactored.js:61:7)\n    at async startBot (file:///Users/roberto/Projects/Liminal/HolonsBot/HolonsBot.js:22:7)","timestamp":"2025-09-17 10:13:54"}
{"level":"\u001b[32minfo\u001b[39m","message":"Starting graceful shutdown","timestamp":"2025-09-17 10:13:54"}
{"level":"\u001b[32minfo\u001b[39m","message":"Graceful shutdown completed","timestamp":"2025-09-17 10:13:54"}
{"error":"409: Conflict: terminated by other getUpdates request; make sure that only one bot instance is running","level":"\u001b[31merror\u001b[39m","message":"Failed to start HolonsBot (Refactored)","stack":"Error: 409: Conflict: terminated by other getUpdates request; make sure that only one bot instance is running\n    at Telegram.callApi (/Users/roberto/Projects/Liminal/HolonsBot/node_modules/telegraf/lib/core/network/client.js:315:19)\n    at process.processTicksAndRejections (node:internal/process/task_queues:105:5)\n    at async [Symbol.asyncIterator] (/Users/roberto/Projects/Liminal/HolonsBot/node_modules/telegraf/lib/core/network/polling.js:30:33)\n    at async Polling.loop (/Users/roberto/Projects/Liminal/HolonsBot/node_modules/telegraf/lib/core/network/polling.js:73:30)\n    at async Telegraf.launch (/Users/roberto/Projects/Liminal/HolonsBot/node_modules/telegraf/lib/telegraf.js:194:13)\n    at async HolonsBot.launchBot (file:///Users/roberto/Projects/Liminal/HolonsBot/core/HolonsBotRefactored.js:100:7)\n    at async HolonsBot.init (file:///Users/roberto/Projects/Liminal/HolonsBot/core/HolonsBotRefactored.js:61:7)\n    at async startBot (file:///Users/roberto/Projects/Liminal/HolonsBot/HolonsBot.js:22:7)","timestamp":"2025-09-17 10:13:54"}
{"level":"\u001b[32minfo\u001b[39m","message":"Falling back to legacy architecture...","timestamp":"2025-09-17 10:13:54"}
{"level":"\u001b[31merror\u001b[39m","message":"Unhandled Promise Rejection","promise":"[object Promise]","reason":"401: Bot Token is required","stack":"Error: 401: Bot Token is required\n    at Telegram.callApi (/Users/roberto/Projects/Liminal/HolonsBot/node_modules/telegraf/lib/core/network/client.js:290:19)\n    at Telegram.getMe (/Users/roberto/Projects/Liminal/HolonsBot/node_modules/telegraf/lib/telegram.js:17:21)\n    at Telegraf.launch (/Users/roberto/Projects/Liminal/HolonsBot/node_modules/telegraf/lib/telegraf.js:188:98)\n    at HolonsBot.init (file:///Users/roberto/Projects/Liminal/HolonsBot/HolonsBotLegacy.js:141:20)\n    at async startBot (file:///Users/roberto/Projects/Liminal/HolonsBot/HolonsBot.js:46:7)","timestamp":"2025-09-17 10:13:54"}
{"level":"\u001b[32minfo\u001b[39m","message":"Starting HolonsBot with REFACTORED architecture","timestamp":"2025-09-17 10:15:43"}
{"appname":"Holons","level":"\u001b[32minfo\u001b[39m","message":"Starting HolonsBot initialization","timestamp":"2025-09-17 10:15:43"}
{"level":"\u001b[32minfo\u001b[39m","message":"Telegram bot initialized (not yet launched)","timestamp":"2025-09-17 10:15:43"}
{"appname":"HolonsDebug","level":"\u001b[32minfo\u001b[39m","message":"Database initialized","timestamp":"2025-09-17 10:15:43"}
{"error":"409: Conflict: terminated by other getUpdates request; make sure that only one bot instance is running","level":"\u001b[31merror\u001b[39m","message":"Failed to launch Telegram bot","timestamp":"2025-09-17 10:15:44"}
{"error":"409: Conflict: terminated by other getUpdates request; make sure that only one bot instance is running","level":"\u001b[31merror\u001b[39m","message":"Failed to initialize HolonsBot","stack":"Error: 409: Conflict: terminated by other getUpdates request; make sure that only one bot instance is running\n    at Telegram.callApi (/Users/roberto/Projects/Liminal/HolonsBot/node_modules/telegraf/lib/core/network/client.js:315:19)\n    at process.processTicksAndRejections (node:internal/process/task_queues:105:5)\n    at async [Symbol.asyncIterator] (/Users/roberto/Projects/Liminal/HolonsBot/node_modules/telegraf/lib/core/network/polling.js:30:33)\n    at async Polling.loop (/Users/roberto/Projects/Liminal/HolonsBot/node_modules/telegraf/lib/core/network/polling.js:73:30)\n    at async Telegraf.launch (/Users/roberto/Projects/Liminal/HolonsBot/node_modules/telegraf/lib/telegraf.js:194:13)\n    at async HolonsBot.launchBot (file:///Users/roberto/Projects/Liminal/HolonsBot/core/HolonsBotRefactored.js:100:7)\n    at async HolonsBot.init (file:///Users/roberto/Projects/Liminal/HolonsBot/core/HolonsBotRefactored.js:61:7)\n    at async startBot (file:///Users/roberto/Projects/Liminal/HolonsBot/HolonsBot.js:22:7)","timestamp":"2025-09-17 10:15:44"}
{"level":"\u001b[32minfo\u001b[39m","message":"Starting graceful shutdown","timestamp":"2025-09-17 10:15:44"}
{"level":"\u001b[32minfo\u001b[39m","message":"Graceful shutdown completed","timestamp":"2025-09-17 10:15:44"}
{"error":"409: Conflict: terminated by other getUpdates request; make sure that only one bot instance is running","level":"\u001b[31merror\u001b[39m","message":"Failed to start HolonsBot (Refactored)","stack":"Error: 409: Conflict: terminated by other getUpdates request; make sure that only one bot instance is running\n    at Telegram.callApi (/Users/roberto/Projects/Liminal/HolonsBot/node_modules/telegraf/lib/core/network/client.js:315:19)\n    at process.processTicksAndRejections (node:internal/process/task_queues:105:5)\n    at async [Symbol.asyncIterator] (/Users/roberto/Projects/Liminal/HolonsBot/node_modules/telegraf/lib/core/network/polling.js:30:33)\n    at async Polling.loop (/Users/roberto/Projects/Liminal/HolonsBot/node_modules/telegraf/lib/core/network/polling.js:73:30)\n    at async Telegraf.launch (/Users/roberto/Projects/Liminal/HolonsBot/node_modules/telegraf/lib/telegraf.js:194:13)\n    at async HolonsBot.launchBot (file:///Users/roberto/Projects/Liminal/HolonsBot/core/HolonsBotRefactored.js:100:7)\n    at async HolonsBot.init (file:///Users/roberto/Projects/Liminal/HolonsBot/core/HolonsBotRefactored.js:61:7)\n    at async startBot (file:///Users/roberto/Projects/Liminal/HolonsBot/HolonsBot.js:22:7)","timestamp":"2025-09-17 10:15:44"}
{"level":"\u001b[32minfo\u001b[39m","message":"Falling back to legacy architecture...","timestamp":"2025-09-17 10:15:44"}
{"level":"\u001b[31merror\u001b[39m","message":"Unhandled Promise Rejection","promise":"[object Promise]","reason":"401: Bot Token is required","stack":"Error: 401: Bot Token is required\n    at Telegram.callApi (/Users/roberto/Projects/Liminal/HolonsBot/node_modules/telegraf/lib/core/network/client.js:290:19)\n    at Telegram.getMe (/Users/roberto/Projects/Liminal/HolonsBot/node_modules/telegraf/lib/telegram.js:17:21)\n    at Telegraf.launch (/Users/roberto/Projects/Liminal/HolonsBot/node_modules/telegraf/lib/telegraf.js:188:98)\n    at HolonsBot.init (file:///Users/roberto/Projects/Liminal/HolonsBot/HolonsBotLegacy.js:141:20)\n    at async startBot (file:///Users/roberto/Projects/Liminal/HolonsBot/HolonsBot.js:46:7)","timestamp":"2025-09-17 10:15:44"}
{"level":"\u001b[32minfo\u001b[39m","message":"Starting HolonsBot with REFACTORED architecture","timestamp":"2025-09-17 10:16:05"}
{"appname":"Holons","level":"\u001b[32minfo\u001b[39m","message":"Starting HolonsBot initialization","timestamp":"2025-09-17 10:16:06"}
{"level":"\u001b[32minfo\u001b[39m","message":"Telegram bot initialized (not yet launched)","timestamp":"2025-09-17 10:16:06"}
{"appname":"HolonsDebug","level":"\u001b[32minfo\u001b[39m","message":"Database initialized","timestamp":"2025-09-17 10:16:06"}
{"level":"\u001b[32minfo\u001b[39m","message":"Starting HolonsBot with REFACTORED architecture","timestamp":"2025-09-17 10:16:15"}
{"appname":"Holons","level":"\u001b[32minfo\u001b[39m","message":"Starting HolonsBot initialization","timestamp":"2025-09-17 10:16:16"}
{"level":"\u001b[32minfo\u001b[39m","message":"Telegram bot initialized (not yet launched)","timestamp":"2025-09-17 10:16:16"}
{"appname":"HolonsDebug","level":"\u001b[32minfo\u001b[39m","message":"Database initialized","timestamp":"2025-09-17 10:16:16"}
{"error":"409: Conflict: terminated by other getUpdates request; make sure that only one bot instance is running","level":"\u001b[31merror\u001b[39m","message":"Failed to launch Telegram bot","timestamp":"2025-09-17 10:16:17"}
{"error":"409: Conflict: terminated by other getUpdates request; make sure that only one bot instance is running","level":"\u001b[31merror\u001b[39m","message":"Failed to initialize HolonsBot","stack":"Error: 409: Conflict: terminated by other getUpdates request; make sure that only one bot instance is running\n    at Telegram.callApi (/Users/roberto/Projects/Liminal/HolonsBot/node_modules/telegraf/lib/core/network/client.js:315:19)\n    at process.processTicksAndRejections (node:internal/process/task_queues:105:5)\n    at async [Symbol.asyncIterator] (/Users/roberto/Projects/Liminal/HolonsBot/node_modules/telegraf/lib/core/network/polling.js:30:33)\n    at async Polling.loop (/Users/roberto/Projects/Liminal/HolonsBot/node_modules/telegraf/lib/core/network/polling.js:73:30)\n    at async Telegraf.launch (/Users/roberto/Projects/Liminal/HolonsBot/node_modules/telegraf/lib/telegraf.js:194:13)\n    at async HolonsBot.launchBot (file:///Users/roberto/Projects/Liminal/HolonsBot/core/HolonsBotRefactored.js:100:7)\n    at async HolonsBot.init (file:///Users/roberto/Projects/Liminal/HolonsBot/core/HolonsBotRefactored.js:61:7)\n    at async startBot (file:///Users/roberto/Projects/Liminal/HolonsBot/HolonsBot.js:22:7)","timestamp":"2025-09-17 10:16:17"}
{"level":"\u001b[32minfo\u001b[39m","message":"Starting graceful shutdown","timestamp":"2025-09-17 10:16:17"}
{"level":"\u001b[32minfo\u001b[39m","message":"Graceful shutdown completed","timestamp":"2025-09-17 10:16:17"}
{"error":"409: Conflict: terminated by other getUpdates request; make sure that only one bot instance is running","level":"\u001b[31merror\u001b[39m","message":"Failed to start HolonsBot (Refactored)","stack":"Error: 409: Conflict: terminated by other getUpdates request; make sure that only one bot instance is running\n    at Telegram.callApi (/Users/roberto/Projects/Liminal/HolonsBot/node_modules/telegraf/lib/core/network/client.js:315:19)\n    at process.processTicksAndRejections (node:internal/process/task_queues:105:5)\n    at async [Symbol.asyncIterator] (/Users/roberto/Projects/Liminal/HolonsBot/node_modules/telegraf/lib/core/network/polling.js:30:33)\n    at async Polling.loop (/Users/roberto/Projects/Liminal/HolonsBot/node_modules/telegraf/lib/core/network/polling.js:73:30)\n    at async Telegraf.launch (/Users/roberto/Projects/Liminal/HolonsBot/node_modules/telegraf/lib/telegraf.js:194:13)\n    at async HolonsBot.launchBot (file:///Users/roberto/Projects/Liminal/HolonsBot/core/HolonsBotRefactored.js:100:7)\n    at async HolonsBot.init (file:///Users/roberto/Projects/Liminal/HolonsBot/core/HolonsBotRefactored.js:61:7)\n    at async startBot (file:///Users/roberto/Projects/Liminal/HolonsBot/HolonsBot.js:22:7)","timestamp":"2025-09-17 10:16:17"}
{"level":"\u001b[32minfo\u001b[39m","message":"Falling back to legacy architecture...","timestamp":"2025-09-17 10:16:17"}
{"level":"\u001b[31merror\u001b[39m","message":"Unhandled Promise Rejection","promise":"[object Promise]","reason":"401: Bot Token is required","stack":"Error: 401: Bot Token is required\n    at Telegram.callApi (/Users/roberto/Projects/Liminal/HolonsBot/node_modules/telegraf/lib/core/network/client.js:290:19)\n    at Telegram.getMe (/Users/roberto/Projects/Liminal/HolonsBot/node_modules/telegraf/lib/telegram.js:17:21)\n    at Telegraf.launch (/Users/roberto/Projects/Liminal/HolonsBot/node_modules/telegraf/lib/telegraf.js:188:98)\n    at HolonsBot.init (file:///Users/roberto/Projects/Liminal/HolonsBot/HolonsBotLegacy.js:141:20)\n    at async startBot (file:///Users/roberto/Projects/Liminal/HolonsBot/HolonsBot.js:46:7)","timestamp":"2025-09-17 10:16:17"}
{"level":"\u001b[32minfo\u001b[39m","message":"Starting HolonsBot with REFACTORED architecture","timestamp":"2025-09-17 10:17:09"}
{"appname":"Holons","level":"\u001b[32minfo\u001b[39m","message":"Starting HolonsBot initialization","timestamp":"2025-09-17 10:17:10"}
{"level":"\u001b[32minfo\u001b[39m","message":"Telegram bot initialized (not yet launched)","timestamp":"2025-09-17 10:17:10"}
{"appname":"HolonsDebug","level":"\u001b[32minfo\u001b[39m","message":"Database initialized","timestamp":"2025-09-17 10:17:10"}
{"error":"409: Conflict: terminated by other getUpdates request; make sure that only one bot instance is running","level":"\u001b[31merror\u001b[39m","message":"Failed to launch Telegram bot","timestamp":"2025-09-17 10:17:10"}
{"error":"409: Conflict: terminated by other getUpdates request; make sure that only one bot instance is running","level":"\u001b[31merror\u001b[39m","message":"Failed to initialize HolonsBot","stack":"Error: 409: Conflict: terminated by other getUpdates request; make sure that only one bot instance is running\n    at Telegram.callApi (/Users/roberto/Projects/Liminal/HolonsBot/node_modules/telegraf/lib/core/network/client.js:315:19)\n    at process.processTicksAndRejections (node:internal/process/task_queues:105:5)\n    at async [Symbol.asyncIterator] (/Users/roberto/Projects/Liminal/HolonsBot/node_modules/telegraf/lib/core/network/polling.js:30:33)\n    at async Polling.loop (/Users/roberto/Projects/Liminal/HolonsBot/node_modules/telegraf/lib/core/network/polling.js:73:30)\n    at async Telegraf.launch (/Users/roberto/Projects/Liminal/HolonsBot/node_modules/telegraf/lib/telegraf.js:194:13)\n    at async HolonsBot.launchBot (file:///Users/roberto/Projects/Liminal/HolonsBot/core/HolonsBotRefactored.js:100:7)\n    at async HolonsBot.init (file:///Users/roberto/Projects/Liminal/HolonsBot/core/HolonsBotRefactored.js:61:7)\n    at async startBot (file:///Users/roberto/Projects/Liminal/HolonsBot/HolonsBot.js:22:7)","timestamp":"2025-09-17 10:17:10"}
{"level":"\u001b[32minfo\u001b[39m","message":"Starting graceful shutdown","timestamp":"2025-09-17 10:17:10"}
{"level":"\u001b[32minfo\u001b[39m","message":"Graceful shutdown completed","timestamp":"2025-09-17 10:17:10"}
{"error":"409: Conflict: terminated by other getUpdates request; make sure that only one bot instance is running","level":"\u001b[31merror\u001b[39m","message":"Failed to start HolonsBot (Refactored)","stack":"Error: 409: Conflict: terminated by other getUpdates request; make sure that only one bot instance is running\n    at Telegram.callApi (/Users/roberto/Projects/Liminal/HolonsBot/node_modules/telegraf/lib/core/network/client.js:315:19)\n    at process.processTicksAndRejections (node:internal/process/task_queues:105:5)\n    at async [Symbol.asyncIterator] (/Users/roberto/Projects/Liminal/HolonsBot/node_modules/telegraf/lib/core/network/polling.js:30:33)\n    at async Polling.loop (/Users/roberto/Projects/Liminal/HolonsBot/node_modules/telegraf/lib/core/network/polling.js:73:30)\n    at async Telegraf.launch (/Users/roberto/Projects/Liminal/HolonsBot/node_modules/telegraf/lib/telegraf.js:194:13)\n    at async HolonsBot.launchBot (file:///Users/roberto/Projects/Liminal/HolonsBot/core/HolonsBotRefactored.js:100:7)\n    at async HolonsBot.init (file:///Users/roberto/Projects/Liminal/HolonsBot/core/HolonsBotRefactored.js:61:7)\n    at async startBot (file:///Users/roberto/Projects/Liminal/HolonsBot/HolonsBot.js:22:7)","timestamp":"2025-09-17 10:17:10"}
{"level":"\u001b[32minfo\u001b[39m","message":"Falling back to legacy architecture...","timestamp":"2025-09-17 10:17:10"}
{"level":"\u001b[31merror\u001b[39m","message":"Unhandled Promise Rejection","promise":"[object Promise]","reason":"401: Bot Token is required","stack":"Error: 401: Bot Token is required\n    at Telegram.callApi (/Users/roberto/Projects/Liminal/HolonsBot/node_modules/telegraf/lib/core/network/client.js:290:19)\n    at Telegram.getMe (/Users/roberto/Projects/Liminal/HolonsBot/node_modules/telegraf/lib/telegram.js:17:21)\n    at Telegraf.launch (/Users/roberto/Projects/Liminal/HolonsBot/node_modules/telegraf/lib/telegraf.js:188:98)\n    at HolonsBot.init (file:///Users/roberto/Projects/Liminal/HolonsBot/HolonsBotLegacy.js:141:20)\n    at async startBot (file:///Users/roberto/Projects/Liminal/HolonsBot/HolonsBot.js:46:7)","timestamp":"2025-09-17 10:17:11"}
{"level":"\u001b[32minfo\u001b[39m","message":"Starting HolonsBot with REFACTORED architecture","timestamp":"2025-09-17 10:35:03"}
{"appname":"Holons","level":"\u001b[32minfo\u001b[39m","message":"Starting HolonsBot initialization","timestamp":"2025-09-17 10:35:03"}
{"level":"\u001b[32minfo\u001b[39m","message":"Telegram bot initialized (not yet launched)","timestamp":"2025-09-17 10:35:03"}
{"appname":"HolonsDebug","level":"\u001b[32minfo\u001b[39m","message":"Database initialized","timestamp":"2025-09-17 10:35:03"}
{"level":"\u001b[32minfo\u001b[39m","message":"Starting HolonsBot with REFACTORED architecture","timestamp":"2025-09-17 10:35:33"}
{"appname":"Holons","level":"\u001b[32minfo\u001b[39m","message":"Starting HolonsBot initialization","timestamp":"2025-09-17 10:35:33"}
{"level":"\u001b[32minfo\u001b[39m","message":"Telegram bot initialized (not yet launched)","timestamp":"2025-09-17 10:35:33"}
{"level":"\u001b[32minfo\u001b[39m","message":"SignalManager initialized","timestamp":"2025-09-17 10:35:33"}
{"appname":"HolonsDebug","level":"\u001b[32minfo\u001b[39m","message":"Database initialized","timestamp":"2025-09-17 10:35:33"}
{"existingModule":"Settings","level":"\u001b[33mwarn\u001b[39m","message":"Signal conflict detected:","newModule":"Settings","pattern":"regex:timezone_set_(.+)","resolution":"existing wins","timestamp":"2025-09-17 10:35:33"}
{"existingModule":"Settings","level":"\u001b[33mwarn\u001b[39m","message":"Signal conflict detected:","newModule":"Settings","pattern":"string:settings_back","resolution":"existing wins","timestamp":"2025-09-17 10:35:33"}
{"existingModule":"Settings","level":"\u001b[33mwarn\u001b[39m","message":"Signal conflict detected:","newModule":"Settings","pattern":"string:settings_values_change","resolution":"existing wins","timestamp":"2025-09-17 10:35:33"}
{"existingModule":"Settings","level":"\u001b[33mwarn\u001b[39m","message":"Signal conflict detected:","newModule":"Settings","pattern":"string:settings_domains_change","resolution":"existing wins","timestamp":"2025-09-17 10:35:33"}
{"existingModule":"Settings","level":"\u001b[33mwarn\u001b[39m","message":"Signal conflict detected:","newModule":"Settings","pattern":"string:settings_roles_change","resolution":"existing wins","timestamp":"2025-09-17 10:35:33"}
{"existingModule":"Settings","level":"\u001b[33mwarn\u001b[39m","message":"Signal conflict detected:","newModule":"Settings","pattern":"string:settings_currencies_change","resolution":"existing wins","timestamp":"2025-09-17 10:35:33"}
{"existingModule":"Settings","level":"\u001b[33mwarn\u001b[39m","message":"Signal conflict detected:","newModule":"Settings","pattern":"string:add_federation","resolution":"existing wins","timestamp":"2025-09-17 10:35:33"}
{"existingModule":"Settings","level":"\u001b[33mwarn\u001b[39m","message":"Signal conflict detected:","newModule":"Settings","pattern":"string:settings_values_change","resolution":"existing wins","timestamp":"2025-09-17 10:35:33"}
{"existingModule":"Settings","level":"\u001b[33mwarn\u001b[39m","message":"Signal conflict detected:","newModule":"Settings","pattern":"string:settings_domains_change","resolution":"existing wins","timestamp":"2025-09-17 10:35:33"}
{"existingModule":"Settings","level":"\u001b[33mwarn\u001b[39m","message":"Signal conflict detected:","newModule":"Settings","pattern":"string:settings_roles_change","resolution":"existing wins","timestamp":"2025-09-17 10:35:33"}
{"existingModule":"Settings","level":"\u001b[33mwarn\u001b[39m","message":"Signal conflict detected:","newModule":"Settings","pattern":"string:settings_currencies_change","resolution":"existing wins","timestamp":"2025-09-17 10:35:33"}
{"existingModule":"Settings","level":"\u001b[33mwarn\u001b[39m","message":"Signal conflict detected:","newModule":"Settings","pattern":"string:help_add_hex","resolution":"existing wins","timestamp":"2025-09-17 10:35:33"}
{"existingModule":"Checklists","level":"\u001b[33mwarn\u001b[39m","message":"Signal conflict detected:","newModule":"Roles","pattern":"regex:back_to_role_(.+)","resolution":"existing wins","timestamp":"2025-09-17 10:35:34"}
{"existingModule":"Checklists","level":"\u001b[33mwarn\u001b[39m","message":"Signal conflict detected:","newModule":"Quests","pattern":"regex:check_(.+)","resolution":"existing wins","timestamp":"2025-09-17 10:35:34"}
{"existingModule":"Checklists","level":"\u001b[33mwarn\u001b[39m","message":"Signal conflict detected:","newModule":"Quests","pattern":"regex:add_item_to_(.+)","resolution":"existing wins","timestamp":"2025-09-17 10:35:34"}
{"existingModule":"Calendar","level":"\u001b[33mwarn\u001b[39m","message":"Signal conflict detected:","newModule":"Calendar","pattern":"regex:n_(.+)_(?:--|\\+\\+|\\+|-|0)","resolution":"existing wins","timestamp":"2025-09-17 10:35:34"}
{"existingModule":"Quests","level":"\u001b[33mwarn\u001b[39m","message":"Signal conflict detected:","newModule":"Scheduler","pattern":"regex:schedule_quest_(.+)","resolution":"existing wins","timestamp":"2025-09-17 10:35:34"}
{"level":"\u001b[32minfo\u001b[39m","message":"Starting HolonsBot with REFACTORED architecture","timestamp":"2025-09-17 10:36:05"}
{"appname":"Holons","level":"\u001b[32minfo\u001b[39m","message":"Starting HolonsBot initialization","timestamp":"2025-09-17 10:36:05"}
{"level":"\u001b[32minfo\u001b[39m","message":"Telegram bot initialized (not yet launched)","timestamp":"2025-09-17 10:36:05"}
{"level":"\u001b[32minfo\u001b[39m","message":"SignalManager initialized","timestamp":"2025-09-17 10:36:05"}
{"appname":"HolonsDebug","level":"\u001b[32minfo\u001b[39m","message":"Database initialized","timestamp":"2025-09-17 10:36:05"}
{"existingModule":"Settings","level":"\u001b[33mwarn\u001b[39m","message":"Signal conflict detected:","newModule":"Settings","pattern":"regex:timezone_set_(.+)","resolution":"existing wins","timestamp":"2025-09-17 10:36:05"}
{"existingModule":"Settings","level":"\u001b[33mwarn\u001b[39m","message":"Signal conflict detected:","newModule":"Settings","pattern":"string:settings_back","resolution":"existing wins","timestamp":"2025-09-17 10:36:05"}
{"existingModule":"Settings","level":"\u001b[33mwarn\u001b[39m","message":"Signal conflict detected:","newModule":"Settings","pattern":"string:settings_values_change","resolution":"existing wins","timestamp":"2025-09-17 10:36:05"}
{"existingModule":"Settings","level":"\u001b[33mwarn\u001b[39m","message":"Signal conflict detected:","newModule":"Settings","pattern":"string:settings_domains_change","resolution":"existing wins","timestamp":"2025-09-17 10:36:05"}
{"existingModule":"Settings","level":"\u001b[33mwarn\u001b[39m","message":"Signal conflict detected:","newModule":"Settings","pattern":"string:settings_roles_change","resolution":"existing wins","timestamp":"2025-09-17 10:36:05"}
{"existingModule":"Settings","level":"\u001b[33mwarn\u001b[39m","message":"Signal conflict detected:","newModule":"Settings","pattern":"string:settings_currencies_change","resolution":"existing wins","timestamp":"2025-09-17 10:36:05"}
{"existingModule":"Settings","level":"\u001b[33mwarn\u001b[39m","message":"Signal conflict detected:","newModule":"Settings","pattern":"string:add_federation","resolution":"existing wins","timestamp":"2025-09-17 10:36:05"}
{"existingModule":"Settings","level":"\u001b[33mwarn\u001b[39m","message":"Signal conflict detected:","newModule":"Settings","pattern":"string:settings_values_change","resolution":"existing wins","timestamp":"2025-09-17 10:36:05"}
{"existingModule":"Settings","level":"\u001b[33mwarn\u001b[39m","message":"Signal conflict detected:","newModule":"Settings","pattern":"string:settings_domains_change","resolution":"existing wins","timestamp":"2025-09-17 10:36:05"}
{"existingModule":"Settings","level":"\u001b[33mwarn\u001b[39m","message":"Signal conflict detected:","newModule":"Settings","pattern":"string:settings_roles_change","resolution":"existing wins","timestamp":"2025-09-17 10:36:05"}
{"existingModule":"Settings","level":"\u001b[33mwarn\u001b[39m","message":"Signal conflict detected:","newModule":"Settings","pattern":"string:settings_currencies_change","resolution":"existing wins","timestamp":"2025-09-17 10:36:05"}
{"existingModule":"Settings","level":"\u001b[33mwarn\u001b[39m","message":"Signal conflict detected:","newModule":"Settings","pattern":"string:help_add_hex","resolution":"existing wins","timestamp":"2025-09-17 10:36:05"}
{"existingModule":"Checklists","level":"\u001b[33mwarn\u001b[39m","message":"Signal conflict detected:","newModule":"Roles","pattern":"regex:back_to_role_(.+)","resolution":"existing wins","timestamp":"2025-09-17 10:36:06"}
{"existingModule":"Checklists","level":"\u001b[33mwarn\u001b[39m","message":"Signal conflict detected:","newModule":"Quests","pattern":"regex:check_(.+)","resolution":"existing wins","timestamp":"2025-09-17 10:36:06"}
{"existingModule":"Checklists","level":"\u001b[33mwarn\u001b[39m","message":"Signal conflict detected:","newModule":"Quests","pattern":"regex:add_item_to_(.+)","resolution":"existing wins","timestamp":"2025-09-17 10:36:06"}
{"existingModule":"Calendar","level":"\u001b[33mwarn\u001b[39m","message":"Signal conflict detected:","newModule":"Calendar","pattern":"regex:n_(.+)_(?:--|\\+\\+|\\+|-|0)","resolution":"existing wins","timestamp":"2025-09-17 10:36:06"}
{"existingModule":"Quests","level":"\u001b[33mwarn\u001b[39m","message":"Signal conflict detected:","newModule":"Scheduler","pattern":"regex:schedule_quest_(.+)","resolution":"existing wins","timestamp":"2025-09-17 10:36:06"}
{"level":"\u001b[32minfo\u001b[39m","message":"Starting HolonsBot with REFACTORED architecture","timestamp":"2025-09-17 10:36:51"}
{"appname":"Holons","level":"\u001b[32minfo\u001b[39m","message":"Starting HolonsBot initialization","timestamp":"2025-09-17 10:36:52"}
{"level":"\u001b[32minfo\u001b[39m","message":"Telegram bot initialized (not yet launched)","timestamp":"2025-09-17 10:36:52"}
{"level":"\u001b[32minfo\u001b[39m","message":"SignalManager initialized","timestamp":"2025-09-17 10:36:52"}
{"appname":"HolonsDebug","level":"\u001b[32minfo\u001b[39m","message":"Database initialized","timestamp":"2025-09-17 10:36:52"}
{"existingModule":"Settings","level":"\u001b[33mwarn\u001b[39m","message":"Signal conflict detected:","newModule":"Settings","pattern":"regex:timezone_set_(.+)","resolution":"existing wins","timestamp":"2025-09-17 10:36:52"}
{"existingModule":"Settings","level":"\u001b[33mwarn\u001b[39m","message":"Signal conflict detected:","newModule":"Settings","pattern":"string:settings_back","resolution":"existing wins","timestamp":"2025-09-17 10:36:52"}
{"existingModule":"Settings","level":"\u001b[33mwarn\u001b[39m","message":"Signal conflict detected:","newModule":"Settings","pattern":"string:settings_values_change","resolution":"existing wins","timestamp":"2025-09-17 10:36:52"}
{"existingModule":"Settings","level":"\u001b[33mwarn\u001b[39m","message":"Signal conflict detected:","newModule":"Settings","pattern":"string:settings_domains_change","resolution":"existing wins","timestamp":"2025-09-17 10:36:52"}
{"existingModule":"Settings","level":"\u001b[33mwarn\u001b[39m","message":"Signal conflict detected:","newModule":"Settings","pattern":"string:settings_roles_change","resolution":"existing wins","timestamp":"2025-09-17 10:36:52"}
{"existingModule":"Settings","level":"\u001b[33mwarn\u001b[39m","message":"Signal conflict detected:","newModule":"Settings","pattern":"string:settings_currencies_change","resolution":"existing wins","timestamp":"2025-09-17 10:36:52"}
{"existingModule":"Settings","level":"\u001b[33mwarn\u001b[39m","message":"Signal conflict detected:","newModule":"Settings","pattern":"string:add_federation","resolution":"existing wins","timestamp":"2025-09-17 10:36:52"}
{"existingModule":"Settings","level":"\u001b[33mwarn\u001b[39m","message":"Signal conflict detected:","newModule":"Settings","pattern":"string:settings_values_change","resolution":"existing wins","timestamp":"2025-09-17 10:36:52"}
{"existingModule":"Settings","level":"\u001b[33mwarn\u001b[39m","message":"Signal conflict detected:","newModule":"Settings","pattern":"string:settings_domains_change","resolution":"existing wins","timestamp":"2025-09-17 10:36:52"}
{"existingModule":"Settings","level":"\u001b[33mwarn\u001b[39m","message":"Signal conflict detected:","newModule":"Settings","pattern":"string:settings_roles_change","resolution":"existing wins","timestamp":"2025-09-17 10:36:52"}
{"existingModule":"Settings","level":"\u001b[33mwarn\u001b[39m","message":"Signal conflict detected:","newModule":"Settings","pattern":"string:settings_currencies_change","resolution":"existing wins","timestamp":"2025-09-17 10:36:52"}
{"existingModule":"Settings","level":"\u001b[33mwarn\u001b[39m","message":"Signal conflict detected:","newModule":"Settings","pattern":"string:help_add_hex","resolution":"existing wins","timestamp":"2025-09-17 10:36:52"}
{"existingModule":"Checklists","level":"\u001b[33mwarn\u001b[39m","message":"Signal conflict detected:","newModule":"Roles","pattern":"regex:back_to_role_(.+)","resolution":"existing wins","timestamp":"2025-09-17 10:36:52"}
{"existingModule":"Checklists","level":"\u001b[33mwarn\u001b[39m","message":"Signal conflict detected:","newModule":"Quests","pattern":"regex:check_(.+)","resolution":"existing wins","timestamp":"2025-09-17 10:36:52"}
{"existingModule":"Checklists","level":"\u001b[33mwarn\u001b[39m","message":"Signal conflict detected:","newModule":"Quests","pattern":"regex:add_item_to_(.+)","resolution":"existing wins","timestamp":"2025-09-17 10:36:52"}
{"existingModule":"Calendar","level":"\u001b[33mwarn\u001b[39m","message":"Signal conflict detected:","newModule":"Calendar","pattern":"regex:n_(.+)_(?:--|\\+\\+|\\+|-|0)","resolution":"existing wins","timestamp":"2025-09-17 10:36:52"}
{"existingModule":"Quests","level":"\u001b[33mwarn\u001b[39m","message":"Signal conflict detected:","newModule":"Scheduler","pattern":"regex:schedule_quest_(.+)","resolution":"existing wins","timestamp":"2025-09-17 10:36:52"}
{"level":"\u001b[32minfo\u001b[39m","message":"Starting HolonsBot with REFACTORED architecture","timestamp":"2025-09-17 10:37:50"}
{"appname":"Holons","level":"\u001b[32minfo\u001b[39m","message":"Starting HolonsBot initialization","timestamp":"2025-09-17 10:37:51"}
{"level":"\u001b[32minfo\u001b[39m","message":"Telegram bot initialized (not yet launched)","timestamp":"2025-09-17 10:37:51"}
{"level":"\u001b[32minfo\u001b[39m","message":"SignalManager initialized","timestamp":"2025-09-17 10:37:51"}
{"appname":"HolonsDebug","level":"\u001b[32minfo\u001b[39m","message":"Database initialized","timestamp":"2025-09-17 10:37:51"}
{"existingModule":"Settings","level":"\u001b[33mwarn\u001b[39m","message":"Signal conflict detected:","newModule":"Settings","pattern":"regex:timezone_set_(.+)","resolution":"existing wins","timestamp":"2025-09-17 10:37:51"}
{"existingModule":"Settings","level":"\u001b[33mwarn\u001b[39m","message":"Signal conflict detected:","newModule":"Settings","pattern":"string:settings_back","resolution":"existing wins","timestamp":"2025-09-17 10:37:51"}
{"existingModule":"Settings","level":"\u001b[33mwarn\u001b[39m","message":"Signal conflict detected:","newModule":"Settings","pattern":"string:settings_values_change","resolution":"existing wins","timestamp":"2025-09-17 10:37:51"}
{"existingModule":"Settings","level":"\u001b[33mwarn\u001b[39m","message":"Signal conflict detected:","newModule":"Settings","pattern":"string:settings_domains_change","resolution":"existing wins","timestamp":"2025-09-17 10:37:51"}
{"existingModule":"Settings","level":"\u001b[33mwarn\u001b[39m","message":"Signal conflict detected:","newModule":"Settings","pattern":"string:settings_roles_change","resolution":"existing wins","timestamp":"2025-09-17 10:37:51"}
{"existingModule":"Settings","level":"\u001b[33mwarn\u001b[39m","message":"Signal conflict detected:","newModule":"Settings","pattern":"string:settings_currencies_change","resolution":"existing wins","timestamp":"2025-09-17 10:37:51"}
{"existingModule":"Settings","level":"\u001b[33mwarn\u001b[39m","message":"Signal conflict detected:","newModule":"Settings","pattern":"string:add_federation","resolution":"existing wins","timestamp":"2025-09-17 10:37:51"}
{"existingModule":"Settings","level":"\u001b[33mwarn\u001b[39m","message":"Signal conflict detected:","newModule":"Settings","pattern":"string:settings_values_change","resolution":"existing wins","timestamp":"2025-09-17 10:37:51"}
{"existingModule":"Settings","level":"\u001b[33mwarn\u001b[39m","message":"Signal conflict detected:","newModule":"Settings","pattern":"string:settings_domains_change","resolution":"existing wins","timestamp":"2025-09-17 10:37:51"}
{"existingModule":"Settings","level":"\u001b[33mwarn\u001b[39m","message":"Signal conflict detected:","newModule":"Settings","pattern":"string:settings_roles_change","resolution":"existing wins","timestamp":"2025-09-17 10:37:51"}
{"existingModule":"Settings","level":"\u001b[33mwarn\u001b[39m","message":"Signal conflict detected:","newModule":"Settings","pattern":"string:settings_currencies_change","resolution":"existing wins","timestamp":"2025-09-17 10:37:51"}
{"existingModule":"Settings","level":"\u001b[33mwarn\u001b[39m","message":"Signal conflict detected:","newModule":"Settings","pattern":"string:help_add_hex","resolution":"existing wins","timestamp":"2025-09-17 10:37:51"}
{"existingModule":"Checklists","level":"\u001b[33mwarn\u001b[39m","message":"Signal conflict detected:","newModule":"Roles","pattern":"regex:back_to_role_(.+)","resolution":"existing wins","timestamp":"2025-09-17 10:37:51"}
{"existingModule":"Checklists","level":"\u001b[33mwarn\u001b[39m","message":"Signal conflict detected:","newModule":"Quests","pattern":"regex:check_(.+)","resolution":"existing wins","timestamp":"2025-09-17 10:37:51"}
{"existingModule":"Checklists","level":"\u001b[33mwarn\u001b[39m","message":"Signal conflict detected:","newModule":"Quests","pattern":"regex:add_item_to_(.+)","resolution":"existing wins","timestamp":"2025-09-17 10:37:51"}
{"existingModule":"Calendar","level":"\u001b[33mwarn\u001b[39m","message":"Signal conflict detected:","newModule":"Calendar","pattern":"regex:n_(.+)_(?:--|\\+\\+|\\+|-|0)","resolution":"existing wins","timestamp":"2025-09-17 10:37:51"}
{"existingModule":"Quests","level":"\u001b[33mwarn\u001b[39m","message":"Signal conflict detected:","newModule":"Scheduler","pattern":"regex:schedule_quest_(.+)","resolution":"existing wins","timestamp":"2025-09-17 10:37:51"}
{"level":"\u001b[32minfo\u001b[39m","message":"Starting HolonsBot with REFACTORED architecture","timestamp":"2025-09-17 10:40:18"}
{"appname":"Holons","level":"\u001b[32minfo\u001b[39m","message":"Starting HolonsBot initialization","timestamp":"2025-09-17 10:40:19"}
{"level":"\u001b[32minfo\u001b[39m","message":"Telegram bot initialized (not yet launched)","timestamp":"2025-09-17 10:40:19"}
{"level":"\u001b[32minfo\u001b[39m","message":"SignalManager initialized","timestamp":"2025-09-17 10:40:19"}
{"appname":"HolonsDebug","level":"\u001b[32minfo\u001b[39m","message":"Database initialized","timestamp":"2025-09-17 10:40:19"}
{"existingModule":"Settings","level":"\u001b[33mwarn\u001b[39m","message":"Signal conflict detected:","newModule":"Settings","pattern":"regex:timezone_set_(.+)","resolution":"existing wins","timestamp":"2025-09-17 10:40:19"}
{"existingModule":"Settings","level":"\u001b[33mwarn\u001b[39m","message":"Signal conflict detected:","newModule":"Settings","pattern":"string:settings_back","resolution":"existing wins","timestamp":"2025-09-17 10:40:19"}
{"existingModule":"Settings","level":"\u001b[33mwarn\u001b[39m","message":"Signal conflict detected:","newModule":"Settings","pattern":"string:settings_values_change","resolution":"existing wins","timestamp":"2025-09-17 10:40:19"}
{"existingModule":"Settings","level":"\u001b[33mwarn\u001b[39m","message":"Signal conflict detected:","newModule":"Settings","pattern":"string:settings_domains_change","resolution":"existing wins","timestamp":"2025-09-17 10:40:19"}
{"existingModule":"Settings","level":"\u001b[33mwarn\u001b[39m","message":"Signal conflict detected:","newModule":"Settings","pattern":"string:settings_roles_change","resolution":"existing wins","timestamp":"2025-09-17 10:40:19"}
{"existingModule":"Settings","level":"\u001b[33mwarn\u001b[39m","message":"Signal conflict detected:","newModule":"Settings","pattern":"string:settings_currencies_change","resolution":"existing wins","timestamp":"2025-09-17 10:40:19"}
{"existingModule":"Settings","level":"\u001b[33mwarn\u001b[39m","message":"Signal conflict detected:","newModule":"Settings","pattern":"string:add_federation","resolution":"existing wins","timestamp":"2025-09-17 10:40:19"}
{"existingModule":"Settings","level":"\u001b[33mwarn\u001b[39m","message":"Signal conflict detected:","newModule":"Settings","pattern":"string:settings_values_change","resolution":"existing wins","timestamp":"2025-09-17 10:40:19"}
{"existingModule":"Settings","level":"\u001b[33mwarn\u001b[39m","message":"Signal conflict detected:","newModule":"Settings","pattern":"string:settings_domains_change","resolution":"existing wins","timestamp":"2025-09-17 10:40:19"}
{"existingModule":"Settings","level":"\u001b[33mwarn\u001b[39m","message":"Signal conflict detected:","newModule":"Settings","pattern":"string:settings_roles_change","resolution":"existing wins","timestamp":"2025-09-17 10:40:19"}
{"existingModule":"Settings","level":"\u001b[33mwarn\u001b[39m","message":"Signal conflict detected:","newModule":"Settings","pattern":"string:settings_currencies_change","resolution":"existing wins","timestamp":"2025-09-17 10:40:19"}
{"existingModule":"Settings","level":"\u001b[33mwarn\u001b[39m","message":"Signal conflict detected:","newModule":"Settings","pattern":"string:help_add_hex","resolution":"existing wins","timestamp":"2025-09-17 10:40:19"}
{"existingModule":"Checklists","level":"\u001b[33mwarn\u001b[39m","message":"Signal conflict detected:","newModule":"Roles","pattern":"regex:back_to_role_(.+)","resolution":"existing wins","timestamp":"2025-09-17 10:40:19"}
{"existingModule":"Checklists","level":"\u001b[33mwarn\u001b[39m","message":"Signal conflict detected:","newModule":"Quests","pattern":"regex:check_(.+)","resolution":"existing wins","timestamp":"2025-09-17 10:40:19"}
{"existingModule":"Checklists","level":"\u001b[33mwarn\u001b[39m","message":"Signal conflict detected:","newModule":"Quests","pattern":"regex:add_item_to_(.+)","resolution":"existing wins","timestamp":"2025-09-17 10:40:19"}
{"existingModule":"Checklists","level":"\u001b[33mwarn\u001b[39m","message":"Signal conflict detected:","newModule":"Quests","pattern":"regex:back_to_quest_(.+)","resolution":"existing wins","timestamp":"2025-09-17 10:40:19"}
{"existingModule":"Calendar","level":"\u001b[33mwarn\u001b[39m","message":"Signal conflict detected:","newModule":"Calendar","pattern":"regex:n_(.+)_(?:--|\\+\\+|\\+|-|0)","resolution":"existing wins","timestamp":"2025-09-17 10:40:19"}
{"existingModule":"Quests","level":"\u001b[33mwarn\u001b[39m","message":"Signal conflict detected:","newModule":"Scheduler","pattern":"regex:schedule_quest_(.+)","resolution":"existing wins","timestamp":"2025-09-17 10:40:19"}
{"level":"\u001b[32minfo\u001b[39m","message":"Starting HolonsBot with REFACTORED architecture","timestamp":"2025-09-17 10:40:31"}
{"appname":"Holons","level":"\u001b[32minfo\u001b[39m","message":"Starting HolonsBot initialization","timestamp":"2025-09-17 10:40:31"}
{"level":"\u001b[32minfo\u001b[39m","message":"Telegram bot initialized (not yet launched)","timestamp":"2025-09-17 10:40:31"}
{"level":"\u001b[32minfo\u001b[39m","message":"SignalManager initialized","timestamp":"2025-09-17 10:40:31"}
{"appname":"HolonsDebug","level":"\u001b[32minfo\u001b[39m","message":"Database initialized","timestamp":"2025-09-17 10:40:31"}
{"existingModule":"Settings","level":"\u001b[33mwarn\u001b[39m","message":"Signal conflict detected:","newModule":"Settings","pattern":"regex:timezone_set_(.+)","resolution":"existing wins","timestamp":"2025-09-17 10:40:31"}
{"existingModule":"Settings","level":"\u001b[33mwarn\u001b[39m","message":"Signal conflict detected:","newModule":"Settings","pattern":"string:settings_back","resolution":"existing wins","timestamp":"2025-09-17 10:40:31"}
{"existingModule":"Settings","level":"\u001b[33mwarn\u001b[39m","message":"Signal conflict detected:","newModule":"Settings","pattern":"string:settings_values_change","resolution":"existing wins","timestamp":"2025-09-17 10:40:31"}
{"existingModule":"Settings","level":"\u001b[33mwarn\u001b[39m","message":"Signal conflict detected:","newModule":"Settings","pattern":"string:settings_domains_change","resolution":"existing wins","timestamp":"2025-09-17 10:40:31"}
{"existingModule":"Settings","level":"\u001b[33mwarn\u001b[39m","message":"Signal conflict detected:","newModule":"Settings","pattern":"string:settings_roles_change","resolution":"existing wins","timestamp":"2025-09-17 10:40:31"}
{"existingModule":"Settings","level":"\u001b[33mwarn\u001b[39m","message":"Signal conflict detected:","newModule":"Settings","pattern":"string:settings_currencies_change","resolution":"existing wins","timestamp":"2025-09-17 10:40:31"}
{"existingModule":"Settings","level":"\u001b[33mwarn\u001b[39m","message":"Signal conflict detected:","newModule":"Settings","pattern":"string:add_federation","resolution":"existing wins","timestamp":"2025-09-17 10:40:31"}
{"existingModule":"Settings","level":"\u001b[33mwarn\u001b[39m","message":"Signal conflict detected:","newModule":"Settings","pattern":"string:settings_values_change","resolution":"existing wins","timestamp":"2025-09-17 10:40:31"}
{"existingModule":"Settings","level":"\u001b[33mwarn\u001b[39m","message":"Signal conflict detected:","newModule":"Settings","pattern":"string:settings_domains_change","resolution":"existing wins","timestamp":"2025-09-17 10:40:31"}
{"existingModule":"Settings","level":"\u001b[33mwarn\u001b[39m","message":"Signal conflict detected:","newModule":"Settings","pattern":"string:settings_roles_change","resolution":"existing wins","timestamp":"2025-09-17 10:40:31"}
{"existingModule":"Settings","level":"\u001b[33mwarn\u001b[39m","message":"Signal conflict detected:","newModule":"Settings","pattern":"string:settings_currencies_change","resolution":"existing wins","timestamp":"2025-09-17 10:40:31"}
{"existingModule":"Settings","level":"\u001b[33mwarn\u001b[39m","message":"Signal conflict detected:","newModule":"Settings","pattern":"string:help_add_hex","resolution":"existing wins","timestamp":"2025-09-17 10:40:31"}
{"existingModule":"Checklists","level":"\u001b[33mwarn\u001b[39m","message":"Signal conflict detected:","newModule":"Roles","pattern":"regex:back_to_role_(.+)","resolution":"existing wins","timestamp":"2025-09-17 10:40:32"}
{"existingModule":"Checklists","level":"\u001b[33mwarn\u001b[39m","message":"Signal conflict detected:","newModule":"Quests","pattern":"regex:check_(.+)","resolution":"existing wins","timestamp":"2025-09-17 10:40:32"}
{"existingModule":"Checklists","level":"\u001b[33mwarn\u001b[39m","message":"Signal conflict detected:","newModule":"Quests","pattern":"regex:add_item_to_(.+)","resolution":"existing wins","timestamp":"2025-09-17 10:40:32"}
{"existingModule":"Checklists","level":"\u001b[33mwarn\u001b[39m","message":"Signal conflict detected:","newModule":"Quests","pattern":"regex:back_to_quest_(.+)","resolution":"existing wins","timestamp":"2025-09-17 10:40:32"}
{"existingModule":"Calendar","level":"\u001b[33mwarn\u001b[39m","message":"Signal conflict detected:","newModule":"Calendar","pattern":"regex:n_(.+)_(?:--|\\+\\+|\\+|-|0)","resolution":"existing wins","timestamp":"2025-09-17 10:40:32"}
{"existingModule":"Quests","level":"\u001b[33mwarn\u001b[39m","message":"Signal conflict detected:","newModule":"Scheduler","pattern":"regex:schedule_quest_(.+)","resolution":"existing wins","timestamp":"2025-09-17 10:40:32"}
{"level":"\u001b[32minfo\u001b[39m","message":"Starting HolonsBot with REFACTORED architecture","timestamp":"2025-09-17 10:40:43"}
{"appname":"Holons","level":"\u001b[32minfo\u001b[39m","message":"Starting HolonsBot initialization","timestamp":"2025-09-17 10:40:43"}
{"level":"\u001b[32minfo\u001b[39m","message":"Telegram bot initialized (not yet launched)","timestamp":"2025-09-17 10:40:43"}
{"level":"\u001b[32minfo\u001b[39m","message":"SignalManager initialized","timestamp":"2025-09-17 10:40:43"}
{"appname":"HolonsDebug","level":"\u001b[32minfo\u001b[39m","message":"Database initialized","timestamp":"2025-09-17 10:40:43"}
{"existingModule":"Settings","level":"\u001b[33mwarn\u001b[39m","message":"Signal conflict detected:","newModule":"Settings","pattern":"regex:timezone_set_(.+)","resolution":"existing wins","timestamp":"2025-09-17 10:40:44"}
{"existingModule":"Settings","level":"\u001b[33mwarn\u001b[39m","message":"Signal conflict detected:","newModule":"Settings","pattern":"string:settings_back","resolution":"existing wins","timestamp":"2025-09-17 10:40:44"}
{"existingModule":"Settings","level":"\u001b[33mwarn\u001b[39m","message":"Signal conflict detected:","newModule":"Settings","pattern":"string:settings_values_change","resolution":"existing wins","timestamp":"2025-09-17 10:40:44"}
{"existingModule":"Settings","level":"\u001b[33mwarn\u001b[39m","message":"Signal conflict detected:","newModule":"Settings","pattern":"string:settings_domains_change","resolution":"existing wins","timestamp":"2025-09-17 10:40:44"}
{"existingModule":"Settings","level":"\u001b[33mwarn\u001b[39m","message":"Signal conflict detected:","newModule":"Settings","pattern":"string:settings_roles_change","resolution":"existing wins","timestamp":"2025-09-17 10:40:44"}
{"existingModule":"Settings","level":"\u001b[33mwarn\u001b[39m","message":"Signal conflict detected:","newModule":"Settings","pattern":"string:settings_currencies_change","resolution":"existing wins","timestamp":"2025-09-17 10:40:44"}
{"existingModule":"Settings","level":"\u001b[33mwarn\u001b[39m","message":"Signal conflict detected:","newModule":"Settings","pattern":"string:add_federation","resolution":"existing wins","timestamp":"2025-09-17 10:40:44"}
{"existingModule":"Settings","level":"\u001b[33mwarn\u001b[39m","message":"Signal conflict detected:","newModule":"Settings","pattern":"string:settings_values_change","resolution":"existing wins","timestamp":"2025-09-17 10:40:44"}
{"existingModule":"Settings","level":"\u001b[33mwarn\u001b[39m","message":"Signal conflict detected:","newModule":"Settings","pattern":"string:settings_domains_change","resolution":"existing wins","timestamp":"2025-09-17 10:40:44"}
{"existingModule":"Settings","level":"\u001b[33mwarn\u001b[39m","message":"Signal conflict detected:","newModule":"Settings","pattern":"string:settings_roles_change","resolution":"existing wins","timestamp":"2025-09-17 10:40:44"}
{"existingModule":"Settings","level":"\u001b[33mwarn\u001b[39m","message":"Signal conflict detected:","newModule":"Settings","pattern":"string:settings_currencies_change","resolution":"existing wins","timestamp":"2025-09-17 10:40:44"}
{"existingModule":"Settings","level":"\u001b[33mwarn\u001b[39m","message":"Signal conflict detected:","newModule":"Settings","pattern":"string:help_add_hex","resolution":"existing wins","timestamp":"2025-09-17 10:40:44"}
{"existingModule":"Checklists","level":"\u001b[33mwarn\u001b[39m","message":"Signal conflict detected:","newModule":"Roles","pattern":"regex:back_to_role_(.+)","resolution":"existing wins","timestamp":"2025-09-17 10:40:44"}
{"existingModule":"Checklists","level":"\u001b[33mwarn\u001b[39m","message":"Signal conflict detected:","newModule":"Quests","pattern":"regex:check_(.+)","resolution":"existing wins","timestamp":"2025-09-17 10:40:44"}
{"existingModule":"Checklists","level":"\u001b[33mwarn\u001b[39m","message":"Signal conflict detected:","newModule":"Quests","pattern":"regex:add_item_to_(.+)","resolution":"existing wins","timestamp":"2025-09-17 10:40:44"}
{"existingModule":"Checklists","level":"\u001b[33mwarn\u001b[39m","message":"Signal conflict detected:","newModule":"Quests","pattern":"regex:back_to_quest_(.+)","resolution":"existing wins","timestamp":"2025-09-17 10:40:44"}
{"existingModule":"Calendar","level":"\u001b[33mwarn\u001b[39m","message":"Signal conflict detected:","newModule":"Calendar","pattern":"regex:n_(.+)_(?:--|\\+\\+|\\+|-|0)","resolution":"existing wins","timestamp":"2025-09-17 10:40:44"}
{"existingModule":"Quests","level":"\u001b[33mwarn\u001b[39m","message":"Signal conflict detected:","newModule":"Scheduler","pattern":"regex:schedule_quest_(.+)","resolution":"existing wins","timestamp":"2025-09-17 10:40:44"}
{"level":"\u001b[32minfo\u001b[39m","message":"Starting HolonsBot with REFACTORED architecture","timestamp":"2025-09-17 10:40:57"}
{"appname":"Holons","level":"\u001b[32minfo\u001b[39m","message":"Starting HolonsBot initialization","timestamp":"2025-09-17 10:40:57"}
{"level":"\u001b[32minfo\u001b[39m","message":"Telegram bot initialized (not yet launched)","timestamp":"2025-09-17 10:40:57"}
{"level":"\u001b[32minfo\u001b[39m","message":"SignalManager initialized","timestamp":"2025-09-17 10:40:57"}
{"appname":"HolonsDebug","level":"\u001b[32minfo\u001b[39m","message":"Database initialized","timestamp":"2025-09-17 10:40:57"}
{"existingModule":"Settings","existingSpecificity":13,"level":"\u001b[33mwarn\u001b[39m","message":"Signal conflict detected:","newModule":"Settings","newSpecificity":13,"pattern":"regex:timezone_set_(.+)","resolution":"existing wins","timestamp":"2025-09-17 10:40:57"}
{"existingModule":"Settings","existingSpecificity":13,"level":"\u001b[33mwarn\u001b[39m","message":"Signal conflict detected:","newModule":"Settings","newSpecificity":13,"pattern":"string:settings_back","resolution":"existing wins","timestamp":"2025-09-17 10:40:57"}
{"existingModule":"Settings","existingSpecificity":22,"level":"\u001b[33mwarn\u001b[39m","message":"Signal conflict detected:","newModule":"Settings","newSpecificity":22,"pattern":"string:settings_values_change","resolution":"existing wins","timestamp":"2025-09-17 10:40:57"}
{"existingModule":"Settings","existingSpecificity":23,"level":"\u001b[33mwarn\u001b[39m","message":"Signal conflict detected:","newModule":"Settings","newSpecificity":23,"pattern":"string:settings_domains_change","resolution":"existing wins","timestamp":"2025-09-17 10:40:57"}
{"existingModule":"Settings","existingSpecificity":21,"level":"\u001b[33mwarn\u001b[39m","message":"Signal conflict detected:","newModule":"Settings","newSpecificity":21,"pattern":"string:settings_roles_change","resolution":"existing wins","timestamp":"2025-09-17 10:40:57"}
{"existingModule":"Settings","existingSpecificity":26,"level":"\u001b[33mwarn\u001b[39m","message":"Signal conflict detected:","newModule":"Settings","newSpecificity":26,"pattern":"string:settings_currencies_change","resolution":"existing wins","timestamp":"2025-09-17 10:40:57"}
{"existingModule":"Settings","existingSpecificity":14,"level":"\u001b[33mwarn\u001b[39m","message":"Signal conflict detected:","newModule":"Settings","newSpecificity":14,"pattern":"string:add_federation","resolution":"existing wins","timestamp":"2025-09-17 10:40:57"}
{"existingModule":"Settings","existingSpecificity":22,"level":"\u001b[33mwarn\u001b[39m","message":"Signal conflict detected:","newModule":"Settings","newSpecificity":22,"pattern":"string:settings_values_change","resolution":"existing wins","timestamp":"2025-09-17 10:40:57"}
{"existingModule":"Settings","existingSpecificity":23,"level":"\u001b[33mwarn\u001b[39m","message":"Signal conflict detected:","newModule":"Settings","newSpecificity":23,"pattern":"string:settings_domains_change","resolution":"existing wins","timestamp":"2025-09-17 10:40:57"}
{"existingModule":"Settings","existingSpecificity":21,"level":"\u001b[33mwarn\u001b[39m","message":"Signal conflict detected:","newModule":"Settings","newSpecificity":21,"pattern":"string:settings_roles_change","resolution":"existing wins","timestamp":"2025-09-17 10:40:57"}
{"existingModule":"Settings","existingSpecificity":26,"level":"\u001b[33mwarn\u001b[39m","message":"Signal conflict detected:","newModule":"Settings","newSpecificity":26,"pattern":"string:settings_currencies_change","resolution":"existing wins","timestamp":"2025-09-17 10:40:57"}
{"existingModule":"Settings","existingSpecificity":12,"level":"\u001b[33mwarn\u001b[39m","message":"Signal conflict detected:","newModule":"Settings","newSpecificity":12,"pattern":"string:help_add_hex","resolution":"existing wins","timestamp":"2025-09-17 10:40:57"}
{"existingModule":"Checklists","existingSpecificity":23,"level":"\u001b[33mwarn\u001b[39m","message":"Signal conflict detected:","newModule":"Roles","newSpecificity":23,"pattern":"regex:back_to_role_(.+)","resolution":"existing wins","timestamp":"2025-09-17 10:40:58"}
{"existingModule":"Checklists","existingSpecificity":6,"level":"\u001b[33mwarn\u001b[39m","message":"Signal conflict detected:","newModule":"Quests","newSpecificity":6,"pattern":"regex:check_(.+)","resolution":"existing wins","timestamp":"2025-09-17 10:40:58"}
{"existingModule":"Checklists","existingSpecificity":12,"level":"\u001b[33mwarn\u001b[39m","message":"Signal conflict detected:","newModule":"Quests","newSpecificity":12,"pattern":"regex:add_item_to_(.+)","resolution":"existing wins","timestamp":"2025-09-17 10:40:58"}
{"existingModule":"Checklists","existingSpecificity":24,"level":"\u001b[33mwarn\u001b[39m","message":"Signal conflict detected:","newModule":"Quests","newSpecificity":24,"pattern":"regex:back_to_quest_(.+)","resolution":"existing wins","timestamp":"2025-09-17 10:40:58"}
{"existingModule":"Calendar","existingSpecificity":3,"level":"\u001b[33mwarn\u001b[39m","message":"Signal conflict detected:","newModule":"Calendar","newSpecificity":3,"pattern":"regex:n_(.+)_(?:--|\\+\\+|\\+|-|0)","resolution":"existing wins","timestamp":"2025-09-17 10:40:58"}
{"existingModule":"Quests","existingSpecificity":15,"level":"\u001b[33mwarn\u001b[39m","message":"Signal conflict detected:","newModule":"Scheduler","newSpecificity":15,"pattern":"regex:schedule_quest_(.+)","resolution":"existing wins","timestamp":"2025-09-17 10:40:58"}
{"level":"\u001b[32minfo\u001b[39m","message":"Starting HolonsBot with REFACTORED architecture","timestamp":"2025-09-17 10:41:23"}
{"appname":"Holons","level":"\u001b[32minfo\u001b[39m","message":"Starting HolonsBot initialization","timestamp":"2025-09-17 10:41:24"}
{"level":"\u001b[32minfo\u001b[39m","message":"Telegram bot initialized (not yet launched)","timestamp":"2025-09-17 10:41:24"}
{"level":"\u001b[32minfo\u001b[39m","message":"SignalManager initialized","timestamp":"2025-09-17 10:41:24"}
{"appname":"HolonsDebug","level":"\u001b[32minfo\u001b[39m","message":"Database initialized","timestamp":"2025-09-17 10:41:24"}
{"existingModule":"Settings","existingSpecificity":13,"level":"\u001b[33mwarn\u001b[39m","message":"Signal conflict detected:","newModule":"Settings","newSpecificity":13,"pattern":"regex:timezone_set_(.+)","resolution":"existing wins","timestamp":"2025-09-17 10:41:24"}
{"existingModule":"Settings","existingSpecificity":13,"level":"\u001b[33mwarn\u001b[39m","message":"Signal conflict detected:","newModule":"Settings","newSpecificity":13,"pattern":"string:settings_back","resolution":"existing wins","timestamp":"2025-09-17 10:41:24"}
{"existingModule":"Settings","existingSpecificity":22,"level":"\u001b[33mwarn\u001b[39m","message":"Signal conflict detected:","newModule":"Settings","newSpecificity":22,"pattern":"string:settings_values_change","resolution":"existing wins","timestamp":"2025-09-17 10:41:24"}
{"existingModule":"Settings","existingSpecificity":23,"level":"\u001b[33mwarn\u001b[39m","message":"Signal conflict detected:","newModule":"Settings","newSpecificity":23,"pattern":"string:settings_domains_change","resolution":"existing wins","timestamp":"2025-09-17 10:41:24"}
{"existingModule":"Settings","existingSpecificity":21,"level":"\u001b[33mwarn\u001b[39m","message":"Signal conflict detected:","newModule":"Settings","newSpecificity":21,"pattern":"string:settings_roles_change","resolution":"existing wins","timestamp":"2025-09-17 10:41:24"}
{"existingModule":"Settings","existingSpecificity":26,"level":"\u001b[33mwarn\u001b[39m","message":"Signal conflict detected:","newModule":"Settings","newSpecificity":26,"pattern":"string:settings_currencies_change","resolution":"existing wins","timestamp":"2025-09-17 10:41:24"}
{"existingModule":"Settings","existingSpecificity":14,"level":"\u001b[33mwarn\u001b[39m","message":"Signal conflict detected:","newModule":"Settings","newSpecificity":14,"pattern":"string:add_federation","resolution":"existing wins","timestamp":"2025-09-17 10:41:24"}
{"existingModule":"Settings","existingSpecificity":22,"level":"\u001b[33mwarn\u001b[39m","message":"Signal conflict detected:","newModule":"Settings","newSpecificity":22,"pattern":"string:settings_values_change","resolution":"existing wins","timestamp":"2025-09-17 10:41:24"}
{"existingModule":"Settings","existingSpecificity":23,"level":"\u001b[33mwarn\u001b[39m","message":"Signal conflict detected:","newModule":"Settings","newSpecificity":23,"pattern":"string:settings_domains_change","resolution":"existing wins","timestamp":"2025-09-17 10:41:24"}
{"existingModule":"Settings","existingSpecificity":21,"level":"\u001b[33mwarn\u001b[39m","message":"Signal conflict detected:","newModule":"Settings","newSpecificity":21,"pattern":"string:settings_roles_change","resolution":"existing wins","timestamp":"2025-09-17 10:41:24"}
{"existingModule":"Settings","existingSpecificity":26,"level":"\u001b[33mwarn\u001b[39m","message":"Signal conflict detected:","newModule":"Settings","newSpecificity":26,"pattern":"string:settings_currencies_change","resolution":"existing wins","timestamp":"2025-09-17 10:41:24"}
{"existingModule":"Settings","existingSpecificity":12,"level":"\u001b[33mwarn\u001b[39m","message":"Signal conflict detected:","newModule":"Settings","newSpecificity":12,"pattern":"string:help_add_hex","resolution":"existing wins","timestamp":"2025-09-17 10:41:24"}
{"existingModule":"Checklists","existingSpecificity":23,"level":"\u001b[33mwarn\u001b[39m","message":"Signal conflict detected:","newModule":"Roles","newSpecificity":23,"pattern":"regex:back_to_role_(.+)","resolution":"existing wins","timestamp":"2025-09-17 10:41:24"}
{"existingModule":"Checklists","existingSpecificity":6,"level":"\u001b[33mwarn\u001b[39m","message":"Signal conflict detected:","newModule":"Quests","newSpecificity":6,"pattern":"regex:check_(.+)","resolution":"existing wins","timestamp":"2025-09-17 10:41:24"}
{"existingModule":"Checklists","existingSpecificity":12,"level":"\u001b[33mwarn\u001b[39m","message":"Signal conflict detected:","newModule":"Quests","newSpecificity":12,"pattern":"regex:add_item_to_(.+)","resolution":"existing wins","timestamp":"2025-09-17 10:41:24"}
{"existingModule":"Checklists","existingSpecificity":24,"level":"\u001b[33mwarn\u001b[39m","message":"Signal conflict detected:","newModule":"Quests","newSpecificity":24,"pattern":"regex:back_to_quest_(.+)","resolution":"existing wins","timestamp":"2025-09-17 10:41:24"}
{"existingModule":"Calendar","existingSpecificity":3,"level":"\u001b[33mwarn\u001b[39m","message":"Signal conflict detected:","newModule":"Calendar","newSpecificity":3,"pattern":"regex:n_(.+)_(?:--|\\+\\+|\\+|-|0)","resolution":"existing wins","timestamp":"2025-09-17 10:41:24"}
{"existingModule":"Quests","existingSpecificity":15,"level":"\u001b[33mwarn\u001b[39m","message":"Signal conflict detected:","newModule":"Scheduler","newSpecificity":15,"pattern":"regex:schedule_quest_(.+)","resolution":"existing wins","timestamp":"2025-09-17 10:41:24"}
{"level":"\u001b[32minfo\u001b[39m","message":"Starting HolonsBot with REFACTORED architecture","timestamp":"2025-09-17 10:41:47"}
{"appname":"Holons","level":"\u001b[32minfo\u001b[39m","message":"Starting HolonsBot initialization","timestamp":"2025-09-17 10:41:48"}
{"level":"\u001b[32minfo\u001b[39m","message":"Telegram bot initialized (not yet launched)","timestamp":"2025-09-17 10:41:48"}
{"level":"\u001b[32minfo\u001b[39m","message":"SignalManager initialized","timestamp":"2025-09-17 10:41:48"}
{"appname":"HolonsDebug","level":"\u001b[32minfo\u001b[39m","message":"Database initialized","timestamp":"2025-09-17 10:41:48"}
{"existingModule":"Settings","existingSpecificity":13,"level":"\u001b[33mwarn\u001b[39m","message":"Signal conflict detected:","newModule":"Settings","newSpecificity":13,"pattern":"regex:timezone_set_(.+)","resolution":"existing wins","timestamp":"2025-09-17 10:41:48"}
{"existingModule":"Settings","existingSpecificity":13,"level":"\u001b[33mwarn\u001b[39m","message":"Signal conflict detected:","newModule":"Settings","newSpecificity":13,"pattern":"string:settings_back","resolution":"existing wins","timestamp":"2025-09-17 10:41:48"}
{"existingModule":"Settings","existingSpecificity":22,"level":"\u001b[33mwarn\u001b[39m","message":"Signal conflict detected:","newModule":"Settings","newSpecificity":22,"pattern":"string:settings_values_change","resolution":"existing wins","timestamp":"2025-09-17 10:41:48"}
{"existingModule":"Settings","existingSpecificity":23,"level":"\u001b[33mwarn\u001b[39m","message":"Signal conflict detected:","newModule":"Settings","newSpecificity":23,"pattern":"string:settings_domains_change","resolution":"existing wins","timestamp":"2025-09-17 10:41:48"}
{"existingModule":"Settings","existingSpecificity":21,"level":"\u001b[33mwarn\u001b[39m","message":"Signal conflict detected:","newModule":"Settings","newSpecificity":21,"pattern":"string:settings_roles_change","resolution":"existing wins","timestamp":"2025-09-17 10:41:48"}
{"existingModule":"Settings","existingSpecificity":26,"level":"\u001b[33mwarn\u001b[39m","message":"Signal conflict detected:","newModule":"Settings","newSpecificity":26,"pattern":"string:settings_currencies_change","resolution":"existing wins","timestamp":"2025-09-17 10:41:48"}
{"existingModule":"Settings","existingSpecificity":14,"level":"\u001b[33mwarn\u001b[39m","message":"Signal conflict detected:","newModule":"Settings","newSpecificity":14,"pattern":"string:add_federation","resolution":"existing wins","timestamp":"2025-09-17 10:41:48"}
{"existingModule":"Settings","existingSpecificity":22,"level":"\u001b[33mwarn\u001b[39m","message":"Signal conflict detected:","newModule":"Settings","newSpecificity":22,"pattern":"string:settings_values_change","resolution":"existing wins","timestamp":"2025-09-17 10:41:48"}
{"existingModule":"Settings","existingSpecificity":23,"level":"\u001b[33mwarn\u001b[39m","message":"Signal conflict detected:","newModule":"Settings","newSpecificity":23,"pattern":"string:settings_domains_change","resolution":"existing wins","timestamp":"2025-09-17 10:41:48"}
{"existingModule":"Settings","existingSpecificity":21,"level":"\u001b[33mwarn\u001b[39m","message":"Signal conflict detected:","newModule":"Settings","newSpecificity":21,"pattern":"string:settings_roles_change","resolution":"existing wins","timestamp":"2025-09-17 10:41:48"}
{"existingModule":"Settings","existingSpecificity":26,"level":"\u001b[33mwarn\u001b[39m","message":"Signal conflict detected:","newModule":"Settings","newSpecificity":26,"pattern":"string:settings_currencies_change","resolution":"existing wins","timestamp":"2025-09-17 10:41:48"}
{"existingModule":"Settings","existingSpecificity":12,"level":"\u001b[33mwarn\u001b[39m","message":"Signal conflict detected:","newModule":"Settings","newSpecificity":12,"pattern":"string:help_add_hex","resolution":"existing wins","timestamp":"2025-09-17 10:41:48"}
{"existingModule":"Checklists","existingSpecificity":23,"level":"\u001b[33mwarn\u001b[39m","message":"Signal conflict detected:","newModule":"Roles","newSpecificity":23,"pattern":"regex:back_to_role_(.+)","resolution":"existing wins","timestamp":"2025-09-17 10:41:48"}
{"existingModule":"Checklists","existingSpecificity":6,"level":"\u001b[33mwarn\u001b[39m","message":"Signal conflict detected:","newModule":"Quests","newSpecificity":6,"pattern":"regex:check_(.+)","resolution":"existing wins","timestamp":"2025-09-17 10:41:48"}
{"existingModule":"Checklists","existingSpecificity":12,"level":"\u001b[33mwarn\u001b[39m","message":"Signal conflict detected:","newModule":"Quests","newSpecificity":12,"pattern":"regex:add_item_to_(.+)","resolution":"existing wins","timestamp":"2025-09-17 10:41:48"}
{"existingModule":"Calendar","existingSpecificity":3,"level":"\u001b[33mwarn\u001b[39m","message":"Signal conflict detected:","newModule":"Calendar","newSpecificity":3,"pattern":"regex:n_(.+)_(?:--|\\+\\+|\\+|-|0)","resolution":"existing wins","timestamp":"2025-09-17 10:41:48"}
{"existingModule":"Quests","existingSpecificity":15,"level":"\u001b[33mwarn\u001b[39m","message":"Signal conflict detected:","newModule":"Scheduler","newSpecificity":15,"pattern":"regex:schedule_quest_(.+)","resolution":"existing wins","timestamp":"2025-09-17 10:41:48"}
{"level":"\u001b[32minfo\u001b[39m","message":"Starting HolonsBot with REFACTORED architecture","timestamp":"2025-09-17 10:41:56"}
{"appname":"Holons","level":"\u001b[32minfo\u001b[39m","message":"Starting HolonsBot initialization","timestamp":"2025-09-17 10:41:56"}
{"level":"\u001b[32minfo\u001b[39m","message":"Telegram bot initialized (not yet launched)","timestamp":"2025-09-17 10:41:56"}
{"level":"\u001b[32minfo\u001b[39m","message":"SignalManager initialized","timestamp":"2025-09-17 10:41:56"}
{"appname":"HolonsDebug","level":"\u001b[32minfo\u001b[39m","message":"Database initialized","timestamp":"2025-09-17 10:41:56"}
{"existingModule":"Settings","existingSpecificity":13,"level":"\u001b[33mwarn\u001b[39m","message":"Signal conflict detected:","newModule":"Settings","newSpecificity":13,"pattern":"regex:timezone_set_(.+)","resolution":"existing wins","timestamp":"2025-09-17 10:41:56"}
{"existingModule":"Settings","existingSpecificity":13,"level":"\u001b[33mwarn\u001b[39m","message":"Signal conflict detected:","newModule":"Settings","newSpecificity":13,"pattern":"string:settings_back","resolution":"existing wins","timestamp":"2025-09-17 10:41:56"}
{"existingModule":"Settings","existingSpecificity":22,"level":"\u001b[33mwarn\u001b[39m","message":"Signal conflict detected:","newModule":"Settings","newSpecificity":22,"pattern":"string:settings_values_change","resolution":"existing wins","timestamp":"2025-09-17 10:41:56"}
{"existingModule":"Settings","existingSpecificity":23,"level":"\u001b[33mwarn\u001b[39m","message":"Signal conflict detected:","newModule":"Settings","newSpecificity":23,"pattern":"string:settings_domains_change","resolution":"existing wins","timestamp":"2025-09-17 10:41:56"}
{"existingModule":"Settings","existingSpecificity":21,"level":"\u001b[33mwarn\u001b[39m","message":"Signal conflict detected:","newModule":"Settings","newSpecificity":21,"pattern":"string:settings_roles_change","resolution":"existing wins","timestamp":"2025-09-17 10:41:56"}
{"existingModule":"Settings","existingSpecificity":26,"level":"\u001b[33mwarn\u001b[39m","message":"Signal conflict detected:","newModule":"Settings","newSpecificity":26,"pattern":"string:settings_currencies_change","resolution":"existing wins","timestamp":"2025-09-17 10:41:56"}
{"existingModule":"Settings","existingSpecificity":14,"level":"\u001b[33mwarn\u001b[39m","message":"Signal conflict detected:","newModule":"Settings","newSpecificity":14,"pattern":"string:add_federation","resolution":"existing wins","timestamp":"2025-09-17 10:41:56"}
{"existingModule":"Settings","existingSpecificity":22,"level":"\u001b[33mwarn\u001b[39m","message":"Signal conflict detected:","newModule":"Settings","newSpecificity":22,"pattern":"string:settings_values_change","resolution":"existing wins","timestamp":"2025-09-17 10:41:56"}
{"existingModule":"Settings","existingSpecificity":23,"level":"\u001b[33mwarn\u001b[39m","message":"Signal conflict detected:","newModule":"Settings","newSpecificity":23,"pattern":"string:settings_domains_change","resolution":"existing wins","timestamp":"2025-09-17 10:41:56"}
{"existingModule":"Settings","existingSpecificity":21,"level":"\u001b[33mwarn\u001b[39m","message":"Signal conflict detected:","newModule":"Settings","newSpecificity":21,"pattern":"string:settings_roles_change","resolution":"existing wins","timestamp":"2025-09-17 10:41:56"}
{"existingModule":"Settings","existingSpecificity":26,"level":"\u001b[33mwarn\u001b[39m","message":"Signal conflict detected:","newModule":"Settings","newSpecificity":26,"pattern":"string:settings_currencies_change","resolution":"existing wins","timestamp":"2025-09-17 10:41:56"}
{"existingModule":"Settings","existingSpecificity":12,"level":"\u001b[33mwarn\u001b[39m","message":"Signal conflict detected:","newModule":"Settings","newSpecificity":12,"pattern":"string:help_add_hex","resolution":"existing wins","timestamp":"2025-09-17 10:41:56"}
{"existingModule":"Checklists","existingSpecificity":23,"level":"\u001b[33mwarn\u001b[39m","message":"Signal conflict detected:","newModule":"Roles","newSpecificity":23,"pattern":"regex:back_to_role_(.+)","resolution":"existing wins","timestamp":"2025-09-17 10:41:57"}
{"existingModule":"Checklists","existingSpecificity":6,"level":"\u001b[33mwarn\u001b[39m","message":"Signal conflict detected:","newModule":"Quests","newSpecificity":6,"pattern":"regex:check_(.+)","resolution":"existing wins","timestamp":"2025-09-17 10:41:57"}
{"existingModule":"Checklists","existingSpecificity":12,"level":"\u001b[33mwarn\u001b[39m","message":"Signal conflict detected:","newModule":"Quests","newSpecificity":12,"pattern":"regex:add_item_to_(.+)","resolution":"existing wins","timestamp":"2025-09-17 10:41:57"}
{"existingModule":"Calendar","existingSpecificity":3,"level":"\u001b[33mwarn\u001b[39m","message":"Signal conflict detected:","newModule":"Calendar","newSpecificity":3,"pattern":"regex:n_(.+)_(?:--|\\+\\+|\\+|-|0)","resolution":"existing wins","timestamp":"2025-09-17 10:41:57"}
{"existingModule":"Quests","existingSpecificity":15,"level":"\u001b[33mwarn\u001b[39m","message":"Signal conflict detected:","newModule":"Scheduler","newSpecificity":15,"pattern":"regex:schedule_quest_(.+)","resolution":"existing wins","timestamp":"2025-09-17 10:41:57"}
{"level":"\u001b[32minfo\u001b[39m","message":"Starting HolonsBot with REFACTORED architecture","timestamp":"2025-09-17 10:42:08"}
{"appname":"Holons","level":"\u001b[32minfo\u001b[39m","message":"Starting HolonsBot initialization","timestamp":"2025-09-17 10:42:08"}
{"level":"\u001b[32minfo\u001b[39m","message":"Telegram bot initialized (not yet launched)","timestamp":"2025-09-17 10:42:08"}
{"level":"\u001b[32minfo\u001b[39m","message":"SignalManager initialized","timestamp":"2025-09-17 10:42:08"}
{"appname":"HolonsDebug","level":"\u001b[32minfo\u001b[39m","message":"Database initialized","timestamp":"2025-09-17 10:42:08"}
{"existingModule":"Settings","existingSpecificity":13,"level":"\u001b[33mwarn\u001b[39m","message":"Signal conflict detected:","newModule":"Settings","newSpecificity":13,"pattern":"regex:timezone_set_(.+)","resolution":"existing wins","timestamp":"2025-09-17 10:42:08"}
{"existingModule":"Settings","existingSpecificity":13,"level":"\u001b[33mwarn\u001b[39m","message":"Signal conflict detected:","newModule":"Settings","newSpecificity":13,"pattern":"string:settings_back","resolution":"existing wins","timestamp":"2025-09-17 10:42:08"}
{"existingModule":"Settings","existingSpecificity":22,"level":"\u001b[33mwarn\u001b[39m","message":"Signal conflict detected:","newModule":"Settings","newSpecificity":22,"pattern":"string:settings_values_change","resolution":"existing wins","timestamp":"2025-09-17 10:42:08"}
{"existingModule":"Settings","existingSpecificity":23,"level":"\u001b[33mwarn\u001b[39m","message":"Signal conflict detected:","newModule":"Settings","newSpecificity":23,"pattern":"string:settings_domains_change","resolution":"existing wins","timestamp":"2025-09-17 10:42:08"}
{"existingModule":"Settings","existingSpecificity":21,"level":"\u001b[33mwarn\u001b[39m","message":"Signal conflict detected:","newModule":"Settings","newSpecificity":21,"pattern":"string:settings_roles_change","resolution":"existing wins","timestamp":"2025-09-17 10:42:08"}
{"existingModule":"Settings","existingSpecificity":26,"level":"\u001b[33mwarn\u001b[39m","message":"Signal conflict detected:","newModule":"Settings","newSpecificity":26,"pattern":"string:settings_currencies_change","resolution":"existing wins","timestamp":"2025-09-17 10:42:08"}
{"existingModule":"Settings","existingSpecificity":14,"level":"\u001b[33mwarn\u001b[39m","message":"Signal conflict detected:","newModule":"Settings","newSpecificity":14,"pattern":"string:add_federation","resolution":"existing wins","timestamp":"2025-09-17 10:42:08"}
{"existingModule":"Settings","existingSpecificity":22,"level":"\u001b[33mwarn\u001b[39m","message":"Signal conflict detected:","newModule":"Settings","newSpecificity":22,"pattern":"string:settings_values_change","resolution":"existing wins","timestamp":"2025-09-17 10:42:08"}
{"existingModule":"Settings","existingSpecificity":23,"level":"\u001b[33mwarn\u001b[39m","message":"Signal conflict detected:","newModule":"Settings","newSpecificity":23,"pattern":"string:settings_domains_change","resolution":"existing wins","timestamp":"2025-09-17 10:42:08"}
{"existingModule":"Settings","existingSpecificity":21,"level":"\u001b[33mwarn\u001b[39m","message":"Signal conflict detected:","newModule":"Settings","newSpecificity":21,"pattern":"string:settings_roles_change","resolution":"existing wins","timestamp":"2025-09-17 10:42:08"}
{"existingModule":"Settings","existingSpecificity":26,"level":"\u001b[33mwarn\u001b[39m","message":"Signal conflict detected:","newModule":"Settings","newSpecificity":26,"pattern":"string:settings_currencies_change","resolution":"existing wins","timestamp":"2025-09-17 10:42:08"}
{"existingModule":"Settings","existingSpecificity":12,"level":"\u001b[33mwarn\u001b[39m","message":"Signal conflict detected:","newModule":"Settings","newSpecificity":12,"pattern":"string:help_add_hex","resolution":"existing wins","timestamp":"2025-09-17 10:42:08"}
{"existingModule":"Checklists","existingSpecificity":23,"level":"\u001b[33mwarn\u001b[39m","message":"Signal conflict detected:","newModule":"Roles","newSpecificity":23,"pattern":"regex:back_to_role_(.+)","resolution":"existing wins","timestamp":"2025-09-17 10:42:09"}
{"existingModule":"Checklists","existingSpecificity":6,"level":"\u001b[33mwarn\u001b[39m","message":"Signal conflict detected:","newModule":"Quests","newSpecificity":6,"pattern":"regex:check_(.+)","resolution":"existing wins","timestamp":"2025-09-17 10:42:09"}
{"existingModule":"Checklists","existingSpecificity":12,"level":"\u001b[33mwarn\u001b[39m","message":"Signal conflict detected:","newModule":"Quests","newSpecificity":12,"pattern":"regex:add_item_to_(.+)","resolution":"existing wins","timestamp":"2025-09-17 10:42:09"}
{"existingModule":"Calendar","existingSpecificity":3,"level":"\u001b[33mwarn\u001b[39m","message":"Signal conflict detected:","newModule":"Calendar","newSpecificity":3,"pattern":"regex:n_(.+)_(?:--|\\+\\+|\\+|-|0)","resolution":"existing wins","timestamp":"2025-09-17 10:42:09"}
{"existingModule":"Quests","existingSpecificity":15,"level":"\u001b[33mwarn\u001b[39m","message":"Signal conflict detected:","newModule":"Scheduler","newSpecificity":15,"pattern":"regex:schedule_quest_(.+)","resolution":"existing wins","timestamp":"2025-09-17 10:42:09"}
{"level":"\u001b[32minfo\u001b[39m","message":"SIGTERM received, shutting down gracefully","timestamp":"2025-09-17 12:33:15"}
{"level":"\u001b[32minfo\u001b[39m","message":"Starting HolonsBot with REFACTORED architecture","timestamp":"2025-09-17 17:15:56"}
{"appname":"Holons","level":"\u001b[32minfo\u001b[39m","message":"Starting HolonsBot initialization","timestamp":"2025-09-17 17:15:56"}
{"level":"\u001b[32minfo\u001b[39m","message":"Telegram bot initialized (not yet launched)","timestamp":"2025-09-17 17:15:56"}
{"level":"\u001b[32minfo\u001b[39m","message":"SignalManager initialized","timestamp":"2025-09-17 17:15:56"}
{"appname":"HolonsDebug","level":"\u001b[32minfo\u001b[39m","message":"Database initialized","timestamp":"2025-09-17 17:15:56"}
{"existingModule":"Settings","existingSpecificity":13,"level":"\u001b[33mwarn\u001b[39m","message":"Signal conflict detected:","newModule":"Settings","newSpecificity":13,"pattern":"regex:timezone_set_(.+)","resolution":"existing wins","timestamp":"2025-09-17 17:15:56"}
{"existingModule":"Settings","existingSpecificity":13,"level":"\u001b[33mwarn\u001b[39m","message":"Signal conflict detected:","newModule":"Settings","newSpecificity":13,"pattern":"string:settings_back","resolution":"existing wins","timestamp":"2025-09-17 17:15:56"}
{"existingModule":"Settings","existingSpecificity":22,"level":"\u001b[33mwarn\u001b[39m","message":"Signal conflict detected:","newModule":"Settings","newSpecificity":22,"pattern":"string:settings_values_change","resolution":"existing wins","timestamp":"2025-09-17 17:15:56"}
{"existingModule":"Settings","existingSpecificity":23,"level":"\u001b[33mwarn\u001b[39m","message":"Signal conflict detected:","newModule":"Settings","newSpecificity":23,"pattern":"string:settings_domains_change","resolution":"existing wins","timestamp":"2025-09-17 17:15:56"}
{"existingModule":"Settings","existingSpecificity":21,"level":"\u001b[33mwarn\u001b[39m","message":"Signal conflict detected:","newModule":"Settings","newSpecificity":21,"pattern":"string:settings_roles_change","resolution":"existing wins","timestamp":"2025-09-17 17:15:56"}
{"existingModule":"Settings","existingSpecificity":26,"level":"\u001b[33mwarn\u001b[39m","message":"Signal conflict detected:","newModule":"Settings","newSpecificity":26,"pattern":"string:settings_currencies_change","resolution":"existing wins","timestamp":"2025-09-17 17:15:56"}
{"existingModule":"Settings","existingSpecificity":14,"level":"\u001b[33mwarn\u001b[39m","message":"Signal conflict detected:","newModule":"Settings","newSpecificity":14,"pattern":"string:add_federation","resolution":"existing wins","timestamp":"2025-09-17 17:15:56"}
{"existingModule":"Settings","existingSpecificity":22,"level":"\u001b[33mwarn\u001b[39m","message":"Signal conflict detected:","newModule":"Settings","newSpecificity":22,"pattern":"string:settings_values_change","resolution":"existing wins","timestamp":"2025-09-17 17:15:56"}
{"existingModule":"Settings","existingSpecificity":23,"level":"\u001b[33mwarn\u001b[39m","message":"Signal conflict detected:","newModule":"Settings","newSpecificity":23,"pattern":"string:settings_domains_change","resolution":"existing wins","timestamp":"2025-09-17 17:15:56"}
{"existingModule":"Settings","existingSpecificity":21,"level":"\u001b[33mwarn\u001b[39m","message":"Signal conflict detected:","newModule":"Settings","newSpecificity":21,"pattern":"string:settings_roles_change","resolution":"existing wins","timestamp":"2025-09-17 17:15:56"}
{"existingModule":"Settings","existingSpecificity":26,"level":"\u001b[33mwarn\u001b[39m","message":"Signal conflict detected:","newModule":"Settings","newSpecificity":26,"pattern":"string:settings_currencies_change","resolution":"existing wins","timestamp":"2025-09-17 17:15:56"}
{"existingModule":"Settings","existingSpecificity":12,"level":"\u001b[33mwarn\u001b[39m","message":"Signal conflict detected:","newModule":"Settings","newSpecificity":12,"pattern":"string:help_add_hex","resolution":"existing wins","timestamp":"2025-09-17 17:15:56"}
{"existingModule":"Checklists","existingSpecificity":23,"level":"\u001b[33mwarn\u001b[39m","message":"Signal conflict detected:","newModule":"Roles","newSpecificity":23,"pattern":"regex:back_to_role_(.+)","resolution":"existing wins","timestamp":"2025-09-17 17:15:57"}
{"existingModule":"Checklists","existingSpecificity":6,"level":"\u001b[33mwarn\u001b[39m","message":"Signal conflict detected:","newModule":"Quests","newSpecificity":6,"pattern":"regex:check_(.+)","resolution":"existing wins","timestamp":"2025-09-17 17:15:57"}
{"existingModule":"Checklists","existingSpecificity":12,"level":"\u001b[33mwarn\u001b[39m","message":"Signal conflict detected:","newModule":"Quests","newSpecificity":12,"pattern":"regex:add_item_to_(.+)","resolution":"existing wins","timestamp":"2025-09-17 17:15:57"}
{"existingModule":"Calendar","existingSpecificity":3,"level":"\u001b[33mwarn\u001b[39m","message":"Signal conflict detected:","newModule":"Calendar","newSpecificity":3,"pattern":"regex:n_(.+)_(?:--|\\+\\+|\\+|-|0)","resolution":"existing wins","timestamp":"2025-09-17 17:15:57"}
{"existingModule":"Quests","existingSpecificity":15,"level":"\u001b[33mwarn\u001b[39m","message":"Signal conflict detected:","newModule":"Scheduler","newSpecificity":15,"pattern":"regex:schedule_quest_(.+)","resolution":"existing wins","timestamp":"2025-09-17 17:15:57"}
{"level":"\u001b[32minfo\u001b[39m","message":"SIGINT received, shutting down gracefully","timestamp":"2025-09-17 17:17:05"}
{"level":"\u001b[32minfo\u001b[39m","message":"Starting HolonsBot with REFACTORED architecture","timestamp":"2025-09-17 17:17:41"}
{"appname":"Holons","level":"\u001b[32minfo\u001b[39m","message":"Starting HolonsBot initialization","timestamp":"2025-09-17 17:17:41"}
{"level":"\u001b[32minfo\u001b[39m","message":"Telegram bot initialized (not yet launched)","timestamp":"2025-09-17 17:17:41"}
{"level":"\u001b[32minfo\u001b[39m","message":"SignalManager initialized","timestamp":"2025-09-17 17:17:41"}
{"appname":"Holons","level":"\u001b[32minfo\u001b[39m","message":"Database initialized","timestamp":"2025-09-17 17:17:41"}
{"existingModule":"Settings","existingSpecificity":13,"level":"\u001b[33mwarn\u001b[39m","message":"Signal conflict detected:","newModule":"Settings","newSpecificity":13,"pattern":"regex:timezone_set_(.+)","resolution":"existing wins","timestamp":"2025-09-17 17:17:41"}
{"existingModule":"Settings","existingSpecificity":13,"level":"\u001b[33mwarn\u001b[39m","message":"Signal conflict detected:","newModule":"Settings","newSpecificity":13,"pattern":"string:settings_back","resolution":"existing wins","timestamp":"2025-09-17 17:17:41"}
{"existingModule":"Settings","existingSpecificity":22,"level":"\u001b[33mwarn\u001b[39m","message":"Signal conflict detected:","newModule":"Settings","newSpecificity":22,"pattern":"string:settings_values_change","resolution":"existing wins","timestamp":"2025-09-17 17:17:41"}
{"existingModule":"Settings","existingSpecificity":23,"level":"\u001b[33mwarn\u001b[39m","message":"Signal conflict detected:","newModule":"Settings","newSpecificity":23,"pattern":"string:settings_domains_change","resolution":"existing wins","timestamp":"2025-09-17 17:17:41"}
{"existingModule":"Settings","existingSpecificity":21,"level":"\u001b[33mwarn\u001b[39m","message":"Signal conflict detected:","newModule":"Settings","newSpecificity":21,"pattern":"string:settings_roles_change","resolution":"existing wins","timestamp":"2025-09-17 17:17:41"}
{"existingModule":"Settings","existingSpecificity":26,"level":"\u001b[33mwarn\u001b[39m","message":"Signal conflict detected:","newModule":"Settings","newSpecificity":26,"pattern":"string:settings_currencies_change","resolution":"existing wins","timestamp":"2025-09-17 17:17:41"}
{"existingModule":"Settings","existingSpecificity":14,"level":"\u001b[33mwarn\u001b[39m","message":"Signal conflict detected:","newModule":"Settings","newSpecificity":14,"pattern":"string:add_federation","resolution":"existing wins","timestamp":"2025-09-17 17:17:41"}
{"existingModule":"Settings","existingSpecificity":22,"level":"\u001b[33mwarn\u001b[39m","message":"Signal conflict detected:","newModule":"Settings","newSpecificity":22,"pattern":"string:settings_values_change","resolution":"existing wins","timestamp":"2025-09-17 17:17:41"}
{"existingModule":"Settings","existingSpecificity":23,"level":"\u001b[33mwarn\u001b[39m","message":"Signal conflict detected:","newModule":"Settings","newSpecificity":23,"pattern":"string:settings_domains_change","resolution":"existing wins","timestamp":"2025-09-17 17:17:41"}
{"existingModule":"Settings","existingSpecificity":21,"level":"\u001b[33mwarn\u001b[39m","message":"Signal conflict detected:","newModule":"Settings","newSpecificity":21,"pattern":"string:settings_roles_change","resolution":"existing wins","timestamp":"2025-09-17 17:17:41"}
{"existingModule":"Settings","existingSpecificity":26,"level":"\u001b[33mwarn\u001b[39m","message":"Signal conflict detected:","newModule":"Settings","newSpecificity":26,"pattern":"string:settings_currencies_change","resolution":"existing wins","timestamp":"2025-09-17 17:17:41"}
{"existingModule":"Settings","existingSpecificity":12,"level":"\u001b[33mwarn\u001b[39m","message":"Signal conflict detected:","newModule":"Settings","newSpecificity":12,"pattern":"string:help_add_hex","resolution":"existing wins","timestamp":"2025-09-17 17:17:41"}
{"existingModule":"Checklists","existingSpecificity":23,"level":"\u001b[33mwarn\u001b[39m","message":"Signal conflict detected:","newModule":"Roles","newSpecificity":23,"pattern":"regex:back_to_role_(.+)","resolution":"existing wins","timestamp":"2025-09-17 17:17:42"}
{"existingModule":"Checklists","existingSpecificity":6,"level":"\u001b[33mwarn\u001b[39m","message":"Signal conflict detected:","newModule":"Quests","newSpecificity":6,"pattern":"regex:check_(.+)","resolution":"existing wins","timestamp":"2025-09-17 17:17:42"}
{"existingModule":"Checklists","existingSpecificity":12,"level":"\u001b[33mwarn\u001b[39m","message":"Signal conflict detected:","newModule":"Quests","newSpecificity":12,"pattern":"regex:add_item_to_(.+)","resolution":"existing wins","timestamp":"2025-09-17 17:17:42"}
{"existingModule":"Calendar","existingSpecificity":3,"level":"\u001b[33mwarn\u001b[39m","message":"Signal conflict detected:","newModule":"Calendar","newSpecificity":3,"pattern":"regex:n_(.+)_(?:--|\\+\\+|\\+|-|0)","resolution":"existing wins","timestamp":"2025-09-17 17:17:42"}
{"existingModule":"Quests","existingSpecificity":15,"level":"\u001b[33mwarn\u001b[39m","message":"Signal conflict detected:","newModule":"Scheduler","newSpecificity":15,"pattern":"regex:schedule_quest_(.+)","resolution":"existing wins","timestamp":"2025-09-17 17:17:42"}
{"level":"\u001b[32minfo\u001b[39m","message":"SIGINT received, shutting down gracefully","timestamp":"2025-09-17 17:20:38"}
{"level":"\u001b[32minfo\u001b[39m","message":"Starting HolonsBot with REFACTORED architecture","timestamp":"2025-09-17 17:24:40"}
{"appname":"Holons","level":"\u001b[32minfo\u001b[39m","message":"Starting HolonsBot initialization","timestamp":"2025-09-17 17:24:40"}
{"level":"\u001b[32minfo\u001b[39m","message":"Telegram bot initialized (not yet launched)","timestamp":"2025-09-17 17:24:40"}
{"level":"\u001b[32minfo\u001b[39m","message":"SignalManager initialized","timestamp":"2025-09-17 17:24:40"}
{"appname":"Holons","level":"\u001b[32minfo\u001b[39m","message":"Database initialized","timestamp":"2025-09-17 17:24:40"}
{"existingModule":"Settings","existingSpecificity":13,"level":"\u001b[33mwarn\u001b[39m","message":"Signal conflict detected:","newModule":"Settings","newSpecificity":13,"pattern":"regex:timezone_set_(.+)","resolution":"existing wins","timestamp":"2025-09-17 17:24:40"}
{"existingModule":"Settings","existingSpecificity":13,"level":"\u001b[33mwarn\u001b[39m","message":"Signal conflict detected:","newModule":"Settings","newSpecificity":13,"pattern":"string:settings_back","resolution":"existing wins","timestamp":"2025-09-17 17:24:40"}
{"existingModule":"Settings","existingSpecificity":22,"level":"\u001b[33mwarn\u001b[39m","message":"Signal conflict detected:","newModule":"Settings","newSpecificity":22,"pattern":"string:settings_values_change","resolution":"existing wins","timestamp":"2025-09-17 17:24:40"}
{"existingModule":"Settings","existingSpecificity":23,"level":"\u001b[33mwarn\u001b[39m","message":"Signal conflict detected:","newModule":"Settings","newSpecificity":23,"pattern":"string:settings_domains_change","resolution":"existing wins","timestamp":"2025-09-17 17:24:40"}
{"existingModule":"Settings","existingSpecificity":21,"level":"\u001b[33mwarn\u001b[39m","message":"Signal conflict detected:","newModule":"Settings","newSpecificity":21,"pattern":"string:settings_roles_change","resolution":"existing wins","timestamp":"2025-09-17 17:24:40"}
{"existingModule":"Settings","existingSpecificity":26,"level":"\u001b[33mwarn\u001b[39m","message":"Signal conflict detected:","newModule":"Settings","newSpecificity":26,"pattern":"string:settings_currencies_change","resolution":"existing wins","timestamp":"2025-09-17 17:24:40"}
{"existingModule":"Settings","existingSpecificity":14,"level":"\u001b[33mwarn\u001b[39m","message":"Signal conflict detected:","newModule":"Settings","newSpecificity":14,"pattern":"string:add_federation","resolution":"existing wins","timestamp":"2025-09-17 17:24:40"}
{"existingModule":"Settings","existingSpecificity":22,"level":"\u001b[33mwarn\u001b[39m","message":"Signal conflict detected:","newModule":"Settings","newSpecificity":22,"pattern":"string:settings_values_change","resolution":"existing wins","timestamp":"2025-09-17 17:24:40"}
{"existingModule":"Settings","existingSpecificity":23,"level":"\u001b[33mwarn\u001b[39m","message":"Signal conflict detected:","newModule":"Settings","newSpecificity":23,"pattern":"string:settings_domains_change","resolution":"existing wins","timestamp":"2025-09-17 17:24:40"}
{"existingModule":"Settings","existingSpecificity":21,"level":"\u001b[33mwarn\u001b[39m","message":"Signal conflict detected:","newModule":"Settings","newSpecificity":21,"pattern":"string:settings_roles_change","resolution":"existing wins","timestamp":"2025-09-17 17:24:40"}
{"existingModule":"Settings","existingSpecificity":26,"level":"\u001b[33mwarn\u001b[39m","message":"Signal conflict detected:","newModule":"Settings","newSpecificity":26,"pattern":"string:settings_currencies_change","resolution":"existing wins","timestamp":"2025-09-17 17:24:40"}
{"existingModule":"Settings","existingSpecificity":12,"level":"\u001b[33mwarn\u001b[39m","message":"Signal conflict detected:","newModule":"Settings","newSpecificity":12,"pattern":"string:help_add_hex","resolution":"existing wins","timestamp":"2025-09-17 17:24:40"}
{"existingModule":"Checklists","existingSpecificity":23,"level":"\u001b[33mwarn\u001b[39m","message":"Signal conflict detected:","newModule":"Roles","newSpecificity":23,"pattern":"regex:back_to_role_(.+)","resolution":"existing wins","timestamp":"2025-09-17 17:24:41"}
{"existingModule":"Checklists","existingSpecificity":6,"level":"\u001b[33mwarn\u001b[39m","message":"Signal conflict detected:","newModule":"Quests","newSpecificity":6,"pattern":"regex:check_(.+)","resolution":"existing wins","timestamp":"2025-09-17 17:24:41"}
{"existingModule":"Checklists","existingSpecificity":12,"level":"\u001b[33mwarn\u001b[39m","message":"Signal conflict detected:","newModule":"Quests","newSpecificity":12,"pattern":"regex:add_item_to_(.+)","resolution":"existing wins","timestamp":"2025-09-17 17:24:41"}
{"existingModule":"Calendar","existingSpecificity":3,"level":"\u001b[33mwarn\u001b[39m","message":"Signal conflict detected:","newModule":"Calendar","newSpecificity":3,"pattern":"regex:n_(.+)_(?:--|\\+\\+|\\+|-|0)","resolution":"existing wins","timestamp":"2025-09-17 17:24:41"}
{"existingModule":"Quests","existingSpecificity":15,"level":"\u001b[33mwarn\u001b[39m","message":"Signal conflict detected:","newModule":"Scheduler","newSpecificity":15,"pattern":"regex:schedule_quest_(.+)","resolution":"existing wins","timestamp":"2025-09-17 17:24:41"}
{"level":"\u001b[32minfo\u001b[39m","message":"SIGINT received, shutting down gracefully","timestamp":"2025-09-17 17:26:49"}
{"level":"\u001b[32minfo\u001b[39m","message":"Starting HolonsBot with REFACTORED architecture","timestamp":"2025-09-17 17:26:51"}
{"appname":"Holons","level":"\u001b[32minfo\u001b[39m","message":"Starting HolonsBot initialization","timestamp":"2025-09-17 17:26:52"}
{"level":"\u001b[32minfo\u001b[39m","message":"Telegram bot initialized (not yet launched)","timestamp":"2025-09-17 17:26:52"}
{"level":"\u001b[32minfo\u001b[39m","message":"SignalManager initialized","timestamp":"2025-09-17 17:26:52"}
{"appname":"HolonsDebug","level":"\u001b[32minfo\u001b[39m","message":"Database initialized","timestamp":"2025-09-17 17:26:52"}
{"existingModule":"Settings","existingSpecificity":13,"level":"\u001b[33mwarn\u001b[39m","message":"Signal conflict detected:","newModule":"Settings","newSpecificity":13,"pattern":"regex:timezone_set_(.+)","resolution":"existing wins","timestamp":"2025-09-17 17:26:52"}
{"existingModule":"Settings","existingSpecificity":13,"level":"\u001b[33mwarn\u001b[39m","message":"Signal conflict detected:","newModule":"Settings","newSpecificity":13,"pattern":"string:settings_back","resolution":"existing wins","timestamp":"2025-09-17 17:26:52"}
{"existingModule":"Settings","existingSpecificity":22,"level":"\u001b[33mwarn\u001b[39m","message":"Signal conflict detected:","newModule":"Settings","newSpecificity":22,"pattern":"string:settings_values_change","resolution":"existing wins","timestamp":"2025-09-17 17:26:52"}
{"existingModule":"Settings","existingSpecificity":23,"level":"\u001b[33mwarn\u001b[39m","message":"Signal conflict detected:","newModule":"Settings","newSpecificity":23,"pattern":"string:settings_domains_change","resolution":"existing wins","timestamp":"2025-09-17 17:26:52"}
{"existingModule":"Settings","existingSpecificity":21,"level":"\u001b[33mwarn\u001b[39m","message":"Signal conflict detected:","newModule":"Settings","newSpecificity":21,"pattern":"string:settings_roles_change","resolution":"existing wins","timestamp":"2025-09-17 17:26:52"}
{"existingModule":"Settings","existingSpecificity":26,"level":"\u001b[33mwarn\u001b[39m","message":"Signal conflict detected:","newModule":"Settings","newSpecificity":26,"pattern":"string:settings_currencies_change","resolution":"existing wins","timestamp":"2025-09-17 17:26:52"}
{"existingModule":"Settings","existingSpecificity":14,"level":"\u001b[33mwarn\u001b[39m","message":"Signal conflict detected:","newModule":"Settings","newSpecificity":14,"pattern":"string:add_federation","resolution":"existing wins","timestamp":"2025-09-17 17:26:52"}
{"existingModule":"Settings","existingSpecificity":22,"level":"\u001b[33mwarn\u001b[39m","message":"Signal conflict detected:","newModule":"Settings","newSpecificity":22,"pattern":"string:settings_values_change","resolution":"existing wins","timestamp":"2025-09-17 17:26:52"}
{"existingModule":"Settings","existingSpecificity":23,"level":"\u001b[33mwarn\u001b[39m","message":"Signal conflict detected:","newModule":"Settings","newSpecificity":23,"pattern":"string:settings_domains_change","resolution":"existing wins","timestamp":"2025-09-17 17:26:52"}
{"existingModule":"Settings","existingSpecificity":21,"level":"\u001b[33mwarn\u001b[39m","message":"Signal conflict detected:","newModule":"Settings","newSpecificity":21,"pattern":"string:settings_roles_change","resolution":"existing wins","timestamp":"2025-09-17 17:26:52"}
{"existingModule":"Settings","existingSpecificity":26,"level":"\u001b[33mwarn\u001b[39m","message":"Signal conflict detected:","newModule":"Settings","newSpecificity":26,"pattern":"string:settings_currencies_change","resolution":"existing wins","timestamp":"2025-09-17 17:26:52"}
{"existingModule":"Settings","existingSpecificity":12,"level":"\u001b[33mwarn\u001b[39m","message":"Signal conflict detected:","newModule":"Settings","newSpecificity":12,"pattern":"string:help_add_hex","resolution":"existing wins","timestamp":"2025-09-17 17:26:52"}
{"existingModule":"Checklists","existingSpecificity":23,"level":"\u001b[33mwarn\u001b[39m","message":"Signal conflict detected:","newModule":"Roles","newSpecificity":23,"pattern":"regex:back_to_role_(.+)","resolution":"existing wins","timestamp":"2025-09-17 17:26:52"}
{"existingModule":"Checklists","existingSpecificity":6,"level":"\u001b[33mwarn\u001b[39m","message":"Signal conflict detected:","newModule":"Quests","newSpecificity":6,"pattern":"regex:check_(.+)","resolution":"existing wins","timestamp":"2025-09-17 17:26:52"}
{"existingModule":"Checklists","existingSpecificity":12,"level":"\u001b[33mwarn\u001b[39m","message":"Signal conflict detected:","newModule":"Quests","newSpecificity":12,"pattern":"regex:add_item_to_(.+)","resolution":"existing wins","timestamp":"2025-09-17 17:26:52"}
{"existingModule":"Calendar","existingSpecificity":3,"level":"\u001b[33mwarn\u001b[39m","message":"Signal conflict detected:","newModule":"Calendar","newSpecificity":3,"pattern":"regex:n_(.+)_(?:--|\\+\\+|\\+|-|0)","resolution":"existing wins","timestamp":"2025-09-17 17:26:52"}
{"existingModule":"Quests","existingSpecificity":15,"level":"\u001b[33mwarn\u001b[39m","message":"Signal conflict detected:","newModule":"Scheduler","newSpecificity":15,"pattern":"regex:schedule_quest_(.+)","resolution":"existing wins","timestamp":"2025-09-17 17:26:52"}
{"level":"\u001b[32minfo\u001b[39m","message":"SIGINT received, shutting down gracefully","timestamp":"2025-09-17 17:27:12"}
{"level":"\u001b[32minfo\u001b[39m","message":"Starting HolonsBot with REFACTORED architecture","timestamp":"2025-09-17 17:30:38"}
{"appname":"Holons","level":"\u001b[32minfo\u001b[39m","message":"Starting HolonsBot initialization","timestamp":"2025-09-17 17:30:38"}
{"level":"\u001b[32minfo\u001b[39m","message":"Telegram bot initialized (not yet launched)","timestamp":"2025-09-17 17:30:38"}
{"level":"\u001b[32minfo\u001b[39m","message":"SignalManager initialized","timestamp":"2025-09-17 17:30:38"}
{"appname":"HolonsDebug","level":"\u001b[32minfo\u001b[39m","message":"Database initialized","timestamp":"2025-09-17 17:30:38"}
{"existingModule":"Settings","existingSpecificity":13,"level":"\u001b[33mwarn\u001b[39m","message":"Signal conflict detected:","newModule":"Settings","newSpecificity":13,"pattern":"regex:timezone_set_(.+)","resolution":"existing wins","timestamp":"2025-09-17 17:30:38"}
{"existingModule":"Settings","existingSpecificity":13,"level":"\u001b[33mwarn\u001b[39m","message":"Signal conflict detected:","newModule":"Settings","newSpecificity":13,"pattern":"string:settings_back","resolution":"existing wins","timestamp":"2025-09-17 17:30:38"}
{"existingModule":"Settings","existingSpecificity":22,"level":"\u001b[33mwarn\u001b[39m","message":"Signal conflict detected:","newModule":"Settings","newSpecificity":22,"pattern":"string:settings_values_change","resolution":"existing wins","timestamp":"2025-09-17 17:30:38"}
{"existingModule":"Settings","existingSpecificity":23,"level":"\u001b[33mwarn\u001b[39m","message":"Signal conflict detected:","newModule":"Settings","newSpecificity":23,"pattern":"string:settings_domains_change","resolution":"existing wins","timestamp":"2025-09-17 17:30:38"}
{"existingModule":"Settings","existingSpecificity":21,"level":"\u001b[33mwarn\u001b[39m","message":"Signal conflict detected:","newModule":"Settings","newSpecificity":21,"pattern":"string:settings_roles_change","resolution":"existing wins","timestamp":"2025-09-17 17:30:38"}
{"existingModule":"Settings","existingSpecificity":26,"level":"\u001b[33mwarn\u001b[39m","message":"Signal conflict detected:","newModule":"Settings","newSpecificity":26,"pattern":"string:settings_currencies_change","resolution":"existing wins","timestamp":"2025-09-17 17:30:38"}
{"existingModule":"Settings","existingSpecificity":14,"level":"\u001b[33mwarn\u001b[39m","message":"Signal conflict detected:","newModule":"Settings","newSpecificity":14,"pattern":"string:add_federation","resolution":"existing wins","timestamp":"2025-09-17 17:30:38"}
{"existingModule":"Settings","existingSpecificity":22,"level":"\u001b[33mwarn\u001b[39m","message":"Signal conflict detected:","newModule":"Settings","newSpecificity":22,"pattern":"string:settings_values_change","resolution":"existing wins","timestamp":"2025-09-17 17:30:38"}
{"existingModule":"Settings","existingSpecificity":23,"level":"\u001b[33mwarn\u001b[39m","message":"Signal conflict detected:","newModule":"Settings","newSpecificity":23,"pattern":"string:settings_domains_change","resolution":"existing wins","timestamp":"2025-09-17 17:30:38"}
{"existingModule":"Settings","existingSpecificity":21,"level":"\u001b[33mwarn\u001b[39m","message":"Signal conflict detected:","newModule":"Settings","newSpecificity":21,"pattern":"string:settings_roles_change","resolution":"existing wins","timestamp":"2025-09-17 17:30:38"}
{"existingModule":"Settings","existingSpecificity":26,"level":"\u001b[33mwarn\u001b[39m","message":"Signal conflict detected:","newModule":"Settings","newSpecificity":26,"pattern":"string:settings_currencies_change","resolution":"existing wins","timestamp":"2025-09-17 17:30:38"}
{"existingModule":"Settings","existingSpecificity":12,"level":"\u001b[33mwarn\u001b[39m","message":"Signal conflict detected:","newModule":"Settings","newSpecificity":12,"pattern":"string:help_add_hex","resolution":"existing wins","timestamp":"2025-09-17 17:30:38"}
{"existingModule":"Checklists","existingSpecificity":23,"level":"\u001b[33mwarn\u001b[39m","message":"Signal conflict detected:","newModule":"Roles","newSpecificity":23,"pattern":"regex:back_to_role_(.+)","resolution":"existing wins","timestamp":"2025-09-17 17:30:39"}
{"existingModule":"Checklists","existingSpecificity":6,"level":"\u001b[33mwarn\u001b[39m","message":"Signal conflict detected:","newModule":"Quests","newSpecificity":6,"pattern":"regex:check_(.+)","resolution":"existing wins","timestamp":"2025-09-17 17:30:39"}
{"existingModule":"Checklists","existingSpecificity":12,"level":"\u001b[33mwarn\u001b[39m","message":"Signal conflict detected:","newModule":"Quests","newSpecificity":12,"pattern":"regex:add_item_to_(.+)","resolution":"existing wins","timestamp":"2025-09-17 17:30:39"}
{"existingModule":"Calendar","existingSpecificity":3,"level":"\u001b[33mwarn\u001b[39m","message":"Signal conflict detected:","newModule":"Calendar","newSpecificity":3,"pattern":"regex:n_(.+)_(?:--|\\+\\+|\\+|-|0)","resolution":"existing wins","timestamp":"2025-09-17 17:30:39"}
{"existingModule":"Quests","existingSpecificity":15,"level":"\u001b[33mwarn\u001b[39m","message":"Signal conflict detected:","newModule":"Scheduler","newSpecificity":15,"pattern":"regex:schedule_quest_(.+)","resolution":"existing wins","timestamp":"2025-09-17 17:30:39"}
{"level":"\u001b[32minfo\u001b[39m","message":"Starting HolonsBot with REFACTORED architecture","timestamp":"2025-09-17 17:35:12"}
{"appname":"Holons","level":"\u001b[32minfo\u001b[39m","message":"Starting HolonsBot initialization","timestamp":"2025-09-17 17:35:12"}
{"level":"\u001b[32minfo\u001b[39m","message":"Telegram bot initialized (not yet launched)","timestamp":"2025-09-17 17:35:12"}
{"level":"\u001b[32minfo\u001b[39m","message":"SignalManager initialized","timestamp":"2025-09-17 17:35:12"}
{"appname":"HolonsDebug","level":"\u001b[32minfo\u001b[39m","message":"Database initialized","timestamp":"2025-09-17 17:35:12"}
{"existingModule":"Settings","existingSpecificity":13,"level":"\u001b[33mwarn\u001b[39m","message":"Signal conflict detected:","newModule":"Settings","newSpecificity":13,"pattern":"regex:timezone_set_(.+)","resolution":"existing wins","timestamp":"2025-09-17 17:35:12"}
{"existingModule":"Settings","existingSpecificity":13,"level":"\u001b[33mwarn\u001b[39m","message":"Signal conflict detected:","newModule":"Settings","newSpecificity":13,"pattern":"string:settings_back","resolution":"existing wins","timestamp":"2025-09-17 17:35:12"}
{"existingModule":"Settings","existingSpecificity":22,"level":"\u001b[33mwarn\u001b[39m","message":"Signal conflict detected:","newModule":"Settings","newSpecificity":22,"pattern":"string:settings_values_change","resolution":"existing wins","timestamp":"2025-09-17 17:35:12"}
{"existingModule":"Settings","existingSpecificity":23,"level":"\u001b[33mwarn\u001b[39m","message":"Signal conflict detected:","newModule":"Settings","newSpecificity":23,"pattern":"string:settings_domains_change","resolution":"existing wins","timestamp":"2025-09-17 17:35:12"}
{"existingModule":"Settings","existingSpecificity":21,"level":"\u001b[33mwarn\u001b[39m","message":"Signal conflict detected:","newModule":"Settings","newSpecificity":21,"pattern":"string:settings_roles_change","resolution":"existing wins","timestamp":"2025-09-17 17:35:12"}
{"existingModule":"Settings","existingSpecificity":26,"level":"\u001b[33mwarn\u001b[39m","message":"Signal conflict detected:","newModule":"Settings","newSpecificity":26,"pattern":"string:settings_currencies_change","resolution":"existing wins","timestamp":"2025-09-17 17:35:12"}
{"existingModule":"Settings","existingSpecificity":14,"level":"\u001b[33mwarn\u001b[39m","message":"Signal conflict detected:","newModule":"Settings","newSpecificity":14,"pattern":"string:add_federation","resolution":"existing wins","timestamp":"2025-09-17 17:35:12"}
{"existingModule":"Settings","existingSpecificity":22,"level":"\u001b[33mwarn\u001b[39m","message":"Signal conflict detected:","newModule":"Settings","newSpecificity":22,"pattern":"string:settings_values_change","resolution":"existing wins","timestamp":"2025-09-17 17:35:12"}
{"existingModule":"Settings","existingSpecificity":23,"level":"\u001b[33mwarn\u001b[39m","message":"Signal conflict detected:","newModule":"Settings","newSpecificity":23,"pattern":"string:settings_domains_change","resolution":"existing wins","timestamp":"2025-09-17 17:35:12"}
{"existingModule":"Settings","existingSpecificity":21,"level":"\u001b[33mwarn\u001b[39m","message":"Signal conflict detected:","newModule":"Settings","newSpecificity":21,"pattern":"string:settings_roles_change","resolution":"existing wins","timestamp":"2025-09-17 17:35:12"}
{"existingModule":"Settings","existingSpecificity":26,"level":"\u001b[33mwarn\u001b[39m","message":"Signal conflict detected:","newModule":"Settings","newSpecificity":26,"pattern":"string:settings_currencies_change","resolution":"existing wins","timestamp":"2025-09-17 17:35:12"}
{"existingModule":"Settings","existingSpecificity":12,"level":"\u001b[33mwarn\u001b[39m","message":"Signal conflict detected:","newModule":"Settings","newSpecificity":12,"pattern":"string:help_add_hex","resolution":"existing wins","timestamp":"2025-09-17 17:35:12"}
{"existingModule":"Checklists","existingSpecificity":23,"level":"\u001b[33mwarn\u001b[39m","message":"Signal conflict detected:","newModule":"Roles","newSpecificity":23,"pattern":"regex:back_to_role_(.+)","resolution":"existing wins","timestamp":"2025-09-17 17:35:13"}
{"existingModule":"Checklists","existingSpecificity":6,"level":"\u001b[33mwarn\u001b[39m","message":"Signal conflict detected:","newModule":"Quests","newSpecificity":6,"pattern":"regex:check_(.+)","resolution":"existing wins","timestamp":"2025-09-17 17:35:13"}
{"existingModule":"Checklists","existingSpecificity":12,"level":"\u001b[33mwarn\u001b[39m","message":"Signal conflict detected:","newModule":"Quests","newSpecificity":12,"pattern":"regex:add_item_to_(.+)","resolution":"existing wins","timestamp":"2025-09-17 17:35:13"}
{"existingModule":"Calendar","existingSpecificity":3,"level":"\u001b[33mwarn\u001b[39m","message":"Signal conflict detected:","newModule":"Calendar","newSpecificity":3,"pattern":"regex:n_(.+)_(?:--|\\+\\+|\\+|-|0)","resolution":"existing wins","timestamp":"2025-09-17 17:35:13"}
{"existingModule":"Quests","existingSpecificity":15,"level":"\u001b[33mwarn\u001b[39m","message":"Signal conflict detected:","newModule":"Scheduler","newSpecificity":15,"pattern":"regex:schedule_quest_(.+)","resolution":"existing wins","timestamp":"2025-09-17 17:35:13"}
{"level":"\u001b[32minfo\u001b[39m","message":"Starting HolonsBot with REFACTORED architecture","timestamp":"2025-09-17 17:39:55"}
{"appname":"Holons","level":"\u001b[32minfo\u001b[39m","message":"Starting HolonsBot initialization","timestamp":"2025-09-17 17:39:55"}
{"level":"\u001b[32minfo\u001b[39m","message":"Telegram bot initialized (not yet launched)","timestamp":"2025-09-17 17:39:55"}
{"level":"\u001b[32minfo\u001b[39m","message":"SignalManager initialized","timestamp":"2025-09-17 17:39:55"}
{"appname":"HolonsDebug","level":"\u001b[32minfo\u001b[39m","message":"Database initialized","timestamp":"2025-09-17 17:39:55"}
{"existingModule":"Settings","existingSpecificity":13,"level":"\u001b[33mwarn\u001b[39m","message":"Signal conflict detected:","newModule":"Settings","newSpecificity":13,"pattern":"regex:timezone_set_(.+)","resolution":"existing wins","timestamp":"2025-09-17 17:39:55"}
{"existingModule":"Settings","existingSpecificity":13,"level":"\u001b[33mwarn\u001b[39m","message":"Signal conflict detected:","newModule":"Settings","newSpecificity":13,"pattern":"string:settings_back","resolution":"existing wins","timestamp":"2025-09-17 17:39:55"}
{"existingModule":"Settings","existingSpecificity":22,"level":"\u001b[33mwarn\u001b[39m","message":"Signal conflict detected:","newModule":"Settings","newSpecificity":22,"pattern":"string:settings_values_change","resolution":"existing wins","timestamp":"2025-09-17 17:39:55"}
{"existingModule":"Settings","existingSpecificity":23,"level":"\u001b[33mwarn\u001b[39m","message":"Signal conflict detected:","newModule":"Settings","newSpecificity":23,"pattern":"string:settings_domains_change","resolution":"existing wins","timestamp":"2025-09-17 17:39:55"}
{"existingModule":"Settings","existingSpecificity":21,"level":"\u001b[33mwarn\u001b[39m","message":"Signal conflict detected:","newModule":"Settings","newSpecificity":21,"pattern":"string:settings_roles_change","resolution":"existing wins","timestamp":"2025-09-17 17:39:55"}
{"existingModule":"Settings","existingSpecificity":26,"level":"\u001b[33mwarn\u001b[39m","message":"Signal conflict detected:","newModule":"Settings","newSpecificity":26,"pattern":"string:settings_currencies_change","resolution":"existing wins","timestamp":"2025-09-17 17:39:55"}
{"existingModule":"Settings","existingSpecificity":14,"level":"\u001b[33mwarn\u001b[39m","message":"Signal conflict detected:","newModule":"Settings","newSpecificity":14,"pattern":"string:add_federation","resolution":"existing wins","timestamp":"2025-09-17 17:39:55"}
{"existingModule":"Settings","existingSpecificity":22,"level":"\u001b[33mwarn\u001b[39m","message":"Signal conflict detected:","newModule":"Settings","newSpecificity":22,"pattern":"string:settings_values_change","resolution":"existing wins","timestamp":"2025-09-17 17:39:55"}
{"existingModule":"Settings","existingSpecificity":23,"level":"\u001b[33mwarn\u001b[39m","message":"Signal conflict detected:","newModule":"Settings","newSpecificity":23,"pattern":"string:settings_domains_change","resolution":"existing wins","timestamp":"2025-09-17 17:39:55"}
{"existingModule":"Settings","existingSpecificity":21,"level":"\u001b[33mwarn\u001b[39m","message":"Signal conflict detected:","newModule":"Settings","newSpecificity":21,"pattern":"string:settings_roles_change","resolution":"existing wins","timestamp":"2025-09-17 17:39:55"}
{"existingModule":"Settings","existingSpecificity":26,"level":"\u001b[33mwarn\u001b[39m","message":"Signal conflict detected:","newModule":"Settings","newSpecificity":26,"pattern":"string:settings_currencies_change","resolution":"existing wins","timestamp":"2025-09-17 17:39:55"}
{"existingModule":"Settings","existingSpecificity":12,"level":"\u001b[33mwarn\u001b[39m","message":"Signal conflict detected:","newModule":"Settings","newSpecificity":12,"pattern":"string:help_add_hex","resolution":"existing wins","timestamp":"2025-09-17 17:39:55"}
{"existingModule":"Checklists","existingSpecificity":23,"level":"\u001b[33mwarn\u001b[39m","message":"Signal conflict detected:","newModule":"Roles","newSpecificity":23,"pattern":"regex:back_to_role_(.+)","resolution":"existing wins","timestamp":"2025-09-17 17:39:56"}
{"existingModule":"Checklists","existingSpecificity":6,"level":"\u001b[33mwarn\u001b[39m","message":"Signal conflict detected:","newModule":"Quests","newSpecificity":6,"pattern":"regex:check_(.+)","resolution":"existing wins","timestamp":"2025-09-17 17:39:56"}
{"existingModule":"Checklists","existingSpecificity":12,"level":"\u001b[33mwarn\u001b[39m","message":"Signal conflict detected:","newModule":"Quests","newSpecificity":12,"pattern":"regex:add_item_to_(.+)","resolution":"existing wins","timestamp":"2025-09-17 17:39:56"}
{"existingModule":"Calendar","existingSpecificity":3,"level":"\u001b[33mwarn\u001b[39m","message":"Signal conflict detected:","newModule":"Calendar","newSpecificity":3,"pattern":"regex:n_(.+)_(?:--|\\+\\+|\\+|-|0)","resolution":"existing wins","timestamp":"2025-09-17 17:39:56"}
{"existingModule":"Quests","existingSpecificity":15,"level":"\u001b[33mwarn\u001b[39m","message":"Signal conflict detected:","newModule":"Scheduler","newSpecificity":15,"pattern":"regex:schedule_quest_(.+)","resolution":"existing wins","timestamp":"2025-09-17 17:39:56"}
{"level":"\u001b[32minfo\u001b[39m","message":"Starting HolonsBot with REFACTORED architecture","timestamp":"2025-09-17 17:40:16"}
{"appname":"Holons","level":"\u001b[32minfo\u001b[39m","message":"Starting HolonsBot initialization","timestamp":"2025-09-17 17:40:16"}
{"level":"\u001b[32minfo\u001b[39m","message":"Telegram bot initialized (not yet launched)","timestamp":"2025-09-17 17:40:16"}
{"level":"\u001b[32minfo\u001b[39m","message":"SignalManager initialized","timestamp":"2025-09-17 17:40:16"}
{"appname":"HolonsDebug","level":"\u001b[32minfo\u001b[39m","message":"Database initialized","timestamp":"2025-09-17 17:40:16"}
{"existingModule":"Settings","existingSpecificity":13,"level":"\u001b[33mwarn\u001b[39m","message":"Signal conflict detected:","newModule":"Settings","newSpecificity":13,"pattern":"regex:timezone_set_(.+)","resolution":"existing wins","timestamp":"2025-09-17 17:40:16"}
{"existingModule":"Settings","existingSpecificity":13,"level":"\u001b[33mwarn\u001b[39m","message":"Signal conflict detected:","newModule":"Settings","newSpecificity":13,"pattern":"string:settings_back","resolution":"existing wins","timestamp":"2025-09-17 17:40:16"}
{"existingModule":"Settings","existingSpecificity":22,"level":"\u001b[33mwarn\u001b[39m","message":"Signal conflict detected:","newModule":"Settings","newSpecificity":22,"pattern":"string:settings_values_change","resolution":"existing wins","timestamp":"2025-09-17 17:40:16"}
{"existingModule":"Settings","existingSpecificity":23,"level":"\u001b[33mwarn\u001b[39m","message":"Signal conflict detected:","newModule":"Settings","newSpecificity":23,"pattern":"string:settings_domains_change","resolution":"existing wins","timestamp":"2025-09-17 17:40:16"}
{"existingModule":"Settings","existingSpecificity":21,"level":"\u001b[33mwarn\u001b[39m","message":"Signal conflict detected:","newModule":"Settings","newSpecificity":21,"pattern":"string:settings_roles_change","resolution":"existing wins","timestamp":"2025-09-17 17:40:16"}
{"existingModule":"Settings","existingSpecificity":26,"level":"\u001b[33mwarn\u001b[39m","message":"Signal conflict detected:","newModule":"Settings","newSpecificity":26,"pattern":"string:settings_currencies_change","resolution":"existing wins","timestamp":"2025-09-17 17:40:16"}
{"existingModule":"Settings","existingSpecificity":14,"level":"\u001b[33mwarn\u001b[39m","message":"Signal conflict detected:","newModule":"Settings","newSpecificity":14,"pattern":"string:add_federation","resolution":"existing wins","timestamp":"2025-09-17 17:40:16"}
{"existingModule":"Settings","existingSpecificity":22,"level":"\u001b[33mwarn\u001b[39m","message":"Signal conflict detected:","newModule":"Settings","newSpecificity":22,"pattern":"string:settings_values_change","resolution":"existing wins","timestamp":"2025-09-17 17:40:16"}
{"existingModule":"Settings","existingSpecificity":23,"level":"\u001b[33mwarn\u001b[39m","message":"Signal conflict detected:","newModule":"Settings","newSpecificity":23,"pattern":"string:settings_domains_change","resolution":"existing wins","timestamp":"2025-09-17 17:40:16"}
{"existingModule":"Settings","existingSpecificity":21,"level":"\u001b[33mwarn\u001b[39m","message":"Signal conflict detected:","newModule":"Settings","newSpecificity":21,"pattern":"string:settings_roles_change","resolution":"existing wins","timestamp":"2025-09-17 17:40:16"}
{"existingModule":"Settings","existingSpecificity":26,"level":"\u001b[33mwarn\u001b[39m","message":"Signal conflict detected:","newModule":"Settings","newSpecificity":26,"pattern":"string:settings_currencies_change","resolution":"existing wins","timestamp":"2025-09-17 17:40:16"}
{"existingModule":"Settings","existingSpecificity":12,"level":"\u001b[33mwarn\u001b[39m","message":"Signal conflict detected:","newModule":"Settings","newSpecificity":12,"pattern":"string:help_add_hex","resolution":"existing wins","timestamp":"2025-09-17 17:40:16"}
{"existingModule":"Checklists","existingSpecificity":23,"level":"\u001b[33mwarn\u001b[39m","message":"Signal conflict detected:","newModule":"Roles","newSpecificity":23,"pattern":"regex:back_to_role_(.+)","resolution":"existing wins","timestamp":"2025-09-17 17:40:17"}
{"existingModule":"Checklists","existingSpecificity":6,"level":"\u001b[33mwarn\u001b[39m","message":"Signal conflict detected:","newModule":"Quests","newSpecificity":6,"pattern":"regex:check_(.+)","resolution":"existing wins","timestamp":"2025-09-17 17:40:17"}
{"existingModule":"Checklists","existingSpecificity":12,"level":"\u001b[33mwarn\u001b[39m","message":"Signal conflict detected:","newModule":"Quests","newSpecificity":12,"pattern":"regex:add_item_to_(.+)","resolution":"existing wins","timestamp":"2025-09-17 17:40:17"}
{"existingModule":"Calendar","existingSpecificity":3,"level":"\u001b[33mwarn\u001b[39m","message":"Signal conflict detected:","newModule":"Calendar","newSpecificity":3,"pattern":"regex:n_(.+)_(?:--|\\+\\+|\\+|-|0)","resolution":"existing wins","timestamp":"2025-09-17 17:40:17"}
{"existingModule":"Quests","existingSpecificity":15,"level":"\u001b[33mwarn\u001b[39m","message":"Signal conflict detected:","newModule":"Scheduler","newSpecificity":15,"pattern":"regex:schedule_quest_(.+)","resolution":"existing wins","timestamp":"2025-09-17 17:40:17"}
{"level":"\u001b[32minfo\u001b[39m","message":"Starting HolonsBot with REFACTORED architecture","timestamp":"2025-09-17 17:50:03"}
{"appname":"Holons","level":"\u001b[32minfo\u001b[39m","message":"Starting HolonsBot initialization","timestamp":"2025-09-17 17:50:04"}
{"level":"\u001b[32minfo\u001b[39m","message":"Telegram bot initialized (not yet launched)","timestamp":"2025-09-17 17:50:04"}
{"level":"\u001b[32minfo\u001b[39m","message":"SignalManager initialized","timestamp":"2025-09-17 17:50:04"}
{"appname":"HolonsDebug","level":"\u001b[32minfo\u001b[39m","message":"Database initialized","timestamp":"2025-09-17 17:50:04"}
{"existingModule":"Settings","existingSpecificity":13,"level":"\u001b[33mwarn\u001b[39m","message":"Signal conflict detected:","newModule":"Settings","newSpecificity":13,"pattern":"regex:timezone_set_(.+)","resolution":"existing wins","timestamp":"2025-09-17 17:50:04"}
{"existingModule":"Settings","existingSpecificity":13,"level":"\u001b[33mwarn\u001b[39m","message":"Signal conflict detected:","newModule":"Settings","newSpecificity":13,"pattern":"string:settings_back","resolution":"existing wins","timestamp":"2025-09-17 17:50:04"}
{"existingModule":"Settings","existingSpecificity":22,"level":"\u001b[33mwarn\u001b[39m","message":"Signal conflict detected:","newModule":"Settings","newSpecificity":22,"pattern":"string:settings_values_change","resolution":"existing wins","timestamp":"2025-09-17 17:50:04"}
{"existingModule":"Settings","existingSpecificity":23,"level":"\u001b[33mwarn\u001b[39m","message":"Signal conflict detected:","newModule":"Settings","newSpecificity":23,"pattern":"string:settings_domains_change","resolution":"existing wins","timestamp":"2025-09-17 17:50:04"}
{"existingModule":"Settings","existingSpecificity":21,"level":"\u001b[33mwarn\u001b[39m","message":"Signal conflict detected:","newModule":"Settings","newSpecificity":21,"pattern":"string:settings_roles_change","resolution":"existing wins","timestamp":"2025-09-17 17:50:04"}
{"existingModule":"Settings","existingSpecificity":26,"level":"\u001b[33mwarn\u001b[39m","message":"Signal conflict detected:","newModule":"Settings","newSpecificity":26,"pattern":"string:settings_currencies_change","resolution":"existing wins","timestamp":"2025-09-17 17:50:04"}
{"existingModule":"Settings","existingSpecificity":14,"level":"\u001b[33mwarn\u001b[39m","message":"Signal conflict detected:","newModule":"Settings","newSpecificity":14,"pattern":"string:add_federation","resolution":"existing wins","timestamp":"2025-09-17 17:50:04"}
{"existingModule":"Settings","existingSpecificity":22,"level":"\u001b[33mwarn\u001b[39m","message":"Signal conflict detected:","newModule":"Settings","newSpecificity":22,"pattern":"string:settings_values_change","resolution":"existing wins","timestamp":"2025-09-17 17:50:04"}
{"existingModule":"Settings","existingSpecificity":23,"level":"\u001b[33mwarn\u001b[39m","message":"Signal conflict detected:","newModule":"Settings","newSpecificity":23,"pattern":"string:settings_domains_change","resolution":"existing wins","timestamp":"2025-09-17 17:50:04"}
{"existingModule":"Settings","existingSpecificity":21,"level":"\u001b[33mwarn\u001b[39m","message":"Signal conflict detected:","newModule":"Settings","newSpecificity":21,"pattern":"string:settings_roles_change","resolution":"existing wins","timestamp":"2025-09-17 17:50:04"}
{"existingModule":"Settings","existingSpecificity":26,"level":"\u001b[33mwarn\u001b[39m","message":"Signal conflict detected:","newModule":"Settings","newSpecificity":26,"pattern":"string:settings_currencies_change","resolution":"existing wins","timestamp":"2025-09-17 17:50:04"}
{"existingModule":"Settings","existingSpecificity":12,"level":"\u001b[33mwarn\u001b[39m","message":"Signal conflict detected:","newModule":"Settings","newSpecificity":12,"pattern":"string:help_add_hex","resolution":"existing wins","timestamp":"2025-09-17 17:50:04"}
{"existingModule":"Checklists","existingSpecificity":23,"level":"\u001b[33mwarn\u001b[39m","message":"Signal conflict detected:","newModule":"Roles","newSpecificity":23,"pattern":"regex:back_to_role_(.+)","resolution":"existing wins","timestamp":"2025-09-17 17:50:04"}
{"existingModule":"Checklists","existingSpecificity":6,"level":"\u001b[33mwarn\u001b[39m","message":"Signal conflict detected:","newModule":"Quests","newSpecificity":6,"pattern":"regex:check_(.+)","resolution":"existing wins","timestamp":"2025-09-17 17:50:04"}
{"existingModule":"Checklists","existingSpecificity":12,"level":"\u001b[33mwarn\u001b[39m","message":"Signal conflict detected:","newModule":"Quests","newSpecificity":12,"pattern":"regex:add_item_to_(.+)","resolution":"existing wins","timestamp":"2025-09-17 17:50:04"}
{"existingModule":"Calendar","existingSpecificity":3,"level":"\u001b[33mwarn\u001b[39m","message":"Signal conflict detected:","newModule":"Calendar","newSpecificity":3,"pattern":"regex:n_(.+)_(?:--|\\+\\+|\\+|-|0)","resolution":"existing wins","timestamp":"2025-09-17 17:50:04"}
{"existingModule":"Quests","existingSpecificity":15,"level":"\u001b[33mwarn\u001b[39m","message":"Signal conflict detected:","newModule":"Scheduler","newSpecificity":15,"pattern":"regex:schedule_quest_(.+)","resolution":"existing wins","timestamp":"2025-09-17 17:50:04"}
{"level":"\u001b[32minfo\u001b[39m","message":"Starting HolonsBot with REFACTORED architecture","timestamp":"2025-09-17 17:50:35"}
{"appname":"Holons","level":"\u001b[32minfo\u001b[39m","message":"Starting HolonsBot initialization","timestamp":"2025-09-17 17:50:36"}
{"level":"\u001b[32minfo\u001b[39m","message":"Telegram bot initialized (not yet launched)","timestamp":"2025-09-17 17:50:36"}
{"level":"\u001b[32minfo\u001b[39m","message":"SignalManager initialized","timestamp":"2025-09-17 17:50:36"}
{"appname":"HolonsDebug","level":"\u001b[32minfo\u001b[39m","message":"Database initialized","timestamp":"2025-09-17 17:50:36"}
{"existingModule":"Settings","existingSpecificity":13,"level":"\u001b[33mwarn\u001b[39m","message":"Signal conflict detected:","newModule":"Settings","newSpecificity":13,"pattern":"regex:timezone_set_(.+)","resolution":"existing wins","timestamp":"2025-09-17 17:50:36"}
{"existingModule":"Settings","existingSpecificity":13,"level":"\u001b[33mwarn\u001b[39m","message":"Signal conflict detected:","newModule":"Settings","newSpecificity":13,"pattern":"string:settings_back","resolution":"existing wins","timestamp":"2025-09-17 17:50:36"}
{"existingModule":"Settings","existingSpecificity":22,"level":"\u001b[33mwarn\u001b[39m","message":"Signal conflict detected:","newModule":"Settings","newSpecificity":22,"pattern":"string:settings_values_change","resolution":"existing wins","timestamp":"2025-09-17 17:50:36"}
{"existingModule":"Settings","existingSpecificity":23,"level":"\u001b[33mwarn\u001b[39m","message":"Signal conflict detected:","newModule":"Settings","newSpecificity":23,"pattern":"string:settings_domains_change","resolution":"existing wins","timestamp":"2025-09-17 17:50:36"}
{"existingModule":"Settings","existingSpecificity":21,"level":"\u001b[33mwarn\u001b[39m","message":"Signal conflict detected:","newModule":"Settings","newSpecificity":21,"pattern":"string:settings_roles_change","resolution":"existing wins","timestamp":"2025-09-17 17:50:36"}
{"existingModule":"Settings","existingSpecificity":26,"level":"\u001b[33mwarn\u001b[39m","message":"Signal conflict detected:","newModule":"Settings","newSpecificity":26,"pattern":"string:settings_currencies_change","resolution":"existing wins","timestamp":"2025-09-17 17:50:36"}
{"existingModule":"Settings","existingSpecificity":14,"level":"\u001b[33mwarn\u001b[39m","message":"Signal conflict detected:","newModule":"Settings","newSpecificity":14,"pattern":"string:add_federation","resolution":"existing wins","timestamp":"2025-09-17 17:50:36"}
{"existingModule":"Settings","existingSpecificity":22,"level":"\u001b[33mwarn\u001b[39m","message":"Signal conflict detected:","newModule":"Settings","newSpecificity":22,"pattern":"string:settings_values_change","resolution":"existing wins","timestamp":"2025-09-17 17:50:36"}
{"existingModule":"Settings","existingSpecificity":23,"level":"\u001b[33mwarn\u001b[39m","message":"Signal conflict detected:","newModule":"Settings","newSpecificity":23,"pattern":"string:settings_domains_change","resolution":"existing wins","timestamp":"2025-09-17 17:50:36"}
{"existingModule":"Settings","existingSpecificity":21,"level":"\u001b[33mwarn\u001b[39m","message":"Signal conflict detected:","newModule":"Settings","newSpecificity":21,"pattern":"string:settings_roles_change","resolution":"existing wins","timestamp":"2025-09-17 17:50:36"}
{"existingModule":"Settings","existingSpecificity":26,"level":"\u001b[33mwarn\u001b[39m","message":"Signal conflict detected:","newModule":"Settings","newSpecificity":26,"pattern":"string:settings_currencies_change","resolution":"existing wins","timestamp":"2025-09-17 17:50:36"}
{"existingModule":"Settings","existingSpecificity":12,"level":"\u001b[33mwarn\u001b[39m","message":"Signal conflict detected:","newModule":"Settings","newSpecificity":12,"pattern":"string:help_add_hex","resolution":"existing wins","timestamp":"2025-09-17 17:50:36"}
{"existingModule":"Checklists","existingSpecificity":23,"level":"\u001b[33mwarn\u001b[39m","message":"Signal conflict detected:","newModule":"Roles","newSpecificity":23,"pattern":"regex:back_to_role_(.+)","resolution":"existing wins","timestamp":"2025-09-17 17:50:36"}
{"existingModule":"Checklists","existingSpecificity":6,"level":"\u001b[33mwarn\u001b[39m","message":"Signal conflict detected:","newModule":"Quests","newSpecificity":6,"pattern":"regex:check_(.+)","resolution":"existing wins","timestamp":"2025-09-17 17:50:36"}
{"existingModule":"Checklists","existingSpecificity":12,"level":"\u001b[33mwarn\u001b[39m","message":"Signal conflict detected:","newModule":"Quests","newSpecificity":12,"pattern":"regex:add_item_to_(.+)","resolution":"existing wins","timestamp":"2025-09-17 17:50:36"}
{"existingModule":"Calendar","existingSpecificity":3,"level":"\u001b[33mwarn\u001b[39m","message":"Signal conflict detected:","newModule":"Calendar","newSpecificity":3,"pattern":"regex:n_(.+)_(?:--|\\+\\+|\\+|-|0)","resolution":"existing wins","timestamp":"2025-09-17 17:50:36"}
{"existingModule":"Quests","existingSpecificity":15,"level":"\u001b[33mwarn\u001b[39m","message":"Signal conflict detected:","newModule":"Scheduler","newSpecificity":15,"pattern":"regex:schedule_quest_(.+)","resolution":"existing wins","timestamp":"2025-09-17 17:50:37"}
{"level":"\u001b[32minfo\u001b[39m","message":"Starting HolonsBot with REFACTORED architecture","timestamp":"2025-09-17 17:50:45"}
{"appname":"Holons","level":"\u001b[32minfo\u001b[39m","message":"Starting HolonsBot initialization","timestamp":"2025-09-17 17:50:45"}
{"level":"\u001b[32minfo\u001b[39m","message":"Telegram bot initialized (not yet launched)","timestamp":"2025-09-17 17:50:45"}
{"level":"\u001b[32minfo\u001b[39m","message":"SignalManager initialized","timestamp":"2025-09-17 17:50:45"}
{"appname":"HolonsDebug","level":"\u001b[32minfo\u001b[39m","message":"Database initialized","timestamp":"2025-09-17 17:50:45"}
{"existingModule":"Settings","existingSpecificity":13,"level":"\u001b[33mwarn\u001b[39m","message":"Signal conflict detected:","newModule":"Settings","newSpecificity":13,"pattern":"regex:timezone_set_(.+)","resolution":"existing wins","timestamp":"2025-09-17 17:50:45"}
{"existingModule":"Settings","existingSpecificity":13,"level":"\u001b[33mwarn\u001b[39m","message":"Signal conflict detected:","newModule":"Settings","newSpecificity":13,"pattern":"string:settings_back","resolution":"existing wins","timestamp":"2025-09-17 17:50:45"}
{"existingModule":"Settings","existingSpecificity":22,"level":"\u001b[33mwarn\u001b[39m","message":"Signal conflict detected:","newModule":"Settings","newSpecificity":22,"pattern":"string:settings_values_change","resolution":"existing wins","timestamp":"2025-09-17 17:50:45"}
{"existingModule":"Settings","existingSpecificity":23,"level":"\u001b[33mwarn\u001b[39m","message":"Signal conflict detected:","newModule":"Settings","newSpecificity":23,"pattern":"string:settings_domains_change","resolution":"existing wins","timestamp":"2025-09-17 17:50:45"}
{"existingModule":"Settings","existingSpecificity":21,"level":"\u001b[33mwarn\u001b[39m","message":"Signal conflict detected:","newModule":"Settings","newSpecificity":21,"pattern":"string:settings_roles_change","resolution":"existing wins","timestamp":"2025-09-17 17:50:45"}
{"existingModule":"Settings","existingSpecificity":26,"level":"\u001b[33mwarn\u001b[39m","message":"Signal conflict detected:","newModule":"Settings","newSpecificity":26,"pattern":"string:settings_currencies_change","resolution":"existing wins","timestamp":"2025-09-17 17:50:45"}
{"existingModule":"Settings","existingSpecificity":14,"level":"\u001b[33mwarn\u001b[39m","message":"Signal conflict detected:","newModule":"Settings","newSpecificity":14,"pattern":"string:add_federation","resolution":"existing wins","timestamp":"2025-09-17 17:50:45"}
{"existingModule":"Settings","existingSpecificity":22,"level":"\u001b[33mwarn\u001b[39m","message":"Signal conflict detected:","newModule":"Settings","newSpecificity":22,"pattern":"string:settings_values_change","resolution":"existing wins","timestamp":"2025-09-17 17:50:45"}
{"existingModule":"Settings","existingSpecificity":23,"level":"\u001b[33mwarn\u001b[39m","message":"Signal conflict detected:","newModule":"Settings","newSpecificity":23,"pattern":"string:settings_domains_change","resolution":"existing wins","timestamp":"2025-09-17 17:50:45"}
{"existingModule":"Settings","existingSpecificity":21,"level":"\u001b[33mwarn\u001b[39m","message":"Signal conflict detected:","newModule":"Settings","newSpecificity":21,"pattern":"string:settings_roles_change","resolution":"existing wins","timestamp":"2025-09-17 17:50:45"}
{"existingModule":"Settings","existingSpecificity":26,"level":"\u001b[33mwarn\u001b[39m","message":"Signal conflict detected:","newModule":"Settings","newSpecificity":26,"pattern":"string:settings_currencies_change","resolution":"existing wins","timestamp":"2025-09-17 17:50:45"}
{"existingModule":"Settings","existingSpecificity":12,"level":"\u001b[33mwarn\u001b[39m","message":"Signal conflict detected:","newModule":"Settings","newSpecificity":12,"pattern":"string:help_add_hex","resolution":"existing wins","timestamp":"2025-09-17 17:50:45"}
{"existingModule":"Checklists","existingSpecificity":23,"level":"\u001b[33mwarn\u001b[39m","message":"Signal conflict detected:","newModule":"Roles","newSpecificity":23,"pattern":"regex:back_to_role_(.+)","resolution":"existing wins","timestamp":"2025-09-17 17:50:45"}
{"existingModule":"Checklists","existingSpecificity":6,"level":"\u001b[33mwarn\u001b[39m","message":"Signal conflict detected:","newModule":"Quests","newSpecificity":6,"pattern":"regex:check_(.+)","resolution":"existing wins","timestamp":"2025-09-17 17:50:45"}
{"existingModule":"Checklists","existingSpecificity":12,"level":"\u001b[33mwarn\u001b[39m","message":"Signal conflict detected:","newModule":"Quests","newSpecificity":12,"pattern":"regex:add_item_to_(.+)","resolution":"existing wins","timestamp":"2025-09-17 17:50:45"}
{"existingModule":"Calendar","existingSpecificity":3,"level":"\u001b[33mwarn\u001b[39m","message":"Signal conflict detected:","newModule":"Calendar","newSpecificity":3,"pattern":"regex:n_(.+)_(?:--|\\+\\+|\\+|-|0)","resolution":"existing wins","timestamp":"2025-09-17 17:50:45"}
{"existingModule":"Quests","existingSpecificity":15,"level":"\u001b[33mwarn\u001b[39m","message":"Signal conflict detected:","newModule":"Scheduler","newSpecificity":15,"pattern":"regex:schedule_quest_(.+)","resolution":"existing wins","timestamp":"2025-09-17 17:50:45"}
{"level":"\u001b[32minfo\u001b[39m","message":"Starting HolonsBot with REFACTORED architecture","timestamp":"2025-09-17 17:51:00"}
{"appname":"Holons","level":"\u001b[32minfo\u001b[39m","message":"Starting HolonsBot initialization","timestamp":"2025-09-17 17:51:00"}
{"level":"\u001b[32minfo\u001b[39m","message":"Telegram bot initialized (not yet launched)","timestamp":"2025-09-17 17:51:00"}
{"level":"\u001b[32minfo\u001b[39m","message":"SignalManager initialized","timestamp":"2025-09-17 17:51:00"}
{"appname":"HolonsDebug","level":"\u001b[32minfo\u001b[39m","message":"Database initialized","timestamp":"2025-09-17 17:51:00"}
{"existingModule":"Settings","existingSpecificity":13,"level":"\u001b[33mwarn\u001b[39m","message":"Signal conflict detected:","newModule":"Settings","newSpecificity":13,"pattern":"regex:timezone_set_(.+)","resolution":"existing wins","timestamp":"2025-09-17 17:51:00"}
{"existingModule":"Settings","existingSpecificity":13,"level":"\u001b[33mwarn\u001b[39m","message":"Signal conflict detected:","newModule":"Settings","newSpecificity":13,"pattern":"string:settings_back","resolution":"existing wins","timestamp":"2025-09-17 17:51:00"}
{"existingModule":"Settings","existingSpecificity":22,"level":"\u001b[33mwarn\u001b[39m","message":"Signal conflict detected:","newModule":"Settings","newSpecificity":22,"pattern":"string:settings_values_change","resolution":"existing wins","timestamp":"2025-09-17 17:51:00"}
{"existingModule":"Settings","existingSpecificity":23,"level":"\u001b[33mwarn\u001b[39m","message":"Signal conflict detected:","newModule":"Settings","newSpecificity":23,"pattern":"string:settings_domains_change","resolution":"existing wins","timestamp":"2025-09-17 17:51:00"}
{"existingModule":"Settings","existingSpecificity":21,"level":"\u001b[33mwarn\u001b[39m","message":"Signal conflict detected:","newModule":"Settings","newSpecificity":21,"pattern":"string:settings_roles_change","resolution":"existing wins","timestamp":"2025-09-17 17:51:00"}
{"existingModule":"Settings","existingSpecificity":26,"level":"\u001b[33mwarn\u001b[39m","message":"Signal conflict detected:","newModule":"Settings","newSpecificity":26,"pattern":"string:settings_currencies_change","resolution":"existing wins","timestamp":"2025-09-17 17:51:00"}
{"existingModule":"Settings","existingSpecificity":14,"level":"\u001b[33mwarn\u001b[39m","message":"Signal conflict detected:","newModule":"Settings","newSpecificity":14,"pattern":"string:add_federation","resolution":"existing wins","timestamp":"2025-09-17 17:51:00"}
{"existingModule":"Settings","existingSpecificity":22,"level":"\u001b[33mwarn\u001b[39m","message":"Signal conflict detected:","newModule":"Settings","newSpecificity":22,"pattern":"string:settings_values_change","resolution":"existing wins","timestamp":"2025-09-17 17:51:00"}
{"existingModule":"Settings","existingSpecificity":23,"level":"\u001b[33mwarn\u001b[39m","message":"Signal conflict detected:","newModule":"Settings","newSpecificity":23,"pattern":"string:settings_domains_change","resolution":"existing wins","timestamp":"2025-09-17 17:51:00"}
{"existingModule":"Settings","existingSpecificity":21,"level":"\u001b[33mwarn\u001b[39m","message":"Signal conflict detected:","newModule":"Settings","newSpecificity":21,"pattern":"string:settings_roles_change","resolution":"existing wins","timestamp":"2025-09-17 17:51:00"}
{"existingModule":"Settings","existingSpecificity":26,"level":"\u001b[33mwarn\u001b[39m","message":"Signal conflict detected:","newModule":"Settings","newSpecificity":26,"pattern":"string:settings_currencies_change","resolution":"existing wins","timestamp":"2025-09-17 17:51:00"}
{"existingModule":"Settings","existingSpecificity":12,"level":"\u001b[33mwarn\u001b[39m","message":"Signal conflict detected:","newModule":"Settings","newSpecificity":12,"pattern":"string:help_add_hex","resolution":"existing wins","timestamp":"2025-09-17 17:51:00"}
{"existingModule":"Checklists","existingSpecificity":23,"level":"\u001b[33mwarn\u001b[39m","message":"Signal conflict detected:","newModule":"Roles","newSpecificity":23,"pattern":"regex:back_to_role_(.+)","resolution":"existing wins","timestamp":"2025-09-17 17:51:01"}
{"existingModule":"Checklists","existingSpecificity":6,"level":"\u001b[33mwarn\u001b[39m","message":"Signal conflict detected:","newModule":"Quests","newSpecificity":6,"pattern":"regex:check_(.+)","resolution":"existing wins","timestamp":"2025-09-17 17:51:01"}
{"existingModule":"Checklists","existingSpecificity":12,"level":"\u001b[33mwarn\u001b[39m","message":"Signal conflict detected:","newModule":"Quests","newSpecificity":12,"pattern":"regex:add_item_to_(.+)","resolution":"existing wins","timestamp":"2025-09-17 17:51:01"}
{"existingModule":"Calendar","existingSpecificity":3,"level":"\u001b[33mwarn\u001b[39m","message":"Signal conflict detected:","newModule":"Calendar","newSpecificity":3,"pattern":"regex:n_(.+)_(?:--|\\+\\+|\\+|-|0)","resolution":"existing wins","timestamp":"2025-09-17 17:51:01"}
{"existingModule":"Quests","existingSpecificity":15,"level":"\u001b[33mwarn\u001b[39m","message":"Signal conflict detected:","newModule":"Scheduler","newSpecificity":15,"pattern":"regex:schedule_quest_(.+)","resolution":"existing wins","timestamp":"2025-09-17 17:51:01"}
{"level":"\u001b[32minfo\u001b[39m","message":"Starting HolonsBot with REFACTORED architecture","timestamp":"2025-09-17 17:51:37"}
{"appname":"Holons","level":"\u001b[32minfo\u001b[39m","message":"Starting HolonsBot initialization","timestamp":"2025-09-17 17:51:38"}
{"level":"\u001b[32minfo\u001b[39m","message":"Telegram bot initialized (not yet launched)","timestamp":"2025-09-17 17:51:38"}
{"level":"\u001b[32minfo\u001b[39m","message":"SignalManager initialized","timestamp":"2025-09-17 17:51:38"}
{"appname":"HolonsDebug","level":"\u001b[32minfo\u001b[39m","message":"Database initialized","timestamp":"2025-09-17 17:51:38"}
{"existingModule":"Settings","existingSpecificity":13,"level":"\u001b[33mwarn\u001b[39m","message":"Signal conflict detected:","newModule":"Settings","newSpecificity":13,"pattern":"regex:timezone_set_(.+)","resolution":"existing wins","timestamp":"2025-09-17 17:51:38"}
{"existingModule":"Settings","existingSpecificity":13,"level":"\u001b[33mwarn\u001b[39m","message":"Signal conflict detected:","newModule":"Settings","newSpecificity":13,"pattern":"string:settings_back","resolution":"existing wins","timestamp":"2025-09-17 17:51:38"}
{"existingModule":"Settings","existingSpecificity":22,"level":"\u001b[33mwarn\u001b[39m","message":"Signal conflict detected:","newModule":"Settings","newSpecificity":22,"pattern":"string:settings_values_change","resolution":"existing wins","timestamp":"2025-09-17 17:51:38"}
{"existingModule":"Settings","existingSpecificity":23,"level":"\u001b[33mwarn\u001b[39m","message":"Signal conflict detected:","newModule":"Settings","newSpecificity":23,"pattern":"string:settings_domains_change","resolution":"existing wins","timestamp":"2025-09-17 17:51:38"}
{"existingModule":"Settings","existingSpecificity":21,"level":"\u001b[33mwarn\u001b[39m","message":"Signal conflict detected:","newModule":"Settings","newSpecificity":21,"pattern":"string:settings_roles_change","resolution":"existing wins","timestamp":"2025-09-17 17:51:38"}
{"existingModule":"Settings","existingSpecificity":26,"level":"\u001b[33mwarn\u001b[39m","message":"Signal conflict detected:","newModule":"Settings","newSpecificity":26,"pattern":"string:settings_currencies_change","resolution":"existing wins","timestamp":"2025-09-17 17:51:38"}
{"existingModule":"Settings","existingSpecificity":14,"level":"\u001b[33mwarn\u001b[39m","message":"Signal conflict detected:","newModule":"Settings","newSpecificity":14,"pattern":"string:add_federation","resolution":"existing wins","timestamp":"2025-09-17 17:51:38"}
{"existingModule":"Settings","existingSpecificity":22,"level":"\u001b[33mwarn\u001b[39m","message":"Signal conflict detected:","newModule":"Settings","newSpecificity":22,"pattern":"string:settings_values_change","resolution":"existing wins","timestamp":"2025-09-17 17:51:38"}
{"existingModule":"Settings","existingSpecificity":23,"level":"\u001b[33mwarn\u001b[39m","message":"Signal conflict detected:","newModule":"Settings","newSpecificity":23,"pattern":"string:settings_domains_change","resolution":"existing wins","timestamp":"2025-09-17 17:51:38"}
{"existingModule":"Settings","existingSpecificity":21,"level":"\u001b[33mwarn\u001b[39m","message":"Signal conflict detected:","newModule":"Settings","newSpecificity":21,"pattern":"string:settings_roles_change","resolution":"existing wins","timestamp":"2025-09-17 17:51:38"}
{"existingModule":"Settings","existingSpecificity":26,"level":"\u001b[33mwarn\u001b[39m","message":"Signal conflict detected:","newModule":"Settings","newSpecificity":26,"pattern":"string:settings_currencies_change","resolution":"existing wins","timestamp":"2025-09-17 17:51:38"}
{"existingModule":"Settings","existingSpecificity":12,"level":"\u001b[33mwarn\u001b[39m","message":"Signal conflict detected:","newModule":"Settings","newSpecificity":12,"pattern":"string:help_add_hex","resolution":"existing wins","timestamp":"2025-09-17 17:51:38"}
{"existingModule":"Checklists","existingSpecificity":23,"level":"\u001b[33mwarn\u001b[39m","message":"Signal conflict detected:","newModule":"Roles","newSpecificity":23,"pattern":"regex:back_to_role_(.+)","resolution":"existing wins","timestamp":"2025-09-17 17:51:38"}
{"existingModule":"Checklists","existingSpecificity":6,"level":"\u001b[33mwarn\u001b[39m","message":"Signal conflict detected:","newModule":"Quests","newSpecificity":6,"pattern":"regex:check_(.+)","resolution":"existing wins","timestamp":"2025-09-17 17:51:38"}
{"existingModule":"Checklists","existingSpecificity":12,"level":"\u001b[33mwarn\u001b[39m","message":"Signal conflict detected:","newModule":"Quests","newSpecificity":12,"pattern":"regex:add_item_to_(.+)","resolution":"existing wins","timestamp":"2025-09-17 17:51:38"}
{"existingModule":"Calendar","existingSpecificity":3,"level":"\u001b[33mwarn\u001b[39m","message":"Signal conflict detected:","newModule":"Calendar","newSpecificity":3,"pattern":"regex:n_(.+)_(?:--|\\+\\+|\\+|-|0)","resolution":"existing wins","timestamp":"2025-09-17 17:51:38"}
{"existingModule":"Quests","existingSpecificity":15,"level":"\u001b[33mwarn\u001b[39m","message":"Signal conflict detected:","newModule":"Scheduler","newSpecificity":15,"pattern":"regex:schedule_quest_(.+)","resolution":"existing wins","timestamp":"2025-09-17 17:51:38"}
{"level":"\u001b[32minfo\u001b[39m","message":"Starting HolonsBot with REFACTORED architecture","timestamp":"2025-09-17 17:51:47"}
{"appname":"Holons","level":"\u001b[32minfo\u001b[39m","message":"Starting HolonsBot initialization","timestamp":"2025-09-17 17:51:48"}
{"level":"\u001b[32minfo\u001b[39m","message":"Telegram bot initialized (not yet launched)","timestamp":"2025-09-17 17:51:48"}
{"level":"\u001b[32minfo\u001b[39m","message":"SignalManager initialized","timestamp":"2025-09-17 17:51:48"}
{"appname":"HolonsDebug","level":"\u001b[32minfo\u001b[39m","message":"Database initialized","timestamp":"2025-09-17 17:51:48"}
{"existingModule":"Settings","existingSpecificity":13,"level":"\u001b[33mwarn\u001b[39m","message":"Signal conflict detected:","newModule":"Settings","newSpecificity":13,"pattern":"regex:timezone_set_(.+)","resolution":"existing wins","timestamp":"2025-09-17 17:51:48"}
{"existingModule":"Settings","existingSpecificity":13,"level":"\u001b[33mwarn\u001b[39m","message":"Signal conflict detected:","newModule":"Settings","newSpecificity":13,"pattern":"string:settings_back","resolution":"existing wins","timestamp":"2025-09-17 17:51:48"}
{"existingModule":"Settings","existingSpecificity":22,"level":"\u001b[33mwarn\u001b[39m","message":"Signal conflict detected:","newModule":"Settings","newSpecificity":22,"pattern":"string:settings_values_change","resolution":"existing wins","timestamp":"2025-09-17 17:51:48"}
{"existingModule":"Settings","existingSpecificity":23,"level":"\u001b[33mwarn\u001b[39m","message":"Signal conflict detected:","newModule":"Settings","newSpecificity":23,"pattern":"string:settings_domains_change","resolution":"existing wins","timestamp":"2025-09-17 17:51:48"}
{"existingModule":"Settings","existingSpecificity":21,"level":"\u001b[33mwarn\u001b[39m","message":"Signal conflict detected:","newModule":"Settings","newSpecificity":21,"pattern":"string:settings_roles_change","resolution":"existing wins","timestamp":"2025-09-17 17:51:48"}
{"existingModule":"Settings","existingSpecificity":26,"level":"\u001b[33mwarn\u001b[39m","message":"Signal conflict detected:","newModule":"Settings","newSpecificity":26,"pattern":"string:settings_currencies_change","resolution":"existing wins","timestamp":"2025-09-17 17:51:48"}
{"existingModule":"Settings","existingSpecificity":14,"level":"\u001b[33mwarn\u001b[39m","message":"Signal conflict detected:","newModule":"Settings","newSpecificity":14,"pattern":"string:add_federation","resolution":"existing wins","timestamp":"2025-09-17 17:51:48"}
{"existingModule":"Settings","existingSpecificity":22,"level":"\u001b[33mwarn\u001b[39m","message":"Signal conflict detected:","newModule":"Settings","newSpecificity":22,"pattern":"string:settings_values_change","resolution":"existing wins","timestamp":"2025-09-17 17:51:48"}
{"existingModule":"Settings","existingSpecificity":23,"level":"\u001b[33mwarn\u001b[39m","message":"Signal conflict detected:","newModule":"Settings","newSpecificity":23,"pattern":"string:settings_domains_change","resolution":"existing wins","timestamp":"2025-09-17 17:51:48"}
{"existingModule":"Settings","existingSpecificity":21,"level":"\u001b[33mwarn\u001b[39m","message":"Signal conflict detected:","newModule":"Settings","newSpecificity":21,"pattern":"string:settings_roles_change","resolution":"existing wins","timestamp":"2025-09-17 17:51:48"}
{"existingModule":"Settings","existingSpecificity":26,"level":"\u001b[33mwarn\u001b[39m","message":"Signal conflict detected:","newModule":"Settings","newSpecificity":26,"pattern":"string:settings_currencies_change","resolution":"existing wins","timestamp":"2025-09-17 17:51:48"}
{"existingModule":"Settings","existingSpecificity":12,"level":"\u001b[33mwarn\u001b[39m","message":"Signal conflict detected:","newModule":"Settings","newSpecificity":12,"pattern":"string:help_add_hex","resolution":"existing wins","timestamp":"2025-09-17 17:51:48"}
{"existingModule":"Checklists","existingSpecificity":23,"level":"\u001b[33mwarn\u001b[39m","message":"Signal conflict detected:","newModule":"Roles","newSpecificity":23,"pattern":"regex:back_to_role_(.+)","resolution":"existing wins","timestamp":"2025-09-17 17:51:48"}
{"existingModule":"Checklists","existingSpecificity":6,"level":"\u001b[33mwarn\u001b[39m","message":"Signal conflict detected:","newModule":"Quests","newSpecificity":6,"pattern":"regex:check_(.+)","resolution":"existing wins","timestamp":"2025-09-17 17:51:48"}
{"existingModule":"Checklists","existingSpecificity":12,"level":"\u001b[33mwarn\u001b[39m","message":"Signal conflict detected:","newModule":"Quests","newSpecificity":12,"pattern":"regex:add_item_to_(.+)","resolution":"existing wins","timestamp":"2025-09-17 17:51:48"}
{"existingModule":"Calendar","existingSpecificity":3,"level":"\u001b[33mwarn\u001b[39m","message":"Signal conflict detected:","newModule":"Calendar","newSpecificity":3,"pattern":"regex:n_(.+)_(?:--|\\+\\+|\\+|-|0)","resolution":"existing wins","timestamp":"2025-09-17 17:51:48"}
{"existingModule":"Quests","existingSpecificity":15,"level":"\u001b[33mwarn\u001b[39m","message":"Signal conflict detected:","newModule":"Scheduler","newSpecificity":15,"pattern":"regex:schedule_quest_(.+)","resolution":"existing wins","timestamp":"2025-09-17 17:51:48"}
{"level":"\u001b[32minfo\u001b[39m","message":"Starting HolonsBot with REFACTORED architecture","timestamp":"2025-09-17 17:56:51"}
{"appname":"Holons","level":"\u001b[32minfo\u001b[39m","message":"Starting HolonsBot initialization","timestamp":"2025-09-17 17:56:53"}
{"level":"\u001b[32minfo\u001b[39m","message":"Telegram bot initialized (not yet launched)","timestamp":"2025-09-17 17:56:53"}
{"level":"\u001b[32minfo\u001b[39m","message":"SignalManager initialized","timestamp":"2025-09-17 17:56:53"}
{"appname":"HolonsDebug","level":"\u001b[32minfo\u001b[39m","message":"Database initialized","timestamp":"2025-09-17 17:56:53"}
{"existingModule":"Settings","existingSpecificity":13,"level":"\u001b[33mwarn\u001b[39m","message":"Signal conflict detected:","newModule":"Settings","newSpecificity":13,"pattern":"regex:timezone_set_(.+)","resolution":"existing wins","timestamp":"2025-09-17 17:56:53"}
{"existingModule":"Settings","existingSpecificity":13,"level":"\u001b[33mwarn\u001b[39m","message":"Signal conflict detected:","newModule":"Settings","newSpecificity":13,"pattern":"string:settings_back","resolution":"existing wins","timestamp":"2025-09-17 17:56:53"}
{"existingModule":"Settings","existingSpecificity":22,"level":"\u001b[33mwarn\u001b[39m","message":"Signal conflict detected:","newModule":"Settings","newSpecificity":22,"pattern":"string:settings_values_change","resolution":"existing wins","timestamp":"2025-09-17 17:56:53"}
{"existingModule":"Settings","existingSpecificity":23,"level":"\u001b[33mwarn\u001b[39m","message":"Signal conflict detected:","newModule":"Settings","newSpecificity":23,"pattern":"string:settings_domains_change","resolution":"existing wins","timestamp":"2025-09-17 17:56:53"}
{"existingModule":"Settings","existingSpecificity":21,"level":"\u001b[33mwarn\u001b[39m","message":"Signal conflict detected:","newModule":"Settings","newSpecificity":21,"pattern":"string:settings_roles_change","resolution":"existing wins","timestamp":"2025-09-17 17:56:53"}
{"existingModule":"Settings","existingSpecificity":26,"level":"\u001b[33mwarn\u001b[39m","message":"Signal conflict detected:","newModule":"Settings","newSpecificity":26,"pattern":"string:settings_currencies_change","resolution":"existing wins","timestamp":"2025-09-17 17:56:53"}
{"existingModule":"Settings","existingSpecificity":14,"level":"\u001b[33mwarn\u001b[39m","message":"Signal conflict detected:","newModule":"Settings","newSpecificity":14,"pattern":"string:add_federation","resolution":"existing wins","timestamp":"2025-09-17 17:56:53"}
{"existingModule":"Settings","existingSpecificity":22,"level":"\u001b[33mwarn\u001b[39m","message":"Signal conflict detected:","newModule":"Settings","newSpecificity":22,"pattern":"string:settings_values_change","resolution":"existing wins","timestamp":"2025-09-17 17:56:53"}
{"existingModule":"Settings","existingSpecificity":23,"level":"\u001b[33mwarn\u001b[39m","message":"Signal conflict detected:","newModule":"Settings","newSpecificity":23,"pattern":"string:settings_domains_change","resolution":"existing wins","timestamp":"2025-09-17 17:56:53"}
{"existingModule":"Settings","existingSpecificity":21,"level":"\u001b[33mwarn\u001b[39m","message":"Signal conflict detected:","newModule":"Settings","newSpecificity":21,"pattern":"string:settings_roles_change","resolution":"existing wins","timestamp":"2025-09-17 17:56:53"}
{"existingModule":"Settings","existingSpecificity":26,"level":"\u001b[33mwarn\u001b[39m","message":"Signal conflict detected:","newModule":"Settings","newSpecificity":26,"pattern":"string:settings_currencies_change","resolution":"existing wins","timestamp":"2025-09-17 17:56:53"}
{"existingModule":"Settings","existingSpecificity":12,"level":"\u001b[33mwarn\u001b[39m","message":"Signal conflict detected:","newModule":"Settings","newSpecificity":12,"pattern":"string:help_add_hex","resolution":"existing wins","timestamp":"2025-09-17 17:56:53"}
{"existingModule":"Checklists","existingSpecificity":23,"level":"\u001b[33mwarn\u001b[39m","message":"Signal conflict detected:","newModule":"Roles","newSpecificity":23,"pattern":"regex:back_to_role_(.+)","resolution":"existing wins","timestamp":"2025-09-17 17:56:55"}
{"existingModule":"Checklists","existingSpecificity":6,"level":"\u001b[33mwarn\u001b[39m","message":"Signal conflict detected:","newModule":"Quests","newSpecificity":6,"pattern":"regex:check_(.+)","resolution":"existing wins","timestamp":"2025-09-17 17:56:55"}
{"existingModule":"Checklists","existingSpecificity":12,"level":"\u001b[33mwarn\u001b[39m","message":"Signal conflict detected:","newModule":"Quests","newSpecificity":12,"pattern":"regex:add_item_to_(.+)","resolution":"existing wins","timestamp":"2025-09-17 17:56:55"}
{"existingModule":"Calendar","existingSpecificity":3,"level":"\u001b[33mwarn\u001b[39m","message":"Signal conflict detected:","newModule":"Calendar","newSpecificity":3,"pattern":"regex:n_(.+)_(?:--|\\+\\+|\\+|-|0)","resolution":"existing wins","timestamp":"2025-09-17 17:56:55"}
{"existingModule":"Quests","existingSpecificity":15,"level":"\u001b[33mwarn\u001b[39m","message":"Signal conflict detected:","newModule":"Scheduler","newSpecificity":15,"pattern":"regex:schedule_quest_(.+)","resolution":"existing wins","timestamp":"2025-09-17 17:56:55"}
{"level":"\u001b[32minfo\u001b[39m","message":"Starting HolonsBot with REFACTORED architecture","timestamp":"2025-09-17 17:56:58"}
{"appname":"Holons","level":"\u001b[32minfo\u001b[39m","message":"Starting HolonsBot initialization","timestamp":"2025-09-17 17:57:00"}
{"level":"\u001b[32minfo\u001b[39m","message":"Telegram bot initialized (not yet launched)","timestamp":"2025-09-17 17:57:00"}
{"level":"\u001b[32minfo\u001b[39m","message":"SignalManager initialized","timestamp":"2025-09-17 17:57:00"}
{"appname":"HolonsDebug","level":"\u001b[32minfo\u001b[39m","message":"Database initialized","timestamp":"2025-09-17 17:57:00"}
{"existingModule":"Settings","existingSpecificity":13,"level":"\u001b[33mwarn\u001b[39m","message":"Signal conflict detected:","newModule":"Settings","newSpecificity":13,"pattern":"regex:timezone_set_(.+)","resolution":"existing wins","timestamp":"2025-09-17 17:57:00"}
{"existingModule":"Settings","existingSpecificity":13,"level":"\u001b[33mwarn\u001b[39m","message":"Signal conflict detected:","newModule":"Settings","newSpecificity":13,"pattern":"string:settings_back","resolution":"existing wins","timestamp":"2025-09-17 17:57:00"}
{"existingModule":"Settings","existingSpecificity":22,"level":"\u001b[33mwarn\u001b[39m","message":"Signal conflict detected:","newModule":"Settings","newSpecificity":22,"pattern":"string:settings_values_change","resolution":"existing wins","timestamp":"2025-09-17 17:57:00"}
{"existingModule":"Settings","existingSpecificity":23,"level":"\u001b[33mwarn\u001b[39m","message":"Signal conflict detected:","newModule":"Settings","newSpecificity":23,"pattern":"string:settings_domains_change","resolution":"existing wins","timestamp":"2025-09-17 17:57:00"}
{"existingModule":"Settings","existingSpecificity":21,"level":"\u001b[33mwarn\u001b[39m","message":"Signal conflict detected:","newModule":"Settings","newSpecificity":21,"pattern":"string:settings_roles_change","resolution":"existing wins","timestamp":"2025-09-17 17:57:00"}
{"existingModule":"Settings","existingSpecificity":26,"level":"\u001b[33mwarn\u001b[39m","message":"Signal conflict detected:","newModule":"Settings","newSpecificity":26,"pattern":"string:settings_currencies_change","resolution":"existing wins","timestamp":"2025-09-17 17:57:00"}
{"existingModule":"Settings","existingSpecificity":14,"level":"\u001b[33mwarn\u001b[39m","message":"Signal conflict detected:","newModule":"Settings","newSpecificity":14,"pattern":"string:add_federation","resolution":"existing wins","timestamp":"2025-09-17 17:57:00"}
{"existingModule":"Settings","existingSpecificity":22,"level":"\u001b[33mwarn\u001b[39m","message":"Signal conflict detected:","newModule":"Settings","newSpecificity":22,"pattern":"string:settings_values_change","resolution":"existing wins","timestamp":"2025-09-17 17:57:00"}
{"existingModule":"Settings","existingSpecificity":23,"level":"\u001b[33mwarn\u001b[39m","message":"Signal conflict detected:","newModule":"Settings","newSpecificity":23,"pattern":"string:settings_domains_change","resolution":"existing wins","timestamp":"2025-09-17 17:57:00"}
{"existingModule":"Settings","existingSpecificity":21,"level":"\u001b[33mwarn\u001b[39m","message":"Signal conflict detected:","newModule":"Settings","newSpecificity":21,"pattern":"string:settings_roles_change","resolution":"existing wins","timestamp":"2025-09-17 17:57:00"}
{"existingModule":"Settings","existingSpecificity":26,"level":"\u001b[33mwarn\u001b[39m","message":"Signal conflict detected:","newModule":"Settings","newSpecificity":26,"pattern":"string:settings_currencies_change","resolution":"existing wins","timestamp":"2025-09-17 17:57:00"}
{"existingModule":"Settings","existingSpecificity":12,"level":"\u001b[33mwarn\u001b[39m","message":"Signal conflict detected:","newModule":"Settings","newSpecificity":12,"pattern":"string:help_add_hex","resolution":"existing wins","timestamp":"2025-09-17 17:57:00"}
{"existingModule":"Checklists","existingSpecificity":23,"level":"\u001b[33mwarn\u001b[39m","message":"Signal conflict detected:","newModule":"Roles","newSpecificity":23,"pattern":"regex:back_to_role_(.+)","resolution":"existing wins","timestamp":"2025-09-17 17:57:01"}
{"existingModule":"Checklists","existingSpecificity":6,"level":"\u001b[33mwarn\u001b[39m","message":"Signal conflict detected:","newModule":"Quests","newSpecificity":6,"pattern":"regex:check_(.+)","resolution":"existing wins","timestamp":"2025-09-17 17:57:01"}
{"existingModule":"Checklists","existingSpecificity":12,"level":"\u001b[33mwarn\u001b[39m","message":"Signal conflict detected:","newModule":"Quests","newSpecificity":12,"pattern":"regex:add_item_to_(.+)","resolution":"existing wins","timestamp":"2025-09-17 17:57:01"}
{"existingModule":"Calendar","existingSpecificity":3,"level":"\u001b[33mwarn\u001b[39m","message":"Signal conflict detected:","newModule":"Calendar","newSpecificity":3,"pattern":"regex:n_(.+)_(?:--|\\+\\+|\\+|-|0)","resolution":"existing wins","timestamp":"2025-09-17 17:57:01"}
{"existingModule":"Quests","existingSpecificity":15,"level":"\u001b[33mwarn\u001b[39m","message":"Signal conflict detected:","newModule":"Scheduler","newSpecificity":15,"pattern":"regex:schedule_quest_(.+)","resolution":"existing wins","timestamp":"2025-09-17 17:57:01"}
{"level":"\u001b[32minfo\u001b[39m","message":"Starting HolonsBot with REFACTORED architecture","timestamp":"2025-09-17 17:57:10"}
{"appname":"Holons","level":"\u001b[32minfo\u001b[39m","message":"Starting HolonsBot initialization","timestamp":"2025-09-17 17:57:13"}
{"level":"\u001b[32minfo\u001b[39m","message":"Telegram bot initialized (not yet launched)","timestamp":"2025-09-17 17:57:13"}
{"level":"\u001b[32minfo\u001b[39m","message":"SignalManager initialized","timestamp":"2025-09-17 17:57:13"}
{"appname":"HolonsDebug","level":"\u001b[32minfo\u001b[39m","message":"Database initialized","timestamp":"2025-09-17 17:57:13"}
{"existingModule":"Settings","existingSpecificity":13,"level":"\u001b[33mwarn\u001b[39m","message":"Signal conflict detected:","newModule":"Settings","newSpecificity":13,"pattern":"regex:timezone_set_(.+)","resolution":"existing wins","timestamp":"2025-09-17 17:57:13"}
{"existingModule":"Settings","existingSpecificity":13,"level":"\u001b[33mwarn\u001b[39m","message":"Signal conflict detected:","newModule":"Settings","newSpecificity":13,"pattern":"string:settings_back","resolution":"existing wins","timestamp":"2025-09-17 17:57:13"}
{"existingModule":"Settings","existingSpecificity":22,"level":"\u001b[33mwarn\u001b[39m","message":"Signal conflict detected:","newModule":"Settings","newSpecificity":22,"pattern":"string:settings_values_change","resolution":"existing wins","timestamp":"2025-09-17 17:57:13"}
{"existingModule":"Settings","existingSpecificity":23,"level":"\u001b[33mwarn\u001b[39m","message":"Signal conflict detected:","newModule":"Settings","newSpecificity":23,"pattern":"string:settings_domains_change","resolution":"existing wins","timestamp":"2025-09-17 17:57:13"}
{"existingModule":"Settings","existingSpecificity":21,"level":"\u001b[33mwarn\u001b[39m","message":"Signal conflict detected:","newModule":"Settings","newSpecificity":21,"pattern":"string:settings_roles_change","resolution":"existing wins","timestamp":"2025-09-17 17:57:13"}
{"existingModule":"Settings","existingSpecificity":26,"level":"\u001b[33mwarn\u001b[39m","message":"Signal conflict detected:","newModule":"Settings","newSpecificity":26,"pattern":"string:settings_currencies_change","resolution":"existing wins","timestamp":"2025-09-17 17:57:13"}
{"existingModule":"Settings","existingSpecificity":14,"level":"\u001b[33mwarn\u001b[39m","message":"Signal conflict detected:","newModule":"Settings","newSpecificity":14,"pattern":"string:add_federation","resolution":"existing wins","timestamp":"2025-09-17 17:57:13"}
{"existingModule":"Settings","existingSpecificity":22,"level":"\u001b[33mwarn\u001b[39m","message":"Signal conflict detected:","newModule":"Settings","newSpecificity":22,"pattern":"string:settings_values_change","resolution":"existing wins","timestamp":"2025-09-17 17:57:13"}
{"existingModule":"Settings","existingSpecificity":23,"level":"\u001b[33mwarn\u001b[39m","message":"Signal conflict detected:","newModule":"Settings","newSpecificity":23,"pattern":"string:settings_domains_change","resolution":"existing wins","timestamp":"2025-09-17 17:57:13"}
{"existingModule":"Settings","existingSpecificity":21,"level":"\u001b[33mwarn\u001b[39m","message":"Signal conflict detected:","newModule":"Settings","newSpecificity":21,"pattern":"string:settings_roles_change","resolution":"existing wins","timestamp":"2025-09-17 17:57:13"}
{"existingModule":"Settings","existingSpecificity":26,"level":"\u001b[33mwarn\u001b[39m","message":"Signal conflict detected:","newModule":"Settings","newSpecificity":26,"pattern":"string:settings_currencies_change","resolution":"existing wins","timestamp":"2025-09-17 17:57:13"}
{"existingModule":"Settings","existingSpecificity":12,"level":"\u001b[33mwarn\u001b[39m","message":"Signal conflict detected:","newModule":"Settings","newSpecificity":12,"pattern":"string:help_add_hex","resolution":"existing wins","timestamp":"2025-09-17 17:57:13"}
{"existingModule":"Checklists","existingSpecificity":23,"level":"\u001b[33mwarn\u001b[39m","message":"Signal conflict detected:","newModule":"Roles","newSpecificity":23,"pattern":"regex:back_to_role_(.+)","resolution":"existing wins","timestamp":"2025-09-17 17:57:14"}
{"existingModule":"Checklists","existingSpecificity":6,"level":"\u001b[33mwarn\u001b[39m","message":"Signal conflict detected:","newModule":"Quests","newSpecificity":6,"pattern":"regex:check_(.+)","resolution":"existing wins","timestamp":"2025-09-17 17:57:14"}
{"existingModule":"Checklists","existingSpecificity":12,"level":"\u001b[33mwarn\u001b[39m","message":"Signal conflict detected:","newModule":"Quests","newSpecificity":12,"pattern":"regex:add_item_to_(.+)","resolution":"existing wins","timestamp":"2025-09-17 17:57:14"}
{"existingModule":"Calendar","existingSpecificity":3,"level":"\u001b[33mwarn\u001b[39m","message":"Signal conflict detected:","newModule":"Calendar","newSpecificity":3,"pattern":"regex:n_(.+)_(?:--|\\+\\+|\\+|-|0)","resolution":"existing wins","timestamp":"2025-09-17 17:57:14"}
{"existingModule":"Quests","existingSpecificity":15,"level":"\u001b[33mwarn\u001b[39m","message":"Signal conflict detected:","newModule":"Scheduler","newSpecificity":15,"pattern":"regex:schedule_quest_(.+)","resolution":"existing wins","timestamp":"2025-09-17 17:57:15"}
{"level":"\u001b[32minfo\u001b[39m","message":"Starting HolonsBot with REFACTORED architecture","timestamp":"2025-09-17 17:57:58"}
{"appname":"Holons","level":"\u001b[32minfo\u001b[39m","message":"Starting HolonsBot initialization","timestamp":"2025-09-17 17:57:58"}
{"level":"\u001b[32minfo\u001b[39m","message":"Telegram bot initialized (not yet launched)","timestamp":"2025-09-17 17:57:58"}
{"level":"\u001b[32minfo\u001b[39m","message":"SignalManager initialized","timestamp":"2025-09-17 17:57:58"}
{"appname":"HolonsDebug","level":"\u001b[32minfo\u001b[39m","message":"Database initialized","timestamp":"2025-09-17 17:57:58"}
{"existingModule":"Settings","existingSpecificity":13,"level":"\u001b[33mwarn\u001b[39m","message":"Signal conflict detected:","newModule":"Settings","newSpecificity":13,"pattern":"regex:timezone_set_(.+)","resolution":"existing wins","timestamp":"2025-09-17 17:57:59"}
{"existingModule":"Settings","existingSpecificity":13,"level":"\u001b[33mwarn\u001b[39m","message":"Signal conflict detected:","newModule":"Settings","newSpecificity":13,"pattern":"string:settings_back","resolution":"existing wins","timestamp":"2025-09-17 17:57:59"}
{"existingModule":"Settings","existingSpecificity":22,"level":"\u001b[33mwarn\u001b[39m","message":"Signal conflict detected:","newModule":"Settings","newSpecificity":22,"pattern":"string:settings_values_change","resolution":"existing wins","timestamp":"2025-09-17 17:57:59"}
{"existingModule":"Settings","existingSpecificity":23,"level":"\u001b[33mwarn\u001b[39m","message":"Signal conflict detected:","newModule":"Settings","newSpecificity":23,"pattern":"string:settings_domains_change","resolution":"existing wins","timestamp":"2025-09-17 17:57:59"}
{"existingModule":"Settings","existingSpecificity":21,"level":"\u001b[33mwarn\u001b[39m","message":"Signal conflict detected:","newModule":"Settings","newSpecificity":21,"pattern":"string:settings_roles_change","resolution":"existing wins","timestamp":"2025-09-17 17:57:59"}
{"existingModule":"Settings","existingSpecificity":26,"level":"\u001b[33mwarn\u001b[39m","message":"Signal conflict detected:","newModule":"Settings","newSpecificity":26,"pattern":"string:settings_currencies_change","resolution":"existing wins","timestamp":"2025-09-17 17:57:59"}
{"existingModule":"Settings","existingSpecificity":14,"level":"\u001b[33mwarn\u001b[39m","message":"Signal conflict detected:","newModule":"Settings","newSpecificity":14,"pattern":"string:add_federation","resolution":"existing wins","timestamp":"2025-09-17 17:57:59"}
{"existingModule":"Settings","existingSpecificity":22,"level":"\u001b[33mwarn\u001b[39m","message":"Signal conflict detected:","newModule":"Settings","newSpecificity":22,"pattern":"string:settings_values_change","resolution":"existing wins","timestamp":"2025-09-17 17:57:59"}
{"existingModule":"Settings","existingSpecificity":23,"level":"\u001b[33mwarn\u001b[39m","message":"Signal conflict detected:","newModule":"Settings","newSpecificity":23,"pattern":"string:settings_domains_change","resolution":"existing wins","timestamp":"2025-09-17 17:57:59"}
{"existingModule":"Settings","existingSpecificity":21,"level":"\u001b[33mwarn\u001b[39m","message":"Signal conflict detected:","newModule":"Settings","newSpecificity":21,"pattern":"string:settings_roles_change","resolution":"existing wins","timestamp":"2025-09-17 17:57:59"}
{"existingModule":"Settings","existingSpecificity":26,"level":"\u001b[33mwarn\u001b[39m","message":"Signal conflict detected:","newModule":"Settings","newSpecificity":26,"pattern":"string:settings_currencies_change","resolution":"existing wins","timestamp":"2025-09-17 17:57:59"}
{"existingModule":"Settings","existingSpecificity":12,"level":"\u001b[33mwarn\u001b[39m","message":"Signal conflict detected:","newModule":"Settings","newSpecificity":12,"pattern":"string:help_add_hex","resolution":"existing wins","timestamp":"2025-09-17 17:57:59"}
{"existingModule":"Checklists","existingSpecificity":23,"level":"\u001b[33mwarn\u001b[39m","message":"Signal conflict detected:","newModule":"Roles","newSpecificity":23,"pattern":"regex:back_to_role_(.+)","resolution":"existing wins","timestamp":"2025-09-17 17:57:59"}
{"existingModule":"Checklists","existingSpecificity":6,"level":"\u001b[33mwarn\u001b[39m","message":"Signal conflict detected:","newModule":"Quests","newSpecificity":6,"pattern":"regex:check_(.+)","resolution":"existing wins","timestamp":"2025-09-17 17:57:59"}
{"existingModule":"Checklists","existingSpecificity":12,"level":"\u001b[33mwarn\u001b[39m","message":"Signal conflict detected:","newModule":"Quests","newSpecificity":12,"pattern":"regex:add_item_to_(.+)","resolution":"existing wins","timestamp":"2025-09-17 17:57:59"}
{"existingModule":"Calendar","existingSpecificity":3,"level":"\u001b[33mwarn\u001b[39m","message":"Signal conflict detected:","newModule":"Calendar","newSpecificity":3,"pattern":"regex:n_(.+)_(?:--|\\+\\+|\\+|-|0)","resolution":"existing wins","timestamp":"2025-09-17 17:57:59"}
{"existingModule":"Quests","existingSpecificity":15,"level":"\u001b[33mwarn\u001b[39m","message":"Signal conflict detected:","newModule":"Scheduler","newSpecificity":15,"pattern":"regex:schedule_quest_(.+)","resolution":"existing wins","timestamp":"2025-09-17 17:57:59"}
{"level":"\u001b[32minfo\u001b[39m","message":"Starting HolonsBot with REFACTORED architecture","timestamp":"2025-09-17 17:58:05"}
{"appname":"Holons","level":"\u001b[32minfo\u001b[39m","message":"Starting HolonsBot initialization","timestamp":"2025-09-17 17:58:09"}
{"level":"\u001b[32minfo\u001b[39m","message":"Telegram bot initialized (not yet launched)","timestamp":"2025-09-17 17:58:09"}
{"level":"\u001b[32minfo\u001b[39m","message":"SignalManager initialized","timestamp":"2025-09-17 17:58:09"}
{"appname":"HolonsDebug","level":"\u001b[32minfo\u001b[39m","message":"Database initialized","timestamp":"2025-09-17 17:58:09"}
{"existingModule":"Settings","existingSpecificity":13,"level":"\u001b[33mwarn\u001b[39m","message":"Signal conflict detected:","newModule":"Settings","newSpecificity":13,"pattern":"regex:timezone_set_(.+)","resolution":"existing wins","timestamp":"2025-09-17 17:58:09"}
{"existingModule":"Settings","existingSpecificity":13,"level":"\u001b[33mwarn\u001b[39m","message":"Signal conflict detected:","newModule":"Settings","newSpecificity":13,"pattern":"string:settings_back","resolution":"existing wins","timestamp":"2025-09-17 17:58:09"}
{"existingModule":"Settings","existingSpecificity":22,"level":"\u001b[33mwarn\u001b[39m","message":"Signal conflict detected:","newModule":"Settings","newSpecificity":22,"pattern":"string:settings_values_change","resolution":"existing wins","timestamp":"2025-09-17 17:58:09"}
{"existingModule":"Settings","existingSpecificity":23,"level":"\u001b[33mwarn\u001b[39m","message":"Signal conflict detected:","newModule":"Settings","newSpecificity":23,"pattern":"string:settings_domains_change","resolution":"existing wins","timestamp":"2025-09-17 17:58:09"}
{"existingModule":"Settings","existingSpecificity":21,"level":"\u001b[33mwarn\u001b[39m","message":"Signal conflict detected:","newModule":"Settings","newSpecificity":21,"pattern":"string:settings_roles_change","resolution":"existing wins","timestamp":"2025-09-17 17:58:09"}
{"existingModule":"Settings","existingSpecificity":26,"level":"\u001b[33mwarn\u001b[39m","message":"Signal conflict detected:","newModule":"Settings","newSpecificity":26,"pattern":"string:settings_currencies_change","resolution":"existing wins","timestamp":"2025-09-17 17:58:09"}
{"existingModule":"Settings","existingSpecificity":14,"level":"\u001b[33mwarn\u001b[39m","message":"Signal conflict detected:","newModule":"Settings","newSpecificity":14,"pattern":"string:add_federation","resolution":"existing wins","timestamp":"2025-09-17 17:58:09"}
{"existingModule":"Settings","existingSpecificity":22,"level":"\u001b[33mwarn\u001b[39m","message":"Signal conflict detected:","newModule":"Settings","newSpecificity":22,"pattern":"string:settings_values_change","resolution":"existing wins","timestamp":"2025-09-17 17:58:09"}
{"existingModule":"Settings","existingSpecificity":23,"level":"\u001b[33mwarn\u001b[39m","message":"Signal conflict detected:","newModule":"Settings","newSpecificity":23,"pattern":"string:settings_domains_change","resolution":"existing wins","timestamp":"2025-09-17 17:58:09"}
{"existingModule":"Settings","existingSpecificity":21,"level":"\u001b[33mwarn\u001b[39m","message":"Signal conflict detected:","newModule":"Settings","newSpecificity":21,"pattern":"string:settings_roles_change","resolution":"existing wins","timestamp":"2025-09-17 17:58:09"}
{"existingModule":"Settings","existingSpecificity":26,"level":"\u001b[33mwarn\u001b[39m","message":"Signal conflict detected:","newModule":"Settings","newSpecificity":26,"pattern":"string:settings_currencies_change","resolution":"existing wins","timestamp":"2025-09-17 17:58:09"}
{"existingModule":"Settings","existingSpecificity":12,"level":"\u001b[33mwarn\u001b[39m","message":"Signal conflict detected:","newModule":"Settings","newSpecificity":12,"pattern":"string:help_add_hex","resolution":"existing wins","timestamp":"2025-09-17 17:58:09"}
{"existingModule":"Checklists","existingSpecificity":23,"level":"\u001b[33mwarn\u001b[39m","message":"Signal conflict detected:","newModule":"Roles","newSpecificity":23,"pattern":"regex:back_to_role_(.+)","resolution":"existing wins","timestamp":"2025-09-17 17:58:11"}
{"existingModule":"Checklists","existingSpecificity":6,"level":"\u001b[33mwarn\u001b[39m","message":"Signal conflict detected:","newModule":"Quests","newSpecificity":6,"pattern":"regex:check_(.+)","resolution":"existing wins","timestamp":"2025-09-17 17:58:11"}
{"existingModule":"Checklists","existingSpecificity":12,"level":"\u001b[33mwarn\u001b[39m","message":"Signal conflict detected:","newModule":"Quests","newSpecificity":12,"pattern":"regex:add_item_to_(.+)","resolution":"existing wins","timestamp":"2025-09-17 17:58:11"}
{"existingModule":"Calendar","existingSpecificity":3,"level":"\u001b[33mwarn\u001b[39m","message":"Signal conflict detected:","newModule":"Calendar","newSpecificity":3,"pattern":"regex:n_(.+)_(?:--|\\+\\+|\\+|-|0)","resolution":"existing wins","timestamp":"2025-09-17 17:58:11"}
{"existingModule":"Quests","existingSpecificity":15,"level":"\u001b[33mwarn\u001b[39m","message":"Signal conflict detected:","newModule":"Scheduler","newSpecificity":15,"pattern":"regex:schedule_quest_(.+)","resolution":"existing wins","timestamp":"2025-09-17 17:58:11"}
{"level":"\u001b[32minfo\u001b[39m","message":"Starting HolonsBot with REFACTORED architecture","timestamp":"2025-09-17 17:58:13"}
{"appname":"Holons","level":"\u001b[32minfo\u001b[39m","message":"Starting HolonsBot initialization","timestamp":"2025-09-17 17:58:14"}
{"level":"\u001b[32minfo\u001b[39m","message":"Telegram bot initialized (not yet launched)","timestamp":"2025-09-17 17:58:14"}
{"level":"\u001b[32minfo\u001b[39m","message":"SignalManager initialized","timestamp":"2025-09-17 17:58:14"}
{"appname":"HolonsDebug","level":"\u001b[32minfo\u001b[39m","message":"Database initialized","timestamp":"2025-09-17 17:58:14"}
{"existingModule":"Settings","existingSpecificity":13,"level":"\u001b[33mwarn\u001b[39m","message":"Signal conflict detected:","newModule":"Settings","newSpecificity":13,"pattern":"regex:timezone_set_(.+)","resolution":"existing wins","timestamp":"2025-09-17 17:58:14"}
{"existingModule":"Settings","existingSpecificity":13,"level":"\u001b[33mwarn\u001b[39m","message":"Signal conflict detected:","newModule":"Settings","newSpecificity":13,"pattern":"string:settings_back","resolution":"existing wins","timestamp":"2025-09-17 17:58:14"}
{"existingModule":"Settings","existingSpecificity":22,"level":"\u001b[33mwarn\u001b[39m","message":"Signal conflict detected:","newModule":"Settings","newSpecificity":22,"pattern":"string:settings_values_change","resolution":"existing wins","timestamp":"2025-09-17 17:58:14"}
{"existingModule":"Settings","existingSpecificity":23,"level":"\u001b[33mwarn\u001b[39m","message":"Signal conflict detected:","newModule":"Settings","newSpecificity":23,"pattern":"string:settings_domains_change","resolution":"existing wins","timestamp":"2025-09-17 17:58:14"}
{"existingModule":"Settings","existingSpecificity":21,"level":"\u001b[33mwarn\u001b[39m","message":"Signal conflict detected:","newModule":"Settings","newSpecificity":21,"pattern":"string:settings_roles_change","resolution":"existing wins","timestamp":"2025-09-17 17:58:14"}
{"existingModule":"Settings","existingSpecificity":26,"level":"\u001b[33mwarn\u001b[39m","message":"Signal conflict detected:","newModule":"Settings","newSpecificity":26,"pattern":"string:settings_currencies_change","resolution":"existing wins","timestamp":"2025-09-17 17:58:14"}
{"existingModule":"Settings","existingSpecificity":14,"level":"\u001b[33mwarn\u001b[39m","message":"Signal conflict detected:","newModule":"Settings","newSpecificity":14,"pattern":"string:add_federation","resolution":"existing wins","timestamp":"2025-09-17 17:58:14"}
{"existingModule":"Settings","existingSpecificity":22,"level":"\u001b[33mwarn\u001b[39m","message":"Signal conflict detected:","newModule":"Settings","newSpecificity":22,"pattern":"string:settings_values_change","resolution":"existing wins","timestamp":"2025-09-17 17:58:14"}
{"existingModule":"Settings","existingSpecificity":23,"level":"\u001b[33mwarn\u001b[39m","message":"Signal conflict detected:","newModule":"Settings","newSpecificity":23,"pattern":"string:settings_domains_change","resolution":"existing wins","timestamp":"2025-09-17 17:58:14"}
{"existingModule":"Settings","existingSpecificity":21,"level":"\u001b[33mwarn\u001b[39m","message":"Signal conflict detected:","newModule":"Settings","newSpecificity":21,"pattern":"string:settings_roles_change","resolution":"existing wins","timestamp":"2025-09-17 17:58:14"}
{"existingModule":"Settings","existingSpecificity":26,"level":"\u001b[33mwarn\u001b[39m","message":"Signal conflict detected:","newModule":"Settings","newSpecificity":26,"pattern":"string:settings_currencies_change","resolution":"existing wins","timestamp":"2025-09-17 17:58:14"}
{"existingModule":"Settings","existingSpecificity":12,"level":"\u001b[33mwarn\u001b[39m","message":"Signal conflict detected:","newModule":"Settings","newSpecificity":12,"pattern":"string:help_add_hex","resolution":"existing wins","timestamp":"2025-09-17 17:58:14"}
{"existingModule":"Checklists","existingSpecificity":23,"level":"\u001b[33mwarn\u001b[39m","message":"Signal conflict detected:","newModule":"Roles","newSpecificity":23,"pattern":"regex:back_to_role_(.+)","resolution":"existing wins","timestamp":"2025-09-17 17:58:14"}
{"existingModule":"Checklists","existingSpecificity":6,"level":"\u001b[33mwarn\u001b[39m","message":"Signal conflict detected:","newModule":"Quests","newSpecificity":6,"pattern":"regex:check_(.+)","resolution":"existing wins","timestamp":"2025-09-17 17:58:14"}
{"existingModule":"Checklists","existingSpecificity":12,"level":"\u001b[33mwarn\u001b[39m","message":"Signal conflict detected:","newModule":"Quests","newSpecificity":12,"pattern":"regex:add_item_to_(.+)","resolution":"existing wins","timestamp":"2025-09-17 17:58:14"}
{"existingModule":"Calendar","existingSpecificity":3,"level":"\u001b[33mwarn\u001b[39m","message":"Signal conflict detected:","newModule":"Calendar","newSpecificity":3,"pattern":"regex:n_(.+)_(?:--|\\+\\+|\\+|-|0)","resolution":"existing wins","timestamp":"2025-09-17 17:58:14"}
{"existingModule":"Quests","existingSpecificity":15,"level":"\u001b[33mwarn\u001b[39m","message":"Signal conflict detected:","newModule":"Scheduler","newSpecificity":15,"pattern":"regex:schedule_quest_(.+)","resolution":"existing wins","timestamp":"2025-09-17 17:58:14"}
{"level":"\u001b[32minfo\u001b[39m","message":"Starting HolonsBot with REFACTORED architecture","timestamp":"2025-09-17 17:58:30"}
{"appname":"Holons","level":"\u001b[32minfo\u001b[39m","message":"Starting HolonsBot initialization","timestamp":"2025-09-17 17:58:30"}
{"level":"\u001b[32minfo\u001b[39m","message":"Telegram bot initialized (not yet launched)","timestamp":"2025-09-17 17:58:30"}
{"level":"\u001b[32minfo\u001b[39m","message":"SignalManager initialized","timestamp":"2025-09-17 17:58:30"}
{"appname":"HolonsDebug","level":"\u001b[32minfo\u001b[39m","message":"Database initialized","timestamp":"2025-09-17 17:58:30"}
{"existingModule":"Settings","existingSpecificity":13,"level":"\u001b[33mwarn\u001b[39m","message":"Signal conflict detected:","newModule":"Settings","newSpecificity":13,"pattern":"regex:timezone_set_(.+)","resolution":"existing wins","timestamp":"2025-09-17 17:58:30"}
{"existingModule":"Settings","existingSpecificity":13,"level":"\u001b[33mwarn\u001b[39m","message":"Signal conflict detected:","newModule":"Settings","newSpecificity":13,"pattern":"string:settings_back","resolution":"existing wins","timestamp":"2025-09-17 17:58:30"}
{"existingModule":"Settings","existingSpecificity":22,"level":"\u001b[33mwarn\u001b[39m","message":"Signal conflict detected:","newModule":"Settings","newSpecificity":22,"pattern":"string:settings_values_change","resolution":"existing wins","timestamp":"2025-09-17 17:58:30"}
{"existingModule":"Settings","existingSpecificity":23,"level":"\u001b[33mwarn\u001b[39m","message":"Signal conflict detected:","newModule":"Settings","newSpecificity":23,"pattern":"string:settings_domains_change","resolution":"existing wins","timestamp":"2025-09-17 17:58:30"}
{"existingModule":"Settings","existingSpecificity":21,"level":"\u001b[33mwarn\u001b[39m","message":"Signal conflict detected:","newModule":"Settings","newSpecificity":21,"pattern":"string:settings_roles_change","resolution":"existing wins","timestamp":"2025-09-17 17:58:30"}
{"existingModule":"Settings","existingSpecificity":26,"level":"\u001b[33mwarn\u001b[39m","message":"Signal conflict detected:","newModule":"Settings","newSpecificity":26,"pattern":"string:settings_currencies_change","resolution":"existing wins","timestamp":"2025-09-17 17:58:30"}
{"existingModule":"Settings","existingSpecificity":14,"level":"\u001b[33mwarn\u001b[39m","message":"Signal conflict detected:","newModule":"Settings","newSpecificity":14,"pattern":"string:add_federation","resolution":"existing wins","timestamp":"2025-09-17 17:58:30"}
{"existingModule":"Settings","existingSpecificity":22,"level":"\u001b[33mwarn\u001b[39m","message":"Signal conflict detected:","newModule":"Settings","newSpecificity":22,"pattern":"string:settings_values_change","resolution":"existing wins","timestamp":"2025-09-17 17:58:30"}
{"existingModule":"Settings","existingSpecificity":23,"level":"\u001b[33mwarn\u001b[39m","message":"Signal conflict detected:","newModule":"Settings","newSpecificity":23,"pattern":"string:settings_domains_change","resolution":"existing wins","timestamp":"2025-09-17 17:58:30"}
{"existingModule":"Settings","existingSpecificity":21,"level":"\u001b[33mwarn\u001b[39m","message":"Signal conflict detected:","newModule":"Settings","newSpecificity":21,"pattern":"string:settings_roles_change","resolution":"existing wins","timestamp":"2025-09-17 17:58:30"}
{"existingModule":"Settings","existingSpecificity":26,"level":"\u001b[33mwarn\u001b[39m","message":"Signal conflict detected:","newModule":"Settings","newSpecificity":26,"pattern":"string:settings_currencies_change","resolution":"existing wins","timestamp":"2025-09-17 17:58:30"}
{"existingModule":"Settings","existingSpecificity":12,"level":"\u001b[33mwarn\u001b[39m","message":"Signal conflict detected:","newModule":"Settings","newSpecificity":12,"pattern":"string:help_add_hex","resolution":"existing wins","timestamp":"2025-09-17 17:58:30"}
{"existingModule":"Checklists","existingSpecificity":23,"level":"\u001b[33mwarn\u001b[39m","message":"Signal conflict detected:","newModule":"Roles","newSpecificity":23,"pattern":"regex:back_to_role_(.+)","resolution":"existing wins","timestamp":"2025-09-17 17:58:31"}
{"existingModule":"Checklists","existingSpecificity":6,"level":"\u001b[33mwarn\u001b[39m","message":"Signal conflict detected:","newModule":"Quests","newSpecificity":6,"pattern":"regex:check_(.+)","resolution":"existing wins","timestamp":"2025-09-17 17:58:31"}
{"existingModule":"Checklists","existingSpecificity":12,"level":"\u001b[33mwarn\u001b[39m","message":"Signal conflict detected:","newModule":"Quests","newSpecificity":12,"pattern":"regex:add_item_to_(.+)","resolution":"existing wins","timestamp":"2025-09-17 17:58:31"}
{"existingModule":"Calendar","existingSpecificity":3,"level":"\u001b[33mwarn\u001b[39m","message":"Signal conflict detected:","newModule":"Calendar","newSpecificity":3,"pattern":"regex:n_(.+)_(?:--|\\+\\+|\\+|-|0)","resolution":"existing wins","timestamp":"2025-09-17 17:58:31"}
{"existingModule":"Quests","existingSpecificity":15,"level":"\u001b[33mwarn\u001b[39m","message":"Signal conflict detected:","newModule":"Scheduler","newSpecificity":15,"pattern":"regex:schedule_quest_(.+)","resolution":"existing wins","timestamp":"2025-09-17 17:58:31"}
{"level":"\u001b[32minfo\u001b[39m","message":"Starting HolonsBot with REFACTORED architecture","timestamp":"2025-09-17 17:58:37"}
{"appname":"Holons","level":"\u001b[32minfo\u001b[39m","message":"Starting HolonsBot initialization","timestamp":"2025-09-17 17:58:38"}
{"level":"\u001b[32minfo\u001b[39m","message":"Telegram bot initialized (not yet launched)","timestamp":"2025-09-17 17:58:38"}
{"level":"\u001b[32minfo\u001b[39m","message":"SignalManager initialized","timestamp":"2025-09-17 17:58:38"}
{"appname":"HolonsDebug","level":"\u001b[32minfo\u001b[39m","message":"Database initialized","timestamp":"2025-09-17 17:58:38"}
{"existingModule":"Settings","existingSpecificity":13,"level":"\u001b[33mwarn\u001b[39m","message":"Signal conflict detected:","newModule":"Settings","newSpecificity":13,"pattern":"regex:timezone_set_(.+)","resolution":"existing wins","timestamp":"2025-09-17 17:58:38"}
{"existingModule":"Settings","existingSpecificity":13,"level":"\u001b[33mwarn\u001b[39m","message":"Signal conflict detected:","newModule":"Settings","newSpecificity":13,"pattern":"string:settings_back","resolution":"existing wins","timestamp":"2025-09-17 17:58:38"}
{"existingModule":"Settings","existingSpecificity":22,"level":"\u001b[33mwarn\u001b[39m","message":"Signal conflict detected:","newModule":"Settings","newSpecificity":22,"pattern":"string:settings_values_change","resolution":"existing wins","timestamp":"2025-09-17 17:58:38"}
{"existingModule":"Settings","existingSpecificity":23,"level":"\u001b[33mwarn\u001b[39m","message":"Signal conflict detected:","newModule":"Settings","newSpecificity":23,"pattern":"string:settings_domains_change","resolution":"existing wins","timestamp":"2025-09-17 17:58:38"}
{"existingModule":"Settings","existingSpecificity":21,"level":"\u001b[33mwarn\u001b[39m","message":"Signal conflict detected:","newModule":"Settings","newSpecificity":21,"pattern":"string:settings_roles_change","resolution":"existing wins","timestamp":"2025-09-17 17:58:38"}
{"existingModule":"Settings","existingSpecificity":26,"level":"\u001b[33mwarn\u001b[39m","message":"Signal conflict detected:","newModule":"Settings","newSpecificity":26,"pattern":"string:settings_currencies_change","resolution":"existing wins","timestamp":"2025-09-17 17:58:38"}
{"existingModule":"Settings","existingSpecificity":14,"level":"\u001b[33mwarn\u001b[39m","message":"Signal conflict detected:","newModule":"Settings","newSpecificity":14,"pattern":"string:add_federation","resolution":"existing wins","timestamp":"2025-09-17 17:58:38"}
{"existingModule":"Settings","existingSpecificity":22,"level":"\u001b[33mwarn\u001b[39m","message":"Signal conflict detected:","newModule":"Settings","newSpecificity":22,"pattern":"string:settings_values_change","resolution":"existing wins","timestamp":"2025-09-17 17:58:38"}
{"existingModule":"Settings","existingSpecificity":23,"level":"\u001b[33mwarn\u001b[39m","message":"Signal conflict detected:","newModule":"Settings","newSpecificity":23,"pattern":"string:settings_domains_change","resolution":"existing wins","timestamp":"2025-09-17 17:58:38"}
{"existingModule":"Settings","existingSpecificity":21,"level":"\u001b[33mwarn\u001b[39m","message":"Signal conflict detected:","newModule":"Settings","newSpecificity":21,"pattern":"string:settings_roles_change","resolution":"existing wins","timestamp":"2025-09-17 17:58:38"}
{"existingModule":"Settings","existingSpecificity":26,"level":"\u001b[33mwarn\u001b[39m","message":"Signal conflict detected:","newModule":"Settings","newSpecificity":26,"pattern":"string:settings_currencies_change","resolution":"existing wins","timestamp":"2025-09-17 17:58:38"}
{"existingModule":"Settings","existingSpecificity":12,"level":"\u001b[33mwarn\u001b[39m","message":"Signal conflict detected:","newModule":"Settings","newSpecificity":12,"pattern":"string:help_add_hex","resolution":"existing wins","timestamp":"2025-09-17 17:58:38"}
{"existingModule":"Checklists","existingSpecificity":23,"level":"\u001b[33mwarn\u001b[39m","message":"Signal conflict detected:","newModule":"Roles","newSpecificity":23,"pattern":"regex:back_to_role_(.+)","resolution":"existing wins","timestamp":"2025-09-17 17:58:38"}
{"existingModule":"Checklists","existingSpecificity":6,"level":"\u001b[33mwarn\u001b[39m","message":"Signal conflict detected:","newModule":"Quests","newSpecificity":6,"pattern":"regex:check_(.+)","resolution":"existing wins","timestamp":"2025-09-17 17:58:38"}
{"existingModule":"Checklists","existingSpecificity":12,"level":"\u001b[33mwarn\u001b[39m","message":"Signal conflict detected:","newModule":"Quests","newSpecificity":12,"pattern":"regex:add_item_to_(.+)","resolution":"existing wins","timestamp":"2025-09-17 17:58:38"}
{"existingModule":"Calendar","existingSpecificity":3,"level":"\u001b[33mwarn\u001b[39m","message":"Signal conflict detected:","newModule":"Calendar","newSpecificity":3,"pattern":"regex:n_(.+)_(?:--|\\+\\+|\\+|-|0)","resolution":"existing wins","timestamp":"2025-09-17 17:58:38"}
{"existingModule":"Quests","existingSpecificity":15,"level":"\u001b[33mwarn\u001b[39m","message":"Signal conflict detected:","newModule":"Scheduler","newSpecificity":15,"pattern":"regex:schedule_quest_(.+)","resolution":"existing wins","timestamp":"2025-09-17 17:58:38"}
{"level":"\u001b[32minfo\u001b[39m","message":"Starting HolonsBot with REFACTORED architecture","timestamp":"2025-09-17 18:01:54"}
{"appname":"Holons","level":"\u001b[32minfo\u001b[39m","message":"Starting HolonsBot initialization","timestamp":"2025-09-17 18:01:54"}
{"level":"\u001b[32minfo\u001b[39m","message":"Telegram bot initialized (not yet launched)","timestamp":"2025-09-17 18:01:54"}
{"level":"\u001b[32minfo\u001b[39m","message":"SignalManager initialized","timestamp":"2025-09-17 18:01:54"}
{"appname":"HolonsDebug","level":"\u001b[32minfo\u001b[39m","message":"Database initialized","timestamp":"2025-09-17 18:01:54"}
{"existingModule":"Settings","existingSpecificity":13,"level":"\u001b[33mwarn\u001b[39m","message":"Signal conflict detected:","newModule":"Settings","newSpecificity":13,"pattern":"regex:timezone_set_(.+)","resolution":"existing wins","timestamp":"2025-09-17 18:01:54"}
{"existingModule":"Settings","existingSpecificity":13,"level":"\u001b[33mwarn\u001b[39m","message":"Signal conflict detected:","newModule":"Settings","newSpecificity":13,"pattern":"string:settings_back","resolution":"existing wins","timestamp":"2025-09-17 18:01:54"}
{"existingModule":"Settings","existingSpecificity":22,"level":"\u001b[33mwarn\u001b[39m","message":"Signal conflict detected:","newModule":"Settings","newSpecificity":22,"pattern":"string:settings_values_change","resolution":"existing wins","timestamp":"2025-09-17 18:01:54"}
{"existingModule":"Settings","existingSpecificity":23,"level":"\u001b[33mwarn\u001b[39m","message":"Signal conflict detected:","newModule":"Settings","newSpecificity":23,"pattern":"string:settings_domains_change","resolution":"existing wins","timestamp":"2025-09-17 18:01:54"}
{"existingModule":"Settings","existingSpecificity":21,"level":"\u001b[33mwarn\u001b[39m","message":"Signal conflict detected:","newModule":"Settings","newSpecificity":21,"pattern":"string:settings_roles_change","resolution":"existing wins","timestamp":"2025-09-17 18:01:54"}
{"existingModule":"Settings","existingSpecificity":26,"level":"\u001b[33mwarn\u001b[39m","message":"Signal conflict detected:","newModule":"Settings","newSpecificity":26,"pattern":"string:settings_currencies_change","resolution":"existing wins","timestamp":"2025-09-17 18:01:54"}
{"existingModule":"Settings","existingSpecificity":14,"level":"\u001b[33mwarn\u001b[39m","message":"Signal conflict detected:","newModule":"Settings","newSpecificity":14,"pattern":"string:add_federation","resolution":"existing wins","timestamp":"2025-09-17 18:01:54"}
{"existingModule":"Settings","existingSpecificity":22,"level":"\u001b[33mwarn\u001b[39m","message":"Signal conflict detected:","newModule":"Settings","newSpecificity":22,"pattern":"string:settings_values_change","resolution":"existing wins","timestamp":"2025-09-17 18:01:54"}
{"existingModule":"Settings","existingSpecificity":23,"level":"\u001b[33mwarn\u001b[39m","message":"Signal conflict detected:","newModule":"Settings","newSpecificity":23,"pattern":"string:settings_domains_change","resolution":"existing wins","timestamp":"2025-09-17 18:01:54"}
{"existingModule":"Settings","existingSpecificity":21,"level":"\u001b[33mwarn\u001b[39m","message":"Signal conflict detected:","newModule":"Settings","newSpecificity":21,"pattern":"string:settings_roles_change","resolution":"existing wins","timestamp":"2025-09-17 18:01:54"}
{"existingModule":"Settings","existingSpecificity":26,"level":"\u001b[33mwarn\u001b[39m","message":"Signal conflict detected:","newModule":"Settings","newSpecificity":26,"pattern":"string:settings_currencies_change","resolution":"existing wins","timestamp":"2025-09-17 18:01:54"}
{"existingModule":"Settings","existingSpecificity":12,"level":"\u001b[33mwarn\u001b[39m","message":"Signal conflict detected:","newModule":"Settings","newSpecificity":12,"pattern":"string:help_add_hex","resolution":"existing wins","timestamp":"2025-09-17 18:01:54"}
{"existingModule":"Checklists","existingSpecificity":23,"level":"\u001b[33mwarn\u001b[39m","message":"Signal conflict detected:","newModule":"Roles","newSpecificity":23,"pattern":"regex:back_to_role_(.+)","resolution":"existing wins","timestamp":"2025-09-17 18:01:55"}
{"existingModule":"Checklists","existingSpecificity":6,"level":"\u001b[33mwarn\u001b[39m","message":"Signal conflict detected:","newModule":"Quests","newSpecificity":6,"pattern":"regex:check_(.+)","resolution":"existing wins","timestamp":"2025-09-17 18:01:55"}
{"existingModule":"Checklists","existingSpecificity":12,"level":"\u001b[33mwarn\u001b[39m","message":"Signal conflict detected:","newModule":"Quests","newSpecificity":12,"pattern":"regex:add_item_to_(.+)","resolution":"existing wins","timestamp":"2025-09-17 18:01:55"}
{"existingModule":"Calendar","existingSpecificity":3,"level":"\u001b[33mwarn\u001b[39m","message":"Signal conflict detected:","newModule":"Calendar","newSpecificity":3,"pattern":"regex:n_(.+)_(?:--|\\+\\+|\\+|-|0)","resolution":"existing wins","timestamp":"2025-09-17 18:01:55"}
{"existingModule":"Quests","existingSpecificity":15,"level":"\u001b[33mwarn\u001b[39m","message":"Signal conflict detected:","newModule":"Scheduler","newSpecificity":15,"pattern":"regex:schedule_quest_(.+)","resolution":"existing wins","timestamp":"2025-09-17 18:01:55"}
{"level":"\u001b[32minfo\u001b[39m","message":"Starting HolonsBot with REFACTORED architecture","timestamp":"2025-09-17 18:03:26"}
{"appname":"Holons","level":"\u001b[32minfo\u001b[39m","message":"Starting HolonsBot initialization","timestamp":"2025-09-17 18:03:26"}
{"level":"\u001b[32minfo\u001b[39m","message":"Telegram bot initialized (not yet launched)","timestamp":"2025-09-17 18:03:26"}
{"level":"\u001b[32minfo\u001b[39m","message":"SignalManager initialized","timestamp":"2025-09-17 18:03:26"}
{"appname":"HolonsDebug","level":"\u001b[32minfo\u001b[39m","message":"Database initialized","timestamp":"2025-09-17 18:03:26"}
{"existingModule":"Settings","existingSpecificity":13,"level":"\u001b[33mwarn\u001b[39m","message":"Signal conflict detected:","newModule":"Settings","newSpecificity":13,"pattern":"regex:timezone_set_(.+)","resolution":"existing wins","timestamp":"2025-09-17 18:03:26"}
{"existingModule":"Settings","existingSpecificity":13,"level":"\u001b[33mwarn\u001b[39m","message":"Signal conflict detected:","newModule":"Settings","newSpecificity":13,"pattern":"string:settings_back","resolution":"existing wins","timestamp":"2025-09-17 18:03:26"}
{"existingModule":"Settings","existingSpecificity":22,"level":"\u001b[33mwarn\u001b[39m","message":"Signal conflict detected:","newModule":"Settings","newSpecificity":22,"pattern":"string:settings_values_change","resolution":"existing wins","timestamp":"2025-09-17 18:03:26"}
{"existingModule":"Settings","existingSpecificity":23,"level":"\u001b[33mwarn\u001b[39m","message":"Signal conflict detected:","newModule":"Settings","newSpecificity":23,"pattern":"string:settings_domains_change","resolution":"existing wins","timestamp":"2025-09-17 18:03:26"}
{"existingModule":"Settings","existingSpecificity":21,"level":"\u001b[33mwarn\u001b[39m","message":"Signal conflict detected:","newModule":"Settings","newSpecificity":21,"pattern":"string:settings_roles_change","resolution":"existing wins","timestamp":"2025-09-17 18:03:26"}
{"existingModule":"Settings","existingSpecificity":26,"level":"\u001b[33mwarn\u001b[39m","message":"Signal conflict detected:","newModule":"Settings","newSpecificity":26,"pattern":"string:settings_currencies_change","resolution":"existing wins","timestamp":"2025-09-17 18:03:26"}
{"existingModule":"Settings","existingSpecificity":14,"level":"\u001b[33mwarn\u001b[39m","message":"Signal conflict detected:","newModule":"Settings","newSpecificity":14,"pattern":"string:add_federation","resolution":"existing wins","timestamp":"2025-09-17 18:03:26"}
{"existingModule":"Settings","existingSpecificity":22,"level":"\u001b[33mwarn\u001b[39m","message":"Signal conflict detected:","newModule":"Settings","newSpecificity":22,"pattern":"string:settings_values_change","resolution":"existing wins","timestamp":"2025-09-17 18:03:26"}
{"existingModule":"Settings","existingSpecificity":23,"level":"\u001b[33mwarn\u001b[39m","message":"Signal conflict detected:","newModule":"Settings","newSpecificity":23,"pattern":"string:settings_domains_change","resolution":"existing wins","timestamp":"2025-09-17 18:03:26"}
{"existingModule":"Settings","existingSpecificity":21,"level":"\u001b[33mwarn\u001b[39m","message":"Signal conflict detected:","newModule":"Settings","newSpecificity":21,"pattern":"string:settings_roles_change","resolution":"existing wins","timestamp":"2025-09-17 18:03:26"}
{"existingModule":"Settings","existingSpecificity":26,"level":"\u001b[33mwarn\u001b[39m","message":"Signal conflict detected:","newModule":"Settings","newSpecificity":26,"pattern":"string:settings_currencies_change","resolution":"existing wins","timestamp":"2025-09-17 18:03:26"}
{"existingModule":"Settings","existingSpecificity":12,"level":"\u001b[33mwarn\u001b[39m","message":"Signal conflict detected:","newModule":"Settings","newSpecificity":12,"pattern":"string:help_add_hex","resolution":"existing wins","timestamp":"2025-09-17 18:03:26"}
{"existingModule":"Checklists","existingSpecificity":23,"level":"\u001b[33mwarn\u001b[39m","message":"Signal conflict detected:","newModule":"Roles","newSpecificity":23,"pattern":"regex:back_to_role_(.+)","resolution":"existing wins","timestamp":"2025-09-17 18:03:27"}
{"existingModule":"Checklists","existingSpecificity":6,"level":"\u001b[33mwarn\u001b[39m","message":"Signal conflict detected:","newModule":"Quests","newSpecificity":6,"pattern":"regex:check_(.+)","resolution":"existing wins","timestamp":"2025-09-17 18:03:27"}
{"existingModule":"Checklists","existingSpecificity":12,"level":"\u001b[33mwarn\u001b[39m","message":"Signal conflict detected:","newModule":"Quests","newSpecificity":12,"pattern":"regex:add_item_to_(.+)","resolution":"existing wins","timestamp":"2025-09-17 18:03:27"}
{"existingModule":"Calendar","existingSpecificity":3,"level":"\u001b[33mwarn\u001b[39m","message":"Signal conflict detected:","newModule":"Calendar","newSpecificity":3,"pattern":"regex:n_(.+)_(?:--|\\+\\+|\\+|-|0)","resolution":"existing wins","timestamp":"2025-09-17 18:03:27"}
{"existingModule":"Quests","existingSpecificity":15,"level":"\u001b[33mwarn\u001b[39m","message":"Signal conflict detected:","newModule":"Scheduler","newSpecificity":15,"pattern":"regex:schedule_quest_(.+)","resolution":"existing wins","timestamp":"2025-09-17 18:03:27"}
{"level":"\u001b[32minfo\u001b[39m","message":"Starting HolonsBot with REFACTORED architecture","timestamp":"2025-09-17 18:09:51"}
{"appname":"Holons","level":"\u001b[32minfo\u001b[39m","message":"Starting HolonsBot initialization","timestamp":"2025-09-17 18:09:52"}
{"level":"\u001b[32minfo\u001b[39m","message":"Telegram bot initialized (not yet launched)","timestamp":"2025-09-17 18:09:52"}
{"level":"\u001b[32minfo\u001b[39m","message":"SignalManager initialized","timestamp":"2025-09-17 18:09:52"}
{"appname":"HolonsDebug","level":"\u001b[32minfo\u001b[39m","message":"Database initialized","timestamp":"2025-09-17 18:09:52"}
{"existingModule":"Settings","existingSpecificity":13,"level":"\u001b[33mwarn\u001b[39m","message":"Signal conflict detected:","newModule":"Settings","newSpecificity":13,"pattern":"regex:timezone_set_(.+)","resolution":"existing wins","timestamp":"2025-09-17 18:09:52"}
{"existingModule":"Settings","existingSpecificity":13,"level":"\u001b[33mwarn\u001b[39m","message":"Signal conflict detected:","newModule":"Settings","newSpecificity":13,"pattern":"string:settings_back","resolution":"existing wins","timestamp":"2025-09-17 18:09:52"}
{"existingModule":"Settings","existingSpecificity":22,"level":"\u001b[33mwarn\u001b[39m","message":"Signal conflict detected:","newModule":"Settings","newSpecificity":22,"pattern":"string:settings_values_change","resolution":"existing wins","timestamp":"2025-09-17 18:09:52"}
{"existingModule":"Settings","existingSpecificity":23,"level":"\u001b[33mwarn\u001b[39m","message":"Signal conflict detected:","newModule":"Settings","newSpecificity":23,"pattern":"string:settings_domains_change","resolution":"existing wins","timestamp":"2025-09-17 18:09:52"}
{"existingModule":"Settings","existingSpecificity":21,"level":"\u001b[33mwarn\u001b[39m","message":"Signal conflict detected:","newModule":"Settings","newSpecificity":21,"pattern":"string:settings_roles_change","resolution":"existing wins","timestamp":"2025-09-17 18:09:52"}
{"existingModule":"Settings","existingSpecificity":26,"level":"\u001b[33mwarn\u001b[39m","message":"Signal conflict detected:","newModule":"Settings","newSpecificity":26,"pattern":"string:settings_currencies_change","resolution":"existing wins","timestamp":"2025-09-17 18:09:52"}
{"existingModule":"Settings","existingSpecificity":14,"level":"\u001b[33mwarn\u001b[39m","message":"Signal conflict detected:","newModule":"Settings","newSpecificity":14,"pattern":"string:add_federation","resolution":"existing wins","timestamp":"2025-09-17 18:09:52"}
{"existingModule":"Settings","existingSpecificity":22,"level":"\u001b[33mwarn\u001b[39m","message":"Signal conflict detected:","newModule":"Settings","newSpecificity":22,"pattern":"string:settings_values_change","resolution":"existing wins","timestamp":"2025-09-17 18:09:52"}
{"existingModule":"Settings","existingSpecificity":23,"level":"\u001b[33mwarn\u001b[39m","message":"Signal conflict detected:","newModule":"Settings","newSpecificity":23,"pattern":"string:settings_domains_change","resolution":"existing wins","timestamp":"2025-09-17 18:09:52"}
{"existingModule":"Settings","existingSpecificity":21,"level":"\u001b[33mwarn\u001b[39m","message":"Signal conflict detected:","newModule":"Settings","newSpecificity":21,"pattern":"string:settings_roles_change","resolution":"existing wins","timestamp":"2025-09-17 18:09:52"}
{"existingModule":"Settings","existingSpecificity":26,"level":"\u001b[33mwarn\u001b[39m","message":"Signal conflict detected:","newModule":"Settings","newSpecificity":26,"pattern":"string:settings_currencies_change","resolution":"existing wins","timestamp":"2025-09-17 18:09:52"}
{"existingModule":"Settings","existingSpecificity":12,"level":"\u001b[33mwarn\u001b[39m","message":"Signal conflict detected:","newModule":"Settings","newSpecificity":12,"pattern":"string:help_add_hex","resolution":"existing wins","timestamp":"2025-09-17 18:09:52"}
{"existingModule":"Checklists","existingSpecificity":23,"level":"\u001b[33mwarn\u001b[39m","message":"Signal conflict detected:","newModule":"Roles","newSpecificity":23,"pattern":"regex:back_to_role_(.+)","resolution":"existing wins","timestamp":"2025-09-17 18:09:52"}
{"existingModule":"Checklists","existingSpecificity":6,"level":"\u001b[33mwarn\u001b[39m","message":"Signal conflict detected:","newModule":"Quests","newSpecificity":6,"pattern":"regex:check_(.+)","resolution":"existing wins","timestamp":"2025-09-17 18:09:52"}
{"existingModule":"Checklists","existingSpecificity":12,"level":"\u001b[33mwarn\u001b[39m","message":"Signal conflict detected:","newModule":"Quests","newSpecificity":12,"pattern":"regex:add_item_to_(.+)","resolution":"existing wins","timestamp":"2025-09-17 18:09:52"}
{"existingModule":"Calendar","existingSpecificity":3,"level":"\u001b[33mwarn\u001b[39m","message":"Signal conflict detected:","newModule":"Calendar","newSpecificity":3,"pattern":"regex:n_(.+)_(?:--|\\+\\+|\\+|-|0)","resolution":"existing wins","timestamp":"2025-09-17 18:09:52"}
{"existingModule":"Quests","existingSpecificity":15,"level":"\u001b[33mwarn\u001b[39m","message":"Signal conflict detected:","newModule":"Scheduler","newSpecificity":15,"pattern":"regex:schedule_quest_(.+)","resolution":"existing wins","timestamp":"2025-09-17 18:09:52"}
{"level":"\u001b[32minfo\u001b[39m","message":"Starting HolonsBot with REFACTORED architecture","timestamp":"2025-09-17 18:10:00"}
{"appname":"Holons","level":"\u001b[32minfo\u001b[39m","message":"Starting HolonsBot initialization","timestamp":"2025-09-17 18:10:01"}
{"level":"\u001b[32minfo\u001b[39m","message":"Telegram bot initialized (not yet launched)","timestamp":"2025-09-17 18:10:01"}
{"level":"\u001b[32minfo\u001b[39m","message":"SignalManager initialized","timestamp":"2025-09-17 18:10:01"}
{"appname":"HolonsDebug","level":"\u001b[32minfo\u001b[39m","message":"Database initialized","timestamp":"2025-09-17 18:10:01"}
{"existingModule":"Settings","existingSpecificity":13,"level":"\u001b[33mwarn\u001b[39m","message":"Signal conflict detected:","newModule":"Settings","newSpecificity":13,"pattern":"regex:timezone_set_(.+)","resolution":"existing wins","timestamp":"2025-09-17 18:10:01"}
{"existingModule":"Settings","existingSpecificity":13,"level":"\u001b[33mwarn\u001b[39m","message":"Signal conflict detected:","newModule":"Settings","newSpecificity":13,"pattern":"string:settings_back","resolution":"existing wins","timestamp":"2025-09-17 18:10:01"}
{"existingModule":"Settings","existingSpecificity":22,"level":"\u001b[33mwarn\u001b[39m","message":"Signal conflict detected:","newModule":"Settings","newSpecificity":22,"pattern":"string:settings_values_change","resolution":"existing wins","timestamp":"2025-09-17 18:10:01"}
{"existingModule":"Settings","existingSpecificity":23,"level":"\u001b[33mwarn\u001b[39m","message":"Signal conflict detected:","newModule":"Settings","newSpecificity":23,"pattern":"string:settings_domains_change","resolution":"existing wins","timestamp":"2025-09-17 18:10:01"}
{"existingModule":"Settings","existingSpecificity":21,"level":"\u001b[33mwarn\u001b[39m","message":"Signal conflict detected:","newModule":"Settings","newSpecificity":21,"pattern":"string:settings_roles_change","resolution":"existing wins","timestamp":"2025-09-17 18:10:01"}
{"existingModule":"Settings","existingSpecificity":26,"level":"\u001b[33mwarn\u001b[39m","message":"Signal conflict detected:","newModule":"Settings","newSpecificity":26,"pattern":"string:settings_currencies_change","resolution":"existing wins","timestamp":"2025-09-17 18:10:01"}
{"existingModule":"Settings","existingSpecificity":14,"level":"\u001b[33mwarn\u001b[39m","message":"Signal conflict detected:","newModule":"Settings","newSpecificity":14,"pattern":"string:add_federation","resolution":"existing wins","timestamp":"2025-09-17 18:10:01"}
{"existingModule":"Settings","existingSpecificity":22,"level":"\u001b[33mwarn\u001b[39m","message":"Signal conflict detected:","newModule":"Settings","newSpecificity":22,"pattern":"string:settings_values_change","resolution":"existing wins","timestamp":"2025-09-17 18:10:01"}
{"existingModule":"Settings","existingSpecificity":23,"level":"\u001b[33mwarn\u001b[39m","message":"Signal conflict detected:","newModule":"Settings","newSpecificity":23,"pattern":"string:settings_domains_change","resolution":"existing wins","timestamp":"2025-09-17 18:10:01"}
{"existingModule":"Settings","existingSpecificity":21,"level":"\u001b[33mwarn\u001b[39m","message":"Signal conflict detected:","newModule":"Settings","newSpecificity":21,"pattern":"string:settings_roles_change","resolution":"existing wins","timestamp":"2025-09-17 18:10:01"}
{"existingModule":"Settings","existingSpecificity":26,"level":"\u001b[33mwarn\u001b[39m","message":"Signal conflict detected:","newModule":"Settings","newSpecificity":26,"pattern":"string:settings_currencies_change","resolution":"existing wins","timestamp":"2025-09-17 18:10:01"}
{"existingModule":"Settings","existingSpecificity":12,"level":"\u001b[33mwarn\u001b[39m","message":"Signal conflict detected:","newModule":"Settings","newSpecificity":12,"pattern":"string:help_add_hex","resolution":"existing wins","timestamp":"2025-09-17 18:10:01"}
{"existingModule":"Checklists","existingSpecificity":23,"level":"\u001b[33mwarn\u001b[39m","message":"Signal conflict detected:","newModule":"Roles","newSpecificity":23,"pattern":"regex:back_to_role_(.+)","resolution":"existing wins","timestamp":"2025-09-17 18:10:01"}
{"existingModule":"Checklists","existingSpecificity":6,"level":"\u001b[33mwarn\u001b[39m","message":"Signal conflict detected:","newModule":"Quests","newSpecificity":6,"pattern":"regex:check_(.+)","resolution":"existing wins","timestamp":"2025-09-17 18:10:01"}
{"existingModule":"Checklists","existingSpecificity":12,"level":"\u001b[33mwarn\u001b[39m","message":"Signal conflict detected:","newModule":"Quests","newSpecificity":12,"pattern":"regex:add_item_to_(.+)","resolution":"existing wins","timestamp":"2025-09-17 18:10:01"}
{"existingModule":"Calendar","existingSpecificity":3,"level":"\u001b[33mwarn\u001b[39m","message":"Signal conflict detected:","newModule":"Calendar","newSpecificity":3,"pattern":"regex:n_(.+)_(?:--|\\+\\+|\\+|-|0)","resolution":"existing wins","timestamp":"2025-09-17 18:10:01"}
{"existingModule":"Quests","existingSpecificity":15,"level":"\u001b[33mwarn\u001b[39m","message":"Signal conflict detected:","newModule":"Scheduler","newSpecificity":15,"pattern":"regex:schedule_quest_(.+)","resolution":"existing wins","timestamp":"2025-09-17 18:10:01"}
{"level":"\u001b[32minfo\u001b[39m","message":"Starting HolonsBot with REFACTORED architecture","timestamp":"2025-09-17 18:21:04"}
{"appname":"Holons","level":"\u001b[32minfo\u001b[39m","message":"Starting HolonsBot initialization","timestamp":"2025-09-17 18:21:04"}
{"level":"\u001b[32minfo\u001b[39m","message":"Telegram bot initialized (not yet launched)","timestamp":"2025-09-17 18:21:04"}
{"level":"\u001b[32minfo\u001b[39m","message":"SignalManager initialized","timestamp":"2025-09-17 18:21:04"}
{"appname":"HolonsDebug","level":"\u001b[32minfo\u001b[39m","message":"Database initialized","timestamp":"2025-09-17 18:21:04"}
{"existingModule":"Settings","existingSpecificity":13,"level":"\u001b[33mwarn\u001b[39m","message":"Signal conflict detected:","newModule":"Settings","newSpecificity":13,"pattern":"regex:timezone_set_(.+)","resolution":"existing wins","timestamp":"2025-09-17 18:21:04"}
{"existingModule":"Settings","existingSpecificity":13,"level":"\u001b[33mwarn\u001b[39m","message":"Signal conflict detected:","newModule":"Settings","newSpecificity":13,"pattern":"string:settings_back","resolution":"existing wins","timestamp":"2025-09-17 18:21:04"}
{"existingModule":"Settings","existingSpecificity":22,"level":"\u001b[33mwarn\u001b[39m","message":"Signal conflict detected:","newModule":"Settings","newSpecificity":22,"pattern":"string:settings_values_change","resolution":"existing wins","timestamp":"2025-09-17 18:21:04"}
{"existingModule":"Settings","existingSpecificity":23,"level":"\u001b[33mwarn\u001b[39m","message":"Signal conflict detected:","newModule":"Settings","newSpecificity":23,"pattern":"string:settings_domains_change","resolution":"existing wins","timestamp":"2025-09-17 18:21:04"}
{"existingModule":"Settings","existingSpecificity":21,"level":"\u001b[33mwarn\u001b[39m","message":"Signal conflict detected:","newModule":"Settings","newSpecificity":21,"pattern":"string:settings_roles_change","resolution":"existing wins","timestamp":"2025-09-17 18:21:04"}
{"existingModule":"Settings","existingSpecificity":26,"level":"\u001b[33mwarn\u001b[39m","message":"Signal conflict detected:","newModule":"Settings","newSpecificity":26,"pattern":"string:settings_currencies_change","resolution":"existing wins","timestamp":"2025-09-17 18:21:04"}
{"existingModule":"Settings","existingSpecificity":14,"level":"\u001b[33mwarn\u001b[39m","message":"Signal conflict detected:","newModule":"Settings","newSpecificity":14,"pattern":"string:add_federation","resolution":"existing wins","timestamp":"2025-09-17 18:21:04"}
{"existingModule":"Settings","existingSpecificity":22,"level":"\u001b[33mwarn\u001b[39m","message":"Signal conflict detected:","newModule":"Settings","newSpecificity":22,"pattern":"string:settings_values_change","resolution":"existing wins","timestamp":"2025-09-17 18:21:04"}
{"existingModule":"Settings","existingSpecificity":23,"level":"\u001b[33mwarn\u001b[39m","message":"Signal conflict detected:","newModule":"Settings","newSpecificity":23,"pattern":"string:settings_domains_change","resolution":"existing wins","timestamp":"2025-09-17 18:21:04"}
{"existingModule":"Settings","existingSpecificity":21,"level":"\u001b[33mwarn\u001b[39m","message":"Signal conflict detected:","newModule":"Settings","newSpecificity":21,"pattern":"string:settings_roles_change","resolution":"existing wins","timestamp":"2025-09-17 18:21:04"}
{"existingModule":"Settings","existingSpecificity":26,"level":"\u001b[33mwarn\u001b[39m","message":"Signal conflict detected:","newModule":"Settings","newSpecificity":26,"pattern":"string:settings_currencies_change","resolution":"existing wins","timestamp":"2025-09-17 18:21:04"}
{"existingModule":"Settings","existingSpecificity":12,"level":"\u001b[33mwarn\u001b[39m","message":"Signal conflict detected:","newModule":"Settings","newSpecificity":12,"pattern":"string:help_add_hex","resolution":"existing wins","timestamp":"2025-09-17 18:21:04"}
{"existingModule":"Checklists","existingSpecificity":23,"level":"\u001b[33mwarn\u001b[39m","message":"Signal conflict detected:","newModule":"Roles","newSpecificity":23,"pattern":"regex:back_to_role_(.+)","resolution":"existing wins","timestamp":"2025-09-17 18:21:05"}
{"existingModule":"Checklists","existingSpecificity":6,"level":"\u001b[33mwarn\u001b[39m","message":"Signal conflict detected:","newModule":"Quests","newSpecificity":6,"pattern":"regex:check_(.+)","resolution":"existing wins","timestamp":"2025-09-17 18:21:05"}
{"existingModule":"Checklists","existingSpecificity":12,"level":"\u001b[33mwarn\u001b[39m","message":"Signal conflict detected:","newModule":"Quests","newSpecificity":12,"pattern":"regex:add_item_to_(.+)","resolution":"existing wins","timestamp":"2025-09-17 18:21:05"}
{"existingModule":"Calendar","existingSpecificity":3,"level":"\u001b[33mwarn\u001b[39m","message":"Signal conflict detected:","newModule":"Calendar","newSpecificity":3,"pattern":"regex:n_(.+)_(?:--|\\+\\+|\\+|-|0)","resolution":"existing wins","timestamp":"2025-09-17 18:21:05"}
{"existingModule":"Quests","existingSpecificity":15,"level":"\u001b[33mwarn\u001b[39m","message":"Signal conflict detected:","newModule":"Scheduler","newSpecificity":15,"pattern":"regex:schedule_quest_(.+)","resolution":"existing wins","timestamp":"2025-09-17 18:21:05"}
{"level":"\u001b[32minfo\u001b[39m","message":"Starting HolonsBot with REFACTORED architecture","timestamp":"2025-09-17 18:21:12"}
{"appname":"Holons","level":"\u001b[32minfo\u001b[39m","message":"Starting HolonsBot initialization","timestamp":"2025-09-17 18:21:13"}
{"level":"\u001b[32minfo\u001b[39m","message":"Telegram bot initialized (not yet launched)","timestamp":"2025-09-17 18:21:13"}
{"level":"\u001b[32minfo\u001b[39m","message":"SignalManager initialized","timestamp":"2025-09-17 18:21:13"}
{"appname":"HolonsDebug","level":"\u001b[32minfo\u001b[39m","message":"Database initialized","timestamp":"2025-09-17 18:21:13"}
{"existingModule":"Settings","existingSpecificity":13,"level":"\u001b[33mwarn\u001b[39m","message":"Signal conflict detected:","newModule":"Settings","newSpecificity":13,"pattern":"regex:timezone_set_(.+)","resolution":"existing wins","timestamp":"2025-09-17 18:21:13"}
{"existingModule":"Settings","existingSpecificity":13,"level":"\u001b[33mwarn\u001b[39m","message":"Signal conflict detected:","newModule":"Settings","newSpecificity":13,"pattern":"string:settings_back","resolution":"existing wins","timestamp":"2025-09-17 18:21:13"}
{"existingModule":"Settings","existingSpecificity":22,"level":"\u001b[33mwarn\u001b[39m","message":"Signal conflict detected:","newModule":"Settings","newSpecificity":22,"pattern":"string:settings_values_change","resolution":"existing wins","timestamp":"2025-09-17 18:21:13"}
{"existingModule":"Settings","existingSpecificity":23,"level":"\u001b[33mwarn\u001b[39m","message":"Signal conflict detected:","newModule":"Settings","newSpecificity":23,"pattern":"string:settings_domains_change","resolution":"existing wins","timestamp":"2025-09-17 18:21:13"}
{"existingModule":"Settings","existingSpecificity":21,"level":"\u001b[33mwarn\u001b[39m","message":"Signal conflict detected:","newModule":"Settings","newSpecificity":21,"pattern":"string:settings_roles_change","resolution":"existing wins","timestamp":"2025-09-17 18:21:13"}
{"existingModule":"Settings","existingSpecificity":26,"level":"\u001b[33mwarn\u001b[39m","message":"Signal conflict detected:","newModule":"Settings","newSpecificity":26,"pattern":"string:settings_currencies_change","resolution":"existing wins","timestamp":"2025-09-17 18:21:13"}
{"existingModule":"Settings","existingSpecificity":14,"level":"\u001b[33mwarn\u001b[39m","message":"Signal conflict detected:","newModule":"Settings","newSpecificity":14,"pattern":"string:add_federation","resolution":"existing wins","timestamp":"2025-09-17 18:21:13"}
{"existingModule":"Settings","existingSpecificity":22,"level":"\u001b[33mwarn\u001b[39m","message":"Signal conflict detected:","newModule":"Settings","newSpecificity":22,"pattern":"string:settings_values_change","resolution":"existing wins","timestamp":"2025-09-17 18:21:13"}
{"existingModule":"Settings","existingSpecificity":23,"level":"\u001b[33mwarn\u001b[39m","message":"Signal conflict detected:","newModule":"Settings","newSpecificity":23,"pattern":"string:settings_domains_change","resolution":"existing wins","timestamp":"2025-09-17 18:21:13"}
{"existingModule":"Settings","existingSpecificity":21,"level":"\u001b[33mwarn\u001b[39m","message":"Signal conflict detected:","newModule":"Settings","newSpecificity":21,"pattern":"string:settings_roles_change","resolution":"existing wins","timestamp":"2025-09-17 18:21:13"}
{"existingModule":"Settings","existingSpecificity":26,"level":"\u001b[33mwarn\u001b[39m","message":"Signal conflict detected:","newModule":"Settings","newSpecificity":26,"pattern":"string:settings_currencies_change","resolution":"existing wins","timestamp":"2025-09-17 18:21:13"}
{"existingModule":"Settings","existingSpecificity":12,"level":"\u001b[33mwarn\u001b[39m","message":"Signal conflict detected:","newModule":"Settings","newSpecificity":12,"pattern":"string:help_add_hex","resolution":"existing wins","timestamp":"2025-09-17 18:21:13"}
{"existingModule":"Checklists","existingSpecificity":23,"level":"\u001b[33mwarn\u001b[39m","message":"Signal conflict detected:","newModule":"Roles","newSpecificity":23,"pattern":"regex:back_to_role_(.+)","resolution":"existing wins","timestamp":"2025-09-17 18:21:13"}
{"existingModule":"Checklists","existingSpecificity":6,"level":"\u001b[33mwarn\u001b[39m","message":"Signal conflict detected:","newModule":"Quests","newSpecificity":6,"pattern":"regex:check_(.+)","resolution":"existing wins","timestamp":"2025-09-17 18:21:13"}
{"existingModule":"Checklists","existingSpecificity":12,"level":"\u001b[33mwarn\u001b[39m","message":"Signal conflict detected:","newModule":"Quests","newSpecificity":12,"pattern":"regex:add_item_to_(.+)","resolution":"existing wins","timestamp":"2025-09-17 18:21:13"}
{"existingModule":"Calendar","existingSpecificity":3,"level":"\u001b[33mwarn\u001b[39m","message":"Signal conflict detected:","newModule":"Calendar","newSpecificity":3,"pattern":"regex:n_(.+)_(?:--|\\+\\+|\\+|-|0)","resolution":"existing wins","timestamp":"2025-09-17 18:21:13"}
{"existingModule":"Quests","existingSpecificity":15,"level":"\u001b[33mwarn\u001b[39m","message":"Signal conflict detected:","newModule":"Scheduler","newSpecificity":15,"pattern":"regex:schedule_quest_(.+)","resolution":"existing wins","timestamp":"2025-09-17 18:21:13"}
{"level":"\u001b[32minfo\u001b[39m","message":"Starting HolonsBot with REFACTORED architecture","timestamp":"2025-09-17 18:28:01"}
{"appname":"Holons","level":"\u001b[32minfo\u001b[39m","message":"Starting HolonsBot initialization","timestamp":"2025-09-17 18:28:02"}
{"level":"\u001b[32minfo\u001b[39m","message":"Telegram bot initialized (not yet launched)","timestamp":"2025-09-17 18:28:02"}
{"level":"\u001b[32minfo\u001b[39m","message":"SignalManager initialized","timestamp":"2025-09-17 18:28:02"}
{"appname":"HolonsDebug","level":"\u001b[32minfo\u001b[39m","message":"Database initialized","timestamp":"2025-09-17 18:28:02"}
{"existingModule":"Settings","existingSpecificity":13,"level":"\u001b[33mwarn\u001b[39m","message":"Signal conflict detected:","newModule":"Settings","newSpecificity":13,"pattern":"regex:timezone_set_(.+)","resolution":"existing wins","timestamp":"2025-09-17 18:28:02"}
{"existingModule":"Settings","existingSpecificity":13,"level":"\u001b[33mwarn\u001b[39m","message":"Signal conflict detected:","newModule":"Settings","newSpecificity":13,"pattern":"string:settings_back","resolution":"existing wins","timestamp":"2025-09-17 18:28:02"}
{"existingModule":"Settings","existingSpecificity":22,"level":"\u001b[33mwarn\u001b[39m","message":"Signal conflict detected:","newModule":"Settings","newSpecificity":22,"pattern":"string:settings_values_change","resolution":"existing wins","timestamp":"2025-09-17 18:28:02"}
{"existingModule":"Settings","existingSpecificity":23,"level":"\u001b[33mwarn\u001b[39m","message":"Signal conflict detected:","newModule":"Settings","newSpecificity":23,"pattern":"string:settings_domains_change","resolution":"existing wins","timestamp":"2025-09-17 18:28:02"}
{"existingModule":"Settings","existingSpecificity":21,"level":"\u001b[33mwarn\u001b[39m","message":"Signal conflict detected:","newModule":"Settings","newSpecificity":21,"pattern":"string:settings_roles_change","resolution":"existing wins","timestamp":"2025-09-17 18:28:02"}
{"existingModule":"Settings","existingSpecificity":26,"level":"\u001b[33mwarn\u001b[39m","message":"Signal conflict detected:","newModule":"Settings","newSpecificity":26,"pattern":"string:settings_currencies_change","resolution":"existing wins","timestamp":"2025-09-17 18:28:02"}
{"existingModule":"Settings","existingSpecificity":14,"level":"\u001b[33mwarn\u001b[39m","message":"Signal conflict detected:","newModule":"Settings","newSpecificity":14,"pattern":"string:add_federation","resolution":"existing wins","timestamp":"2025-09-17 18:28:02"}
{"existingModule":"Settings","existingSpecificity":22,"level":"\u001b[33mwarn\u001b[39m","message":"Signal conflict detected:","newModule":"Settings","newSpecificity":22,"pattern":"string:settings_values_change","resolution":"existing wins","timestamp":"2025-09-17 18:28:02"}
{"existingModule":"Settings","existingSpecificity":23,"level":"\u001b[33mwarn\u001b[39m","message":"Signal conflict detected:","newModule":"Settings","newSpecificity":23,"pattern":"string:settings_domains_change","resolution":"existing wins","timestamp":"2025-09-17 18:28:02"}
{"existingModule":"Settings","existingSpecificity":21,"level":"\u001b[33mwarn\u001b[39m","message":"Signal conflict detected:","newModule":"Settings","newSpecificity":21,"pattern":"string:settings_roles_change","resolution":"existing wins","timestamp":"2025-09-17 18:28:02"}
{"existingModule":"Settings","existingSpecificity":26,"level":"\u001b[33mwarn\u001b[39m","message":"Signal conflict detected:","newModule":"Settings","newSpecificity":26,"pattern":"string:settings_currencies_change","resolution":"existing wins","timestamp":"2025-09-17 18:28:02"}
{"existingModule":"Settings","existingSpecificity":12,"level":"\u001b[33mwarn\u001b[39m","message":"Signal conflict detected:","newModule":"Settings","newSpecificity":12,"pattern":"string:help_add_hex","resolution":"existing wins","timestamp":"2025-09-17 18:28:02"}
{"existingModule":"Checklists","existingSpecificity":23,"level":"\u001b[33mwarn\u001b[39m","message":"Signal conflict detected:","newModule":"Roles","newSpecificity":23,"pattern":"regex:back_to_role_(.+)","resolution":"existing wins","timestamp":"2025-09-17 18:28:02"}
{"existingModule":"Checklists","existingSpecificity":6,"level":"\u001b[33mwarn\u001b[39m","message":"Signal conflict detected:","newModule":"Quests","newSpecificity":6,"pattern":"regex:check_(.+)","resolution":"existing wins","timestamp":"2025-09-17 18:28:02"}
{"existingModule":"Checklists","existingSpecificity":12,"level":"\u001b[33mwarn\u001b[39m","message":"Signal conflict detected:","newModule":"Quests","newSpecificity":12,"pattern":"regex:add_item_to_(.+)","resolution":"existing wins","timestamp":"2025-09-17 18:28:02"}
{"existingModule":"Calendar","existingSpecificity":3,"level":"\u001b[33mwarn\u001b[39m","message":"Signal conflict detected:","newModule":"Calendar","newSpecificity":3,"pattern":"regex:n_(.+)_(?:--|\\+\\+|\\+|-|0)","resolution":"existing wins","timestamp":"2025-09-17 18:28:02"}
{"existingModule":"Quests","existingSpecificity":15,"level":"\u001b[33mwarn\u001b[39m","message":"Signal conflict detected:","newModule":"Scheduler","newSpecificity":15,"pattern":"regex:schedule_quest_(.+)","resolution":"existing wins","timestamp":"2025-09-17 18:28:02"}
{"level":"\u001b[32minfo\u001b[39m","message":"Starting HolonsBot with REFACTORED architecture","timestamp":"2025-09-17 18:29:05"}
{"appname":"Holons","level":"\u001b[32minfo\u001b[39m","message":"Starting HolonsBot initialization","timestamp":"2025-09-17 18:29:06"}
{"level":"\u001b[32minfo\u001b[39m","message":"Telegram bot initialized (not yet launched)","timestamp":"2025-09-17 18:29:06"}
{"level":"\u001b[32minfo\u001b[39m","message":"SignalManager initialized","timestamp":"2025-09-17 18:29:06"}
{"appname":"HolonsDebug","level":"\u001b[32minfo\u001b[39m","message":"Database initialized","timestamp":"2025-09-17 18:29:06"}
{"existingModule":"Settings","existingSpecificity":13,"level":"\u001b[33mwarn\u001b[39m","message":"Signal conflict detected:","newModule":"Settings","newSpecificity":13,"pattern":"regex:timezone_set_(.+)","resolution":"existing wins","timestamp":"2025-09-17 18:29:06"}
{"existingModule":"Settings","existingSpecificity":13,"level":"\u001b[33mwarn\u001b[39m","message":"Signal conflict detected:","newModule":"Settings","newSpecificity":13,"pattern":"string:settings_back","resolution":"existing wins","timestamp":"2025-09-17 18:29:06"}
{"existingModule":"Settings","existingSpecificity":22,"level":"\u001b[33mwarn\u001b[39m","message":"Signal conflict detected:","newModule":"Settings","newSpecificity":22,"pattern":"string:settings_values_change","resolution":"existing wins","timestamp":"2025-09-17 18:29:06"}
{"existingModule":"Settings","existingSpecificity":23,"level":"\u001b[33mwarn\u001b[39m","message":"Signal conflict detected:","newModule":"Settings","newSpecificity":23,"pattern":"string:settings_domains_change","resolution":"existing wins","timestamp":"2025-09-17 18:29:06"}
{"existingModule":"Settings","existingSpecificity":21,"level":"\u001b[33mwarn\u001b[39m","message":"Signal conflict detected:","newModule":"Settings","newSpecificity":21,"pattern":"string:settings_roles_change","resolution":"existing wins","timestamp":"2025-09-17 18:29:06"}
{"existingModule":"Settings","existingSpecificity":26,"level":"\u001b[33mwarn\u001b[39m","message":"Signal conflict detected:","newModule":"Settings","newSpecificity":26,"pattern":"string:settings_currencies_change","resolution":"existing wins","timestamp":"2025-09-17 18:29:06"}
{"existingModule":"Settings","existingSpecificity":14,"level":"\u001b[33mwarn\u001b[39m","message":"Signal conflict detected:","newModule":"Settings","newSpecificity":14,"pattern":"string:add_federation","resolution":"existing wins","timestamp":"2025-09-17 18:29:06"}
{"existingModule":"Settings","existingSpecificity":22,"level":"\u001b[33mwarn\u001b[39m","message":"Signal conflict detected:","newModule":"Settings","newSpecificity":22,"pattern":"string:settings_values_change","resolution":"existing wins","timestamp":"2025-09-17 18:29:06"}
{"existingModule":"Settings","existingSpecificity":23,"level":"\u001b[33mwarn\u001b[39m","message":"Signal conflict detected:","newModule":"Settings","newSpecificity":23,"pattern":"string:settings_domains_change","resolution":"existing wins","timestamp":"2025-09-17 18:29:06"}
{"existingModule":"Settings","existingSpecificity":21,"level":"\u001b[33mwarn\u001b[39m","message":"Signal conflict detected:","newModule":"Settings","newSpecificity":21,"pattern":"string:settings_roles_change","resolution":"existing wins","timestamp":"2025-09-17 18:29:06"}
{"existingModule":"Settings","existingSpecificity":26,"level":"\u001b[33mwarn\u001b[39m","message":"Signal conflict detected:","newModule":"Settings","newSpecificity":26,"pattern":"string:settings_currencies_change","resolution":"existing wins","timestamp":"2025-09-17 18:29:06"}
{"existingModule":"Settings","existingSpecificity":12,"level":"\u001b[33mwarn\u001b[39m","message":"Signal conflict detected:","newModule":"Settings","newSpecificity":12,"pattern":"string:help_add_hex","resolution":"existing wins","timestamp":"2025-09-17 18:29:06"}
{"existingModule":"Checklists","existingSpecificity":23,"level":"\u001b[33mwarn\u001b[39m","message":"Signal conflict detected:","newModule":"Roles","newSpecificity":23,"pattern":"regex:back_to_role_(.+)","resolution":"existing wins","timestamp":"2025-09-17 18:29:06"}
{"existingModule":"Checklists","existingSpecificity":6,"level":"\u001b[33mwarn\u001b[39m","message":"Signal conflict detected:","newModule":"Quests","newSpecificity":6,"pattern":"regex:check_(.+)","resolution":"existing wins","timestamp":"2025-09-17 18:29:06"}
{"existingModule":"Checklists","existingSpecificity":12,"level":"\u001b[33mwarn\u001b[39m","message":"Signal conflict detected:","newModule":"Quests","newSpecificity":12,"pattern":"regex:add_item_to_(.+)","resolution":"existing wins","timestamp":"2025-09-17 18:29:06"}
{"existingModule":"Calendar","existingSpecificity":3,"level":"\u001b[33mwarn\u001b[39m","message":"Signal conflict detected:","newModule":"Calendar","newSpecificity":3,"pattern":"regex:n_(.+)_(?:--|\\+\\+|\\+|-|0)","resolution":"existing wins","timestamp":"2025-09-17 18:29:06"}
{"existingModule":"Quests","existingSpecificity":15,"level":"\u001b[33mwarn\u001b[39m","message":"Signal conflict detected:","newModule":"Scheduler","newSpecificity":15,"pattern":"regex:schedule_quest_(.+)","resolution":"existing wins","timestamp":"2025-09-17 18:29:06"}
{"level":"\u001b[32minfo\u001b[39m","message":"Starting HolonsBot with REFACTORED architecture","timestamp":"2025-09-17 18:29:16"}
{"appname":"Holons","level":"\u001b[32minfo\u001b[39m","message":"Starting HolonsBot initialization","timestamp":"2025-09-17 18:29:17"}
{"level":"\u001b[32minfo\u001b[39m","message":"Telegram bot initialized (not yet launched)","timestamp":"2025-09-17 18:29:17"}
{"level":"\u001b[32minfo\u001b[39m","message":"SignalManager initialized","timestamp":"2025-09-17 18:29:17"}
{"appname":"HolonsDebug","level":"\u001b[32minfo\u001b[39m","message":"Database initialized","timestamp":"2025-09-17 18:29:17"}
{"existingModule":"Settings","existingSpecificity":13,"level":"\u001b[33mwarn\u001b[39m","message":"Signal conflict detected:","newModule":"Settings","newSpecificity":13,"pattern":"regex:timezone_set_(.+)","resolution":"existing wins","timestamp":"2025-09-17 18:29:17"}
{"existingModule":"Settings","existingSpecificity":13,"level":"\u001b[33mwarn\u001b[39m","message":"Signal conflict detected:","newModule":"Settings","newSpecificity":13,"pattern":"string:settings_back","resolution":"existing wins","timestamp":"2025-09-17 18:29:17"}
{"existingModule":"Settings","existingSpecificity":22,"level":"\u001b[33mwarn\u001b[39m","message":"Signal conflict detected:","newModule":"Settings","newSpecificity":22,"pattern":"string:settings_values_change","resolution":"existing wins","timestamp":"2025-09-17 18:29:17"}
{"existingModule":"Settings","existingSpecificity":23,"level":"\u001b[33mwarn\u001b[39m","message":"Signal conflict detected:","newModule":"Settings","newSpecificity":23,"pattern":"string:settings_domains_change","resolution":"existing wins","timestamp":"2025-09-17 18:29:17"}
{"existingModule":"Settings","existingSpecificity":21,"level":"\u001b[33mwarn\u001b[39m","message":"Signal conflict detected:","newModule":"Settings","newSpecificity":21,"pattern":"string:settings_roles_change","resolution":"existing wins","timestamp":"2025-09-17 18:29:17"}
{"existingModule":"Settings","existingSpecificity":26,"level":"\u001b[33mwarn\u001b[39m","message":"Signal conflict detected:","newModule":"Settings","newSpecificity":26,"pattern":"string:settings_currencies_change","resolution":"existing wins","timestamp":"2025-09-17 18:29:17"}
{"existingModule":"Settings","existingSpecificity":14,"level":"\u001b[33mwarn\u001b[39m","message":"Signal conflict detected:","newModule":"Settings","newSpecificity":14,"pattern":"string:add_federation","resolution":"existing wins","timestamp":"2025-09-17 18:29:17"}
{"existingModule":"Settings","existingSpecificity":22,"level":"\u001b[33mwarn\u001b[39m","message":"Signal conflict detected:","newModule":"Settings","newSpecificity":22,"pattern":"string:settings_values_change","resolution":"existing wins","timestamp":"2025-09-17 18:29:17"}
{"existingModule":"Settings","existingSpecificity":23,"level":"\u001b[33mwarn\u001b[39m","message":"Signal conflict detected:","newModule":"Settings","newSpecificity":23,"pattern":"string:settings_domains_change","resolution":"existing wins","timestamp":"2025-09-17 18:29:17"}
{"existingModule":"Settings","existingSpecificity":21,"level":"\u001b[33mwarn\u001b[39m","message":"Signal conflict detected:","newModule":"Settings","newSpecificity":21,"pattern":"string:settings_roles_change","resolution":"existing wins","timestamp":"2025-09-17 18:29:17"}
{"existingModule":"Settings","existingSpecificity":26,"level":"\u001b[33mwarn\u001b[39m","message":"Signal conflict detected:","newModule":"Settings","newSpecificity":26,"pattern":"string:settings_currencies_change","resolution":"existing wins","timestamp":"2025-09-17 18:29:17"}
{"existingModule":"Settings","existingSpecificity":12,"level":"\u001b[33mwarn\u001b[39m","message":"Signal conflict detected:","newModule":"Settings","newSpecificity":12,"pattern":"string:help_add_hex","resolution":"existing wins","timestamp":"2025-09-17 18:29:17"}
{"existingModule":"Checklists","existingSpecificity":23,"level":"\u001b[33mwarn\u001b[39m","message":"Signal conflict detected:","newModule":"Roles","newSpecificity":23,"pattern":"regex:back_to_role_(.+)","resolution":"existing wins","timestamp":"2025-09-17 18:29:17"}
{"existingModule":"Checklists","existingSpecificity":6,"level":"\u001b[33mwarn\u001b[39m","message":"Signal conflict detected:","newModule":"Quests","newSpecificity":6,"pattern":"regex:check_(.+)","resolution":"existing wins","timestamp":"2025-09-17 18:29:17"}
{"existingModule":"Checklists","existingSpecificity":12,"level":"\u001b[33mwarn\u001b[39m","message":"Signal conflict detected:","newModule":"Quests","newSpecificity":12,"pattern":"regex:add_item_to_(.+)","resolution":"existing wins","timestamp":"2025-09-17 18:29:17"}
{"existingModule":"Calendar","existingSpecificity":3,"level":"\u001b[33mwarn\u001b[39m","message":"Signal conflict detected:","newModule":"Calendar","newSpecificity":3,"pattern":"regex:n_(.+)_(?:--|\\+\\+|\\+|-|0)","resolution":"existing wins","timestamp":"2025-09-17 18:29:17"}
{"existingModule":"Quests","existingSpecificity":15,"level":"\u001b[33mwarn\u001b[39m","message":"Signal conflict detected:","newModule":"Scheduler","newSpecificity":15,"pattern":"regex:schedule_quest_(.+)","resolution":"existing wins","timestamp":"2025-09-17 18:29:17"}
{"level":"\u001b[32minfo\u001b[39m","message":"Starting HolonsBot with REFACTORED architecture","timestamp":"2025-09-17 20:02:55"}
{"appname":"Holons","level":"\u001b[32minfo\u001b[39m","message":"Starting HolonsBot initialization","timestamp":"2025-09-17 20:02:56"}
{"level":"\u001b[32minfo\u001b[39m","message":"Telegram bot initialized (not yet launched)","timestamp":"2025-09-17 20:02:56"}
{"level":"\u001b[32minfo\u001b[39m","message":"SignalManager initialized","timestamp":"2025-09-17 20:02:56"}
{"appname":"HolonsDebug","level":"\u001b[32minfo\u001b[39m","message":"Database initialized","timestamp":"2025-09-17 20:02:56"}
{"existingModule":"Settings","existingSpecificity":13,"level":"\u001b[33mwarn\u001b[39m","message":"Signal conflict detected:","newModule":"Settings","newSpecificity":13,"pattern":"regex:timezone_set_(.+)","resolution":"existing wins","timestamp":"2025-09-17 20:02:56"}
{"existingModule":"Settings","existingSpecificity":13,"level":"\u001b[33mwarn\u001b[39m","message":"Signal conflict detected:","newModule":"Settings","newSpecificity":13,"pattern":"string:settings_back","resolution":"existing wins","timestamp":"2025-09-17 20:02:56"}
{"existingModule":"Settings","existingSpecificity":22,"level":"\u001b[33mwarn\u001b[39m","message":"Signal conflict detected:","newModule":"Settings","newSpecificity":22,"pattern":"string:settings_values_change","resolution":"existing wins","timestamp":"2025-09-17 20:02:56"}
{"existingModule":"Settings","existingSpecificity":23,"level":"\u001b[33mwarn\u001b[39m","message":"Signal conflict detected:","newModule":"Settings","newSpecificity":23,"pattern":"string:settings_domains_change","resolution":"existing wins","timestamp":"2025-09-17 20:02:56"}
{"existingModule":"Settings","existingSpecificity":21,"level":"\u001b[33mwarn\u001b[39m","message":"Signal conflict detected:","newModule":"Settings","newSpecificity":21,"pattern":"string:settings_roles_change","resolution":"existing wins","timestamp":"2025-09-17 20:02:56"}
{"existingModule":"Settings","existingSpecificity":26,"level":"\u001b[33mwarn\u001b[39m","message":"Signal conflict detected:","newModule":"Settings","newSpecificity":26,"pattern":"string:settings_currencies_change","resolution":"existing wins","timestamp":"2025-09-17 20:02:56"}
{"existingModule":"Settings","existingSpecificity":14,"level":"\u001b[33mwarn\u001b[39m","message":"Signal conflict detected:","newModule":"Settings","newSpecificity":14,"pattern":"string:add_federation","resolution":"existing wins","timestamp":"2025-09-17 20:02:56"}
{"existingModule":"Settings","existingSpecificity":22,"level":"\u001b[33mwarn\u001b[39m","message":"Signal conflict detected:","newModule":"Settings","newSpecificity":22,"pattern":"string:settings_values_change","resolution":"existing wins","timestamp":"2025-09-17 20:02:56"}
{"existingModule":"Settings","existingSpecificity":23,"level":"\u001b[33mwarn\u001b[39m","message":"Signal conflict detected:","newModule":"Settings","newSpecificity":23,"pattern":"string:settings_domains_change","resolution":"existing wins","timestamp":"2025-09-17 20:02:56"}
{"existingModule":"Settings","existingSpecificity":21,"level":"\u001b[33mwarn\u001b[39m","message":"Signal conflict detected:","newModule":"Settings","newSpecificity":21,"pattern":"string:settings_roles_change","resolution":"existing wins","timestamp":"2025-09-17 20:02:56"}
{"existingModule":"Settings","existingSpecificity":26,"level":"\u001b[33mwarn\u001b[39m","message":"Signal conflict detected:","newModule":"Settings","newSpecificity":26,"pattern":"string:settings_currencies_change","resolution":"existing wins","timestamp":"2025-09-17 20:02:56"}
{"existingModule":"Settings","existingSpecificity":12,"level":"\u001b[33mwarn\u001b[39m","message":"Signal conflict detected:","newModule":"Settings","newSpecificity":12,"pattern":"string:help_add_hex","resolution":"existing wins","timestamp":"2025-09-17 20:02:56"}
{"existingModule":"Checklists","existingSpecificity":23,"level":"\u001b[33mwarn\u001b[39m","message":"Signal conflict detected:","newModule":"Roles","newSpecificity":23,"pattern":"regex:back_to_role_(.+)","resolution":"existing wins","timestamp":"2025-09-17 20:02:57"}
{"existingModule":"Checklists","existingSpecificity":6,"level":"\u001b[33mwarn\u001b[39m","message":"Signal conflict detected:","newModule":"Quests","newSpecificity":6,"pattern":"regex:check_(.+)","resolution":"existing wins","timestamp":"2025-09-17 20:02:57"}
{"existingModule":"Checklists","existingSpecificity":12,"level":"\u001b[33mwarn\u001b[39m","message":"Signal conflict detected:","newModule":"Quests","newSpecificity":12,"pattern":"regex:add_item_to_(.+)","resolution":"existing wins","timestamp":"2025-09-17 20:02:57"}
{"existingModule":"Calendar","existingSpecificity":3,"level":"\u001b[33mwarn\u001b[39m","message":"Signal conflict detected:","newModule":"Calendar","newSpecificity":3,"pattern":"regex:n_(.+)_(?:--|\\+\\+|\\+|-|0)","resolution":"existing wins","timestamp":"2025-09-17 20:02:57"}
{"existingModule":"Quests","existingSpecificity":15,"level":"\u001b[33mwarn\u001b[39m","message":"Signal conflict detected:","newModule":"Scheduler","newSpecificity":15,"pattern":"regex:schedule_quest_(.+)","resolution":"existing wins","timestamp":"2025-09-17 20:02:57"}
{"level":"\u001b[32minfo\u001b[39m","message":"Starting HolonsBot with REFACTORED architecture","timestamp":"2025-09-17 20:03:17"}
{"appname":"Holons","level":"\u001b[32minfo\u001b[39m","message":"Starting HolonsBot initialization","timestamp":"2025-09-17 20:03:18"}
{"level":"\u001b[32minfo\u001b[39m","message":"Telegram bot initialized (not yet launched)","timestamp":"2025-09-17 20:03:18"}
{"level":"\u001b[32minfo\u001b[39m","message":"SignalManager initialized","timestamp":"2025-09-17 20:03:18"}
{"appname":"HolonsDebug","level":"\u001b[32minfo\u001b[39m","message":"Database initialized","timestamp":"2025-09-17 20:03:18"}
{"existingModule":"Settings","existingSpecificity":13,"level":"\u001b[33mwarn\u001b[39m","message":"Signal conflict detected:","newModule":"Settings","newSpecificity":13,"pattern":"regex:timezone_set_(.+)","resolution":"existing wins","timestamp":"2025-09-17 20:03:18"}
{"existingModule":"Settings","existingSpecificity":13,"level":"\u001b[33mwarn\u001b[39m","message":"Signal conflict detected:","newModule":"Settings","newSpecificity":13,"pattern":"string:settings_back","resolution":"existing wins","timestamp":"2025-09-17 20:03:18"}
{"existingModule":"Settings","existingSpecificity":22,"level":"\u001b[33mwarn\u001b[39m","message":"Signal conflict detected:","newModule":"Settings","newSpecificity":22,"pattern":"string:settings_values_change","resolution":"existing wins","timestamp":"2025-09-17 20:03:18"}
{"existingModule":"Settings","existingSpecificity":23,"level":"\u001b[33mwarn\u001b[39m","message":"Signal conflict detected:","newModule":"Settings","newSpecificity":23,"pattern":"string:settings_domains_change","resolution":"existing wins","timestamp":"2025-09-17 20:03:18"}
{"existingModule":"Settings","existingSpecificity":21,"level":"\u001b[33mwarn\u001b[39m","message":"Signal conflict detected:","newModule":"Settings","newSpecificity":21,"pattern":"string:settings_roles_change","resolution":"existing wins","timestamp":"2025-09-17 20:03:18"}
{"existingModule":"Settings","existingSpecificity":26,"level":"\u001b[33mwarn\u001b[39m","message":"Signal conflict detected:","newModule":"Settings","newSpecificity":26,"pattern":"string:settings_currencies_change","resolution":"existing wins","timestamp":"2025-09-17 20:03:18"}
{"existingModule":"Settings","existingSpecificity":14,"level":"\u001b[33mwarn\u001b[39m","message":"Signal conflict detected:","newModule":"Settings","newSpecificity":14,"pattern":"string:add_federation","resolution":"existing wins","timestamp":"2025-09-17 20:03:18"}
{"existingModule":"Settings","existingSpecificity":22,"level":"\u001b[33mwarn\u001b[39m","message":"Signal conflict detected:","newModule":"Settings","newSpecificity":22,"pattern":"string:settings_values_change","resolution":"existing wins","timestamp":"2025-09-17 20:03:18"}
{"existingModule":"Settings","existingSpecificity":23,"level":"\u001b[33mwarn\u001b[39m","message":"Signal conflict detected:","newModule":"Settings","newSpecificity":23,"pattern":"string:settings_domains_change","resolution":"existing wins","timestamp":"2025-09-17 20:03:18"}
{"existingModule":"Settings","existingSpecificity":21,"level":"\u001b[33mwarn\u001b[39m","message":"Signal conflict detected:","newModule":"Settings","newSpecificity":21,"pattern":"string:settings_roles_change","resolution":"existing wins","timestamp":"2025-09-17 20:03:18"}
{"existingModule":"Settings","existingSpecificity":26,"level":"\u001b[33mwarn\u001b[39m","message":"Signal conflict detected:","newModule":"Settings","newSpecificity":26,"pattern":"string:settings_currencies_change","resolution":"existing wins","timestamp":"2025-09-17 20:03:18"}
{"existingModule":"Settings","existingSpecificity":12,"level":"\u001b[33mwarn\u001b[39m","message":"Signal conflict detected:","newModule":"Settings","newSpecificity":12,"pattern":"string:help_add_hex","resolution":"existing wins","timestamp":"2025-09-17 20:03:18"}
{"existingModule":"Checklists","existingSpecificity":23,"level":"\u001b[33mwarn\u001b[39m","message":"Signal conflict detected:","newModule":"Roles","newSpecificity":23,"pattern":"regex:back_to_role_(.+)","resolution":"existing wins","timestamp":"2025-09-17 20:03:18"}
{"existingModule":"Checklists","existingSpecificity":6,"level":"\u001b[33mwarn\u001b[39m","message":"Signal conflict detected:","newModule":"Quests","newSpecificity":6,"pattern":"regex:check_(.+)","resolution":"existing wins","timestamp":"2025-09-17 20:03:18"}
{"existingModule":"Checklists","existingSpecificity":12,"level":"\u001b[33mwarn\u001b[39m","message":"Signal conflict detected:","newModule":"Quests","newSpecificity":12,"pattern":"regex:add_item_to_(.+)","resolution":"existing wins","timestamp":"2025-09-17 20:03:18"}
{"existingModule":"Calendar","existingSpecificity":3,"level":"\u001b[33mwarn\u001b[39m","message":"Signal conflict detected:","newModule":"Calendar","newSpecificity":3,"pattern":"regex:n_(.+)_(?:--|\\+\\+|\\+|-|0)","resolution":"existing wins","timestamp":"2025-09-17 20:03:18"}
{"existingModule":"Quests","existingSpecificity":15,"level":"\u001b[33mwarn\u001b[39m","message":"Signal conflict detected:","newModule":"Scheduler","newSpecificity":15,"pattern":"regex:schedule_quest_(.+)","resolution":"existing wins","timestamp":"2025-09-17 20:03:18"}
{"level":"\u001b[32minfo\u001b[39m","message":"SIGINT received, shutting down gracefully","timestamp":"2025-09-17 20:15:26"}
{"level":"\u001b[32minfo\u001b[39m","message":"Starting HolonsBot with REFACTORED architecture","timestamp":"2025-09-17 20:17:09"}
{"appname":"Holons","level":"\u001b[32minfo\u001b[39m","message":"Starting HolonsBot initialization","timestamp":"2025-09-17 20:17:10"}
{"level":"\u001b[32minfo\u001b[39m","message":"Telegram bot initialized (not yet launched)","timestamp":"2025-09-17 20:17:10"}
{"level":"\u001b[32minfo\u001b[39m","message":"SignalManager initialized","timestamp":"2025-09-17 20:17:10"}
{"appname":"HolonsDebug","level":"\u001b[32minfo\u001b[39m","message":"Database initialized","timestamp":"2025-09-17 20:17:10"}
{"existingModule":"Settings","existingSpecificity":13,"level":"\u001b[33mwarn\u001b[39m","message":"Signal conflict detected:","newModule":"Settings","newSpecificity":13,"pattern":"regex:timezone_set_(.+)","resolution":"existing wins","timestamp":"2025-09-17 20:17:10"}
{"existingModule":"Settings","existingSpecificity":13,"level":"\u001b[33mwarn\u001b[39m","message":"Signal conflict detected:","newModule":"Settings","newSpecificity":13,"pattern":"string:settings_back","resolution":"existing wins","timestamp":"2025-09-17 20:17:10"}
{"existingModule":"Settings","existingSpecificity":22,"level":"\u001b[33mwarn\u001b[39m","message":"Signal conflict detected:","newModule":"Settings","newSpecificity":22,"pattern":"string:settings_values_change","resolution":"existing wins","timestamp":"2025-09-17 20:17:10"}
{"existingModule":"Settings","existingSpecificity":23,"level":"\u001b[33mwarn\u001b[39m","message":"Signal conflict detected:","newModule":"Settings","newSpecificity":23,"pattern":"string:settings_domains_change","resolution":"existing wins","timestamp":"2025-09-17 20:17:10"}
{"existingModule":"Settings","existingSpecificity":21,"level":"\u001b[33mwarn\u001b[39m","message":"Signal conflict detected:","newModule":"Settings","newSpecificity":21,"pattern":"string:settings_roles_change","resolution":"existing wins","timestamp":"2025-09-17 20:17:10"}
{"existingModule":"Settings","existingSpecificity":26,"level":"\u001b[33mwarn\u001b[39m","message":"Signal conflict detected:","newModule":"Settings","newSpecificity":26,"pattern":"string:settings_currencies_change","resolution":"existing wins","timestamp":"2025-09-17 20:17:10"}
{"existingModule":"Settings","existingSpecificity":14,"level":"\u001b[33mwarn\u001b[39m","message":"Signal conflict detected:","newModule":"Settings","newSpecificity":14,"pattern":"string:add_federation","resolution":"existing wins","timestamp":"2025-09-17 20:17:10"}
{"existingModule":"Settings","existingSpecificity":22,"level":"\u001b[33mwarn\u001b[39m","message":"Signal conflict detected:","newModule":"Settings","newSpecificity":22,"pattern":"string:settings_values_change","resolution":"existing wins","timestamp":"2025-09-17 20:17:10"}
{"existingModule":"Settings","existingSpecificity":23,"level":"\u001b[33mwarn\u001b[39m","message":"Signal conflict detected:","newModule":"Settings","newSpecificity":23,"pattern":"string:settings_domains_change","resolution":"existing wins","timestamp":"2025-09-17 20:17:10"}
{"existingModule":"Settings","existingSpecificity":21,"level":"\u001b[33mwarn\u001b[39m","message":"Signal conflict detected:","newModule":"Settings","newSpecificity":21,"pattern":"string:settings_roles_change","resolution":"existing wins","timestamp":"2025-09-17 20:17:10"}
{"existingModule":"Settings","existingSpecificity":26,"level":"\u001b[33mwarn\u001b[39m","message":"Signal conflict detected:","newModule":"Settings","newSpecificity":26,"pattern":"string:settings_currencies_change","resolution":"existing wins","timestamp":"2025-09-17 20:17:10"}
{"existingModule":"Settings","existingSpecificity":12,"level":"\u001b[33mwarn\u001b[39m","message":"Signal conflict detected:","newModule":"Settings","newSpecificity":12,"pattern":"string:help_add_hex","resolution":"existing wins","timestamp":"2025-09-17 20:17:10"}
{"existingModule":"Checklists","existingSpecificity":23,"level":"\u001b[33mwarn\u001b[39m","message":"Signal conflict detected:","newModule":"Roles","newSpecificity":23,"pattern":"regex:back_to_role_(.+)","resolution":"existing wins","timestamp":"2025-09-17 20:17:10"}
{"existingModule":"Checklists","existingSpecificity":6,"level":"\u001b[33mwarn\u001b[39m","message":"Signal conflict detected:","newModule":"Quests","newSpecificity":6,"pattern":"regex:check_(.+)","resolution":"existing wins","timestamp":"2025-09-17 20:17:10"}
{"existingModule":"Checklists","existingSpecificity":12,"level":"\u001b[33mwarn\u001b[39m","message":"Signal conflict detected:","newModule":"Quests","newSpecificity":12,"pattern":"regex:add_item_to_(.+)","resolution":"existing wins","timestamp":"2025-09-17 20:17:10"}
{"existingModule":"Calendar","existingSpecificity":3,"level":"\u001b[33mwarn\u001b[39m","message":"Signal conflict detected:","newModule":"Calendar","newSpecificity":3,"pattern":"regex:n_(.+)_(?:--|\\+\\+|\\+|-|0)","resolution":"existing wins","timestamp":"2025-09-17 20:17:10"}
{"existingModule":"Quests","existingSpecificity":15,"level":"\u001b[33mwarn\u001b[39m","message":"Signal conflict detected:","newModule":"Scheduler","newSpecificity":15,"pattern":"regex:schedule_quest_(.+)","resolution":"existing wins","timestamp":"2025-09-17 20:17:10"}
{"level":"\u001b[32minfo\u001b[39m","message":"Starting HolonsBot with REFACTORED architecture","timestamp":"2025-09-17 20:24:42"}
{"error":"Cannot find module '/Users/roberto/Projects/Liminal/HolonsBot/Quests.js' imported from /Users/roberto/Projects/Liminal/HolonsBot/core/ServiceDefinitions.js","level":"\u001b[31merror\u001b[39m","message":"Failed to start HolonsBot (Refactored)","stack":"Error [ERR_MODULE_NOT_FOUND]: Cannot find module '/Users/roberto/Projects/Liminal/HolonsBot/Quests.js' imported from /Users/roberto/Projects/Liminal/HolonsBot/core/ServiceDefinitions.js\n    at finalizeResolution (node:internal/modules/esm/resolve:257:11)\n    at moduleResolve (node:internal/modules/esm/resolve:914:10)\n    at defaultResolve (node:internal/modules/esm/resolve:1038:11)\n    at ModuleLoader.defaultResolve (node:internal/modules/esm/loader:557:12)\n    at ModuleLoader.resolve (node:internal/modules/esm/loader:525:25)\n    at ModuleLoader.getModuleJob (node:internal/modules/esm/loader:246:38)\n    at ModuleJob._link (node:internal/modules/esm/module_job:126:49)","timestamp":"2025-09-17 20:24:42"}
{"level":"\u001b[32minfo\u001b[39m","message":"Starting HolonsBot with REFACTORED architecture","timestamp":"2025-09-17 20:34:27"}
{"appname":"Holons","level":"\u001b[32minfo\u001b[39m","message":"Starting HolonsBot initialization","timestamp":"2025-09-17 20:34:28"}
{"level":"\u001b[32minfo\u001b[39m","message":"Telegram bot initialized (not yet launched)","timestamp":"2025-09-17 20:34:28"}
{"level":"\u001b[32minfo\u001b[39m","message":"SignalManager initialized","timestamp":"2025-09-17 20:34:28"}
{"appname":"HolonsDebug","level":"\u001b[32minfo\u001b[39m","message":"Database initialized","timestamp":"2025-09-17 20:34:28"}
{"existingModule":"Settings","existingSpecificity":13,"level":"\u001b[33mwarn\u001b[39m","message":"Signal conflict detected:","newModule":"Settings","newSpecificity":13,"pattern":"regex:timezone_set_(.+)","resolution":"existing wins","timestamp":"2025-09-17 20:34:28"}
{"existingModule":"Settings","existingSpecificity":13,"level":"\u001b[33mwarn\u001b[39m","message":"Signal conflict detected:","newModule":"Settings","newSpecificity":13,"pattern":"string:settings_back","resolution":"existing wins","timestamp":"2025-09-17 20:34:28"}
{"existingModule":"Settings","existingSpecificity":22,"level":"\u001b[33mwarn\u001b[39m","message":"Signal conflict detected:","newModule":"Settings","newSpecificity":22,"pattern":"string:settings_values_change","resolution":"existing wins","timestamp":"2025-09-17 20:34:28"}
{"existingModule":"Settings","existingSpecificity":23,"level":"\u001b[33mwarn\u001b[39m","message":"Signal conflict detected:","newModule":"Settings","newSpecificity":23,"pattern":"string:settings_domains_change","resolution":"existing wins","timestamp":"2025-09-17 20:34:28"}
{"existingModule":"Settings","existingSpecificity":21,"level":"\u001b[33mwarn\u001b[39m","message":"Signal conflict detected:","newModule":"Settings","newSpecificity":21,"pattern":"string:settings_roles_change","resolution":"existing wins","timestamp":"2025-09-17 20:34:28"}
{"existingModule":"Settings","existingSpecificity":26,"level":"\u001b[33mwarn\u001b[39m","message":"Signal conflict detected:","newModule":"Settings","newSpecificity":26,"pattern":"string:settings_currencies_change","resolution":"existing wins","timestamp":"2025-09-17 20:34:28"}
{"existingModule":"Settings","existingSpecificity":14,"level":"\u001b[33mwarn\u001b[39m","message":"Signal conflict detected:","newModule":"Settings","newSpecificity":14,"pattern":"string:add_federation","resolution":"existing wins","timestamp":"2025-09-17 20:34:28"}
{"existingModule":"Settings","existingSpecificity":22,"level":"\u001b[33mwarn\u001b[39m","message":"Signal conflict detected:","newModule":"Settings","newSpecificity":22,"pattern":"string:settings_values_change","resolution":"existing wins","timestamp":"2025-09-17 20:34:28"}
{"existingModule":"Settings","existingSpecificity":23,"level":"\u001b[33mwarn\u001b[39m","message":"Signal conflict detected:","newModule":"Settings","newSpecificity":23,"pattern":"string:settings_domains_change","resolution":"existing wins","timestamp":"2025-09-17 20:34:28"}
{"existingModule":"Settings","existingSpecificity":21,"level":"\u001b[33mwarn\u001b[39m","message":"Signal conflict detected:","newModule":"Settings","newSpecificity":21,"pattern":"string:settings_roles_change","resolution":"existing wins","timestamp":"2025-09-17 20:34:28"}
{"existingModule":"Settings","existingSpecificity":26,"level":"\u001b[33mwarn\u001b[39m","message":"Signal conflict detected:","newModule":"Settings","newSpecificity":26,"pattern":"string:settings_currencies_change","resolution":"existing wins","timestamp":"2025-09-17 20:34:28"}
{"existingModule":"Settings","existingSpecificity":12,"level":"\u001b[33mwarn\u001b[39m","message":"Signal conflict detected:","newModule":"Settings","newSpecificity":12,"pattern":"string:help_add_hex","resolution":"existing wins","timestamp":"2025-09-17 20:34:28"}
{"existingModule":"Checklists","existingSpecificity":23,"level":"\u001b[33mwarn\u001b[39m","message":"Signal conflict detected:","newModule":"Roles","newSpecificity":23,"pattern":"regex:back_to_role_(.+)","resolution":"existing wins","timestamp":"2025-09-17 20:34:28"}
{"existingModule":"Checklists","existingSpecificity":6,"level":"\u001b[33mwarn\u001b[39m","message":"Signal conflict detected:","newModule":"Quests","newSpecificity":6,"pattern":"regex:check_(.+)","resolution":"existing wins","timestamp":"2025-09-17 20:34:28"}
{"existingModule":"Checklists","existingSpecificity":12,"level":"\u001b[33mwarn\u001b[39m","message":"Signal conflict detected:","newModule":"Quests","newSpecificity":12,"pattern":"regex:add_item_to_(.+)","resolution":"existing wins","timestamp":"2025-09-17 20:34:28"}
{"existingModule":"Calendar","existingSpecificity":3,"level":"\u001b[33mwarn\u001b[39m","message":"Signal conflict detected:","newModule":"Calendar","newSpecificity":3,"pattern":"regex:n_(.+)_(?:--|\\+\\+|\\+|-|0)","resolution":"existing wins","timestamp":"2025-09-17 20:34:28"}
{"existingModule":"Quests","existingSpecificity":15,"level":"\u001b[33mwarn\u001b[39m","message":"Signal conflict detected:","newModule":"Scheduler","newSpecificity":15,"pattern":"regex:schedule_quest_(.+)","resolution":"existing wins","timestamp":"2025-09-17 20:34:28"}
{"level":"\u001b[32minfo\u001b[39m","message":"Starting HolonsBot with REFACTORED architecture","timestamp":"2025-09-17 22:11:25"}
{"appname":"Holons","level":"\u001b[32minfo\u001b[39m","message":"Starting HolonsBot initialization","timestamp":"2025-09-17 22:11:26"}
{"level":"\u001b[32minfo\u001b[39m","message":"Telegram bot initialized (not yet launched)","timestamp":"2025-09-17 22:11:26"}
{"level":"\u001b[32minfo\u001b[39m","message":"SignalManager initialized","timestamp":"2025-09-17 22:11:26"}
{"appname":"HolonsDebug","level":"\u001b[32minfo\u001b[39m","message":"Database initialized","timestamp":"2025-09-17 22:11:26"}
{"existingModule":"Settings","existingSpecificity":13,"level":"\u001b[33mwarn\u001b[39m","message":"Signal conflict detected:","newModule":"Settings","newSpecificity":13,"pattern":"regex:timezone_set_(.+)","resolution":"existing wins","timestamp":"2025-09-17 22:11:26"}
{"existingModule":"Settings","existingSpecificity":13,"level":"\u001b[33mwarn\u001b[39m","message":"Signal conflict detected:","newModule":"Settings","newSpecificity":13,"pattern":"string:settings_back","resolution":"existing wins","timestamp":"2025-09-17 22:11:26"}
{"existingModule":"Settings","existingSpecificity":22,"level":"\u001b[33mwarn\u001b[39m","message":"Signal conflict detected:","newModule":"Settings","newSpecificity":22,"pattern":"string:settings_values_change","resolution":"existing wins","timestamp":"2025-09-17 22:11:26"}
{"existingModule":"Settings","existingSpecificity":23,"level":"\u001b[33mwarn\u001b[39m","message":"Signal conflict detected:","newModule":"Settings","newSpecificity":23,"pattern":"string:settings_domains_change","resolution":"existing wins","timestamp":"2025-09-17 22:11:26"}
{"existingModule":"Settings","existingSpecificity":21,"level":"\u001b[33mwarn\u001b[39m","message":"Signal conflict detected:","newModule":"Settings","newSpecificity":21,"pattern":"string:settings_roles_change","resolution":"existing wins","timestamp":"2025-09-17 22:11:26"}
{"existingModule":"Settings","existingSpecificity":26,"level":"\u001b[33mwarn\u001b[39m","message":"Signal conflict detected:","newModule":"Settings","newSpecificity":26,"pattern":"string:settings_currencies_change","resolution":"existing wins","timestamp":"2025-09-17 22:11:26"}
{"existingModule":"Settings","existingSpecificity":14,"level":"\u001b[33mwarn\u001b[39m","message":"Signal conflict detected:","newModule":"Settings","newSpecificity":14,"pattern":"string:add_federation","resolution":"existing wins","timestamp":"2025-09-17 22:11:26"}
{"existingModule":"Settings","existingSpecificity":22,"level":"\u001b[33mwarn\u001b[39m","message":"Signal conflict detected:","newModule":"Settings","newSpecificity":22,"pattern":"string:settings_values_change","resolution":"existing wins","timestamp":"2025-09-17 22:11:26"}
{"existingModule":"Settings","existingSpecificity":23,"level":"\u001b[33mwarn\u001b[39m","message":"Signal conflict detected:","newModule":"Settings","newSpecificity":23,"pattern":"string:settings_domains_change","resolution":"existing wins","timestamp":"2025-09-17 22:11:26"}
{"existingModule":"Settings","existingSpecificity":21,"level":"\u001b[33mwarn\u001b[39m","message":"Signal conflict detected:","newModule":"Settings","newSpecificity":21,"pattern":"string:settings_roles_change","resolution":"existing wins","timestamp":"2025-09-17 22:11:26"}
{"existingModule":"Settings","existingSpecificity":26,"level":"\u001b[33mwarn\u001b[39m","message":"Signal conflict detected:","newModule":"Settings","newSpecificity":26,"pattern":"string:settings_currencies_change","resolution":"existing wins","timestamp":"2025-09-17 22:11:26"}
{"existingModule":"Settings","existingSpecificity":12,"level":"\u001b[33mwarn\u001b[39m","message":"Signal conflict detected:","newModule":"Settings","newSpecificity":12,"pattern":"string:help_add_hex","resolution":"existing wins","timestamp":"2025-09-17 22:11:26"}
{"existingModule":"Checklists","existingSpecificity":23,"level":"\u001b[33mwarn\u001b[39m","message":"Signal conflict detected:","newModule":"Roles","newSpecificity":23,"pattern":"regex:back_to_role_(.+)","resolution":"existing wins","timestamp":"2025-09-17 22:11:26"}
{"level":"\u001b[32minfo\u001b[39m","message":"Starting HolonsBot with REFACTORED architecture","timestamp":"2025-09-17 22:11:46"}
{"appname":"Holons","level":"\u001b[32minfo\u001b[39m","message":"Starting HolonsBot initialization","timestamp":"2025-09-17 22:11:47"}
{"level":"\u001b[32minfo\u001b[39m","message":"Telegram bot initialized (not yet launched)","timestamp":"2025-09-17 22:11:47"}
{"level":"\u001b[32minfo\u001b[39m","message":"SignalManager initialized","timestamp":"2025-09-17 22:11:47"}
{"appname":"HolonsDebug","level":"\u001b[32minfo\u001b[39m","message":"Database initialized","timestamp":"2025-09-17 22:11:47"}
{"existingModule":"Settings","existingSpecificity":13,"level":"\u001b[33mwarn\u001b[39m","message":"Signal conflict detected:","newModule":"Settings","newSpecificity":13,"pattern":"regex:timezone_set_(.+)","resolution":"existing wins","timestamp":"2025-09-17 22:11:47"}
{"existingModule":"Settings","existingSpecificity":13,"level":"\u001b[33mwarn\u001b[39m","message":"Signal conflict detected:","newModule":"Settings","newSpecificity":13,"pattern":"string:settings_back","resolution":"existing wins","timestamp":"2025-09-17 22:11:47"}
{"existingModule":"Settings","existingSpecificity":22,"level":"\u001b[33mwarn\u001b[39m","message":"Signal conflict detected:","newModule":"Settings","newSpecificity":22,"pattern":"string:settings_values_change","resolution":"existing wins","timestamp":"2025-09-17 22:11:47"}
{"existingModule":"Settings","existingSpecificity":23,"level":"\u001b[33mwarn\u001b[39m","message":"Signal conflict detected:","newModule":"Settings","newSpecificity":23,"pattern":"string:settings_domains_change","resolution":"existing wins","timestamp":"2025-09-17 22:11:47"}
{"existingModule":"Settings","existingSpecificity":21,"level":"\u001b[33mwarn\u001b[39m","message":"Signal conflict detected:","newModule":"Settings","newSpecificity":21,"pattern":"string:settings_roles_change","resolution":"existing wins","timestamp":"2025-09-17 22:11:47"}
{"existingModule":"Settings","existingSpecificity":26,"level":"\u001b[33mwarn\u001b[39m","message":"Signal conflict detected:","newModule":"Settings","newSpecificity":26,"pattern":"string:settings_currencies_change","resolution":"existing wins","timestamp":"2025-09-17 22:11:47"}
{"existingModule":"Settings","existingSpecificity":14,"level":"\u001b[33mwarn\u001b[39m","message":"Signal conflict detected:","newModule":"Settings","newSpecificity":14,"pattern":"string:add_federation","resolution":"existing wins","timestamp":"2025-09-17 22:11:47"}
{"existingModule":"Settings","existingSpecificity":22,"level":"\u001b[33mwarn\u001b[39m","message":"Signal conflict detected:","newModule":"Settings","newSpecificity":22,"pattern":"string:settings_values_change","resolution":"existing wins","timestamp":"2025-09-17 22:11:47"}
{"existingModule":"Settings","existingSpecificity":23,"level":"\u001b[33mwarn\u001b[39m","message":"Signal conflict detected:","newModule":"Settings","newSpecificity":23,"pattern":"string:settings_domains_change","resolution":"existing wins","timestamp":"2025-09-17 22:11:47"}
{"existingModule":"Settings","existingSpecificity":21,"level":"\u001b[33mwarn\u001b[39m","message":"Signal conflict detected:","newModule":"Settings","newSpecificity":21,"pattern":"string:settings_roles_change","resolution":"existing wins","timestamp":"2025-09-17 22:11:47"}
{"existingModule":"Settings","existingSpecificity":26,"level":"\u001b[33mwarn\u001b[39m","message":"Signal conflict detected:","newModule":"Settings","newSpecificity":26,"pattern":"string:settings_currencies_change","resolution":"existing wins","timestamp":"2025-09-17 22:11:47"}
{"existingModule":"Settings","existingSpecificity":12,"level":"\u001b[33mwarn\u001b[39m","message":"Signal conflict detected:","newModule":"Settings","newSpecificity":12,"pattern":"string:help_add_hex","resolution":"existing wins","timestamp":"2025-09-17 22:11:47"}
{"existingModule":"Checklists","existingSpecificity":23,"level":"\u001b[33mwarn\u001b[39m","message":"Signal conflict detected:","newModule":"Roles","newSpecificity":23,"pattern":"regex:back_to_role_(.+)","resolution":"existing wins","timestamp":"2025-09-17 22:11:47"}
{"existingModule":"Checklists","existingSpecificity":6,"level":"\u001b[33mwarn\u001b[39m","message":"Signal conflict detected:","newModule":"Quests","newSpecificity":6,"pattern":"regex:check_(.+)","resolution":"existing wins","timestamp":"2025-09-17 22:11:47"}
{"existingModule":"Checklists","existingSpecificity":12,"level":"\u001b[33mwarn\u001b[39m","message":"Signal conflict detected:","newModule":"Quests","newSpecificity":12,"pattern":"regex:add_item_to_(.+)","resolution":"existing wins","timestamp":"2025-09-17 22:11:47"}
{"existingModule":"Calendar","existingSpecificity":3,"level":"\u001b[33mwarn\u001b[39m","message":"Signal conflict detected:","newModule":"Calendar","newSpecificity":3,"pattern":"regex:n_(.+)_(?:--|\\+\\+|\\+|-|0)","resolution":"existing wins","timestamp":"2025-09-17 22:11:47"}
{"existingModule":"Quests","existingSpecificity":15,"level":"\u001b[33mwarn\u001b[39m","message":"Signal conflict detected:","newModule":"Scheduler","newSpecificity":15,"pattern":"regex:schedule_quest_(.+)","resolution":"existing wins","timestamp":"2025-09-17 22:11:47"}
{"level":"\u001b[32minfo\u001b[39m","message":"Starting HolonsBot with REFACTORED architecture","timestamp":"2025-09-17 22:12:05"}
{"appname":"Holons","level":"\u001b[32minfo\u001b[39m","message":"Starting HolonsBot initialization","timestamp":"2025-09-17 22:12:05"}
{"level":"\u001b[32minfo\u001b[39m","message":"Telegram bot initialized (not yet launched)","timestamp":"2025-09-17 22:12:05"}
{"level":"\u001b[32minfo\u001b[39m","message":"SignalManager initialized","timestamp":"2025-09-17 22:12:05"}
{"appname":"HolonsDebug","level":"\u001b[32minfo\u001b[39m","message":"Database initialized","timestamp":"2025-09-17 22:12:05"}
{"existingModule":"Settings","existingSpecificity":13,"level":"\u001b[33mwarn\u001b[39m","message":"Signal conflict detected:","newModule":"Settings","newSpecificity":13,"pattern":"regex:timezone_set_(.+)","resolution":"existing wins","timestamp":"2025-09-17 22:12:05"}
{"existingModule":"Settings","existingSpecificity":13,"level":"\u001b[33mwarn\u001b[39m","message":"Signal conflict detected:","newModule":"Settings","newSpecificity":13,"pattern":"string:settings_back","resolution":"existing wins","timestamp":"2025-09-17 22:12:05"}
{"existingModule":"Settings","existingSpecificity":22,"level":"\u001b[33mwarn\u001b[39m","message":"Signal conflict detected:","newModule":"Settings","newSpecificity":22,"pattern":"string:settings_values_change","resolution":"existing wins","timestamp":"2025-09-17 22:12:05"}
{"existingModule":"Settings","existingSpecificity":23,"level":"\u001b[33mwarn\u001b[39m","message":"Signal conflict detected:","newModule":"Settings","newSpecificity":23,"pattern":"string:settings_domains_change","resolution":"existing wins","timestamp":"2025-09-17 22:12:05"}
{"existingModule":"Settings","existingSpecificity":21,"level":"\u001b[33mwarn\u001b[39m","message":"Signal conflict detected:","newModule":"Settings","newSpecificity":21,"pattern":"string:settings_roles_change","resolution":"existing wins","timestamp":"2025-09-17 22:12:05"}
{"existingModule":"Settings","existingSpecificity":26,"level":"\u001b[33mwarn\u001b[39m","message":"Signal conflict detected:","newModule":"Settings","newSpecificity":26,"pattern":"string:settings_currencies_change","resolution":"existing wins","timestamp":"2025-09-17 22:12:05"}
{"existingModule":"Settings","existingSpecificity":14,"level":"\u001b[33mwarn\u001b[39m","message":"Signal conflict detected:","newModule":"Settings","newSpecificity":14,"pattern":"string:add_federation","resolution":"existing wins","timestamp":"2025-09-17 22:12:05"}
{"existingModule":"Settings","existingSpecificity":22,"level":"\u001b[33mwarn\u001b[39m","message":"Signal conflict detected:","newModule":"Settings","newSpecificity":22,"pattern":"string:settings_values_change","resolution":"existing wins","timestamp":"2025-09-17 22:12:05"}
{"existingModule":"Settings","existingSpecificity":23,"level":"\u001b[33mwarn\u001b[39m","message":"Signal conflict detected:","newModule":"Settings","newSpecificity":23,"pattern":"string:settings_domains_change","resolution":"existing wins","timestamp":"2025-09-17 22:12:05"}
{"existingModule":"Settings","existingSpecificity":21,"level":"\u001b[33mwarn\u001b[39m","message":"Signal conflict detected:","newModule":"Settings","newSpecificity":21,"pattern":"string:settings_roles_change","resolution":"existing wins","timestamp":"2025-09-17 22:12:05"}
{"existingModule":"Settings","existingSpecificity":26,"level":"\u001b[33mwarn\u001b[39m","message":"Signal conflict detected:","newModule":"Settings","newSpecificity":26,"pattern":"string:settings_currencies_change","resolution":"existing wins","timestamp":"2025-09-17 22:12:05"}
{"existingModule":"Settings","existingSpecificity":12,"level":"\u001b[33mwarn\u001b[39m","message":"Signal conflict detected:","newModule":"Settings","newSpecificity":12,"pattern":"string:help_add_hex","resolution":"existing wins","timestamp":"2025-09-17 22:12:05"}
{"existingModule":"Checklists","existingSpecificity":23,"level":"\u001b[33mwarn\u001b[39m","message":"Signal conflict detected:","newModule":"Roles","newSpecificity":23,"pattern":"regex:back_to_role_(.+)","resolution":"existing wins","timestamp":"2025-09-17 22:12:06"}
{"existingModule":"Checklists","existingSpecificity":6,"level":"\u001b[33mwarn\u001b[39m","message":"Signal conflict detected:","newModule":"Quests","newSpecificity":6,"pattern":"regex:check_(.+)","resolution":"existing wins","timestamp":"2025-09-17 22:12:06"}
{"existingModule":"Checklists","existingSpecificity":12,"level":"\u001b[33mwarn\u001b[39m","message":"Signal conflict detected:","newModule":"Quests","newSpecificity":12,"pattern":"regex:add_item_to_(.+)","resolution":"existing wins","timestamp":"2025-09-17 22:12:06"}
{"existingModule":"Calendar","existingSpecificity":3,"level":"\u001b[33mwarn\u001b[39m","message":"Signal conflict detected:","newModule":"Calendar","newSpecificity":3,"pattern":"regex:n_(.+)_(?:--|\\+\\+|\\+|-|0)","resolution":"existing wins","timestamp":"2025-09-17 22:12:06"}
{"existingModule":"Quests","existingSpecificity":15,"level":"\u001b[33mwarn\u001b[39m","message":"Signal conflict detected:","newModule":"Scheduler","newSpecificity":15,"pattern":"regex:schedule_quest_(.+)","resolution":"existing wins","timestamp":"2025-09-17 22:12:06"}
{"level":"\u001b[32minfo\u001b[39m","message":"Starting HolonsBot with REFACTORED architecture","timestamp":"2025-09-17 22:12:19"}
{"appname":"Holons","level":"\u001b[32minfo\u001b[39m","message":"Starting HolonsBot initialization","timestamp":"2025-09-17 22:12:19"}
{"level":"\u001b[32minfo\u001b[39m","message":"Telegram bot initialized (not yet launched)","timestamp":"2025-09-17 22:12:19"}
{"level":"\u001b[32minfo\u001b[39m","message":"SignalManager initialized","timestamp":"2025-09-17 22:12:19"}
{"appname":"HolonsDebug","level":"\u001b[32minfo\u001b[39m","message":"Database initialized","timestamp":"2025-09-17 22:12:19"}
{"existingModule":"Settings","existingSpecificity":13,"level":"\u001b[33mwarn\u001b[39m","message":"Signal conflict detected:","newModule":"Settings","newSpecificity":13,"pattern":"regex:timezone_set_(.+)","resolution":"existing wins","timestamp":"2025-09-17 22:12:19"}
{"existingModule":"Settings","existingSpecificity":13,"level":"\u001b[33mwarn\u001b[39m","message":"Signal conflict detected:","newModule":"Settings","newSpecificity":13,"pattern":"string:settings_back","resolution":"existing wins","timestamp":"2025-09-17 22:12:19"}
{"existingModule":"Settings","existingSpecificity":22,"level":"\u001b[33mwarn\u001b[39m","message":"Signal conflict detected:","newModule":"Settings","newSpecificity":22,"pattern":"string:settings_values_change","resolution":"existing wins","timestamp":"2025-09-17 22:12:19"}
{"existingModule":"Settings","existingSpecificity":23,"level":"\u001b[33mwarn\u001b[39m","message":"Signal conflict detected:","newModule":"Settings","newSpecificity":23,"pattern":"string:settings_domains_change","resolution":"existing wins","timestamp":"2025-09-17 22:12:19"}
{"existingModule":"Settings","existingSpecificity":21,"level":"\u001b[33mwarn\u001b[39m","message":"Signal conflict detected:","newModule":"Settings","newSpecificity":21,"pattern":"string:settings_roles_change","resolution":"existing wins","timestamp":"2025-09-17 22:12:19"}
{"existingModule":"Settings","existingSpecificity":26,"level":"\u001b[33mwarn\u001b[39m","message":"Signal conflict detected:","newModule":"Settings","newSpecificity":26,"pattern":"string:settings_currencies_change","resolution":"existing wins","timestamp":"2025-09-17 22:12:19"}
{"existingModule":"Settings","existingSpecificity":14,"level":"\u001b[33mwarn\u001b[39m","message":"Signal conflict detected:","newModule":"Settings","newSpecificity":14,"pattern":"string:add_federation","resolution":"existing wins","timestamp":"2025-09-17 22:12:19"}
{"existingModule":"Settings","existingSpecificity":22,"level":"\u001b[33mwarn\u001b[39m","message":"Signal conflict detected:","newModule":"Settings","newSpecificity":22,"pattern":"string:settings_values_change","resolution":"existing wins","timestamp":"2025-09-17 22:12:19"}
{"existingModule":"Settings","existingSpecificity":23,"level":"\u001b[33mwarn\u001b[39m","message":"Signal conflict detected:","newModule":"Settings","newSpecificity":23,"pattern":"string:settings_domains_change","resolution":"existing wins","timestamp":"2025-09-17 22:12:19"}
{"existingModule":"Settings","existingSpecificity":21,"level":"\u001b[33mwarn\u001b[39m","message":"Signal conflict detected:","newModule":"Settings","newSpecificity":21,"pattern":"string:settings_roles_change","resolution":"existing wins","timestamp":"2025-09-17 22:12:19"}
{"existingModule":"Settings","existingSpecificity":26,"level":"\u001b[33mwarn\u001b[39m","message":"Signal conflict detected:","newModule":"Settings","newSpecificity":26,"pattern":"string:settings_currencies_change","resolution":"existing wins","timestamp":"2025-09-17 22:12:19"}
{"existingModule":"Settings","existingSpecificity":12,"level":"\u001b[33mwarn\u001b[39m","message":"Signal conflict detected:","newModule":"Settings","newSpecificity":12,"pattern":"string:help_add_hex","resolution":"existing wins","timestamp":"2025-09-17 22:12:19"}
{"existingModule":"Checklists","existingSpecificity":23,"level":"\u001b[33mwarn\u001b[39m","message":"Signal conflict detected:","newModule":"Roles","newSpecificity":23,"pattern":"regex:back_to_role_(.+)","resolution":"existing wins","timestamp":"2025-09-17 22:12:20"}
{"existingModule":"Checklists","existingSpecificity":6,"level":"\u001b[33mwarn\u001b[39m","message":"Signal conflict detected:","newModule":"Quests","newSpecificity":6,"pattern":"regex:check_(.+)","resolution":"existing wins","timestamp":"2025-09-17 22:12:20"}
{"existingModule":"Checklists","existingSpecificity":12,"level":"\u001b[33mwarn\u001b[39m","message":"Signal conflict detected:","newModule":"Quests","newSpecificity":12,"pattern":"regex:add_item_to_(.+)","resolution":"existing wins","timestamp":"2025-09-17 22:12:20"}
{"existingModule":"Calendar","existingSpecificity":3,"level":"\u001b[33mwarn\u001b[39m","message":"Signal conflict detected:","newModule":"Calendar","newSpecificity":3,"pattern":"regex:n_(.+)_(?:--|\\+\\+|\\+|-|0)","resolution":"existing wins","timestamp":"2025-09-17 22:12:20"}
{"existingModule":"Quests","existingSpecificity":15,"level":"\u001b[33mwarn\u001b[39m","message":"Signal conflict detected:","newModule":"Scheduler","newSpecificity":15,"pattern":"regex:schedule_quest_(.+)","resolution":"existing wins","timestamp":"2025-09-17 22:12:20"}
{"level":"\u001b[32minfo\u001b[39m","message":"Starting HolonsBot with REFACTORED architecture","timestamp":"2025-09-17 22:12:32"}
{"appname":"Holons","level":"\u001b[32minfo\u001b[39m","message":"Starting HolonsBot initialization","timestamp":"2025-09-17 22:12:32"}
{"level":"\u001b[32minfo\u001b[39m","message":"Telegram bot initialized (not yet launched)","timestamp":"2025-09-17 22:12:32"}
{"level":"\u001b[32minfo\u001b[39m","message":"SignalManager initialized","timestamp":"2025-09-17 22:12:32"}
{"appname":"HolonsDebug","level":"\u001b[32minfo\u001b[39m","message":"Database initialized","timestamp":"2025-09-17 22:12:32"}
{"existingModule":"Settings","existingSpecificity":13,"level":"\u001b[33mwarn\u001b[39m","message":"Signal conflict detected:","newModule":"Settings","newSpecificity":13,"pattern":"regex:timezone_set_(.+)","resolution":"existing wins","timestamp":"2025-09-17 22:12:32"}
{"existingModule":"Settings","existingSpecificity":13,"level":"\u001b[33mwarn\u001b[39m","message":"Signal conflict detected:","newModule":"Settings","newSpecificity":13,"pattern":"string:settings_back","resolution":"existing wins","timestamp":"2025-09-17 22:12:32"}
{"existingModule":"Settings","existingSpecificity":22,"level":"\u001b[33mwarn\u001b[39m","message":"Signal conflict detected:","newModule":"Settings","newSpecificity":22,"pattern":"string:settings_values_change","resolution":"existing wins","timestamp":"2025-09-17 22:12:32"}
{"existingModule":"Settings","existingSpecificity":23,"level":"\u001b[33mwarn\u001b[39m","message":"Signal conflict detected:","newModule":"Settings","newSpecificity":23,"pattern":"string:settings_domains_change","resolution":"existing wins","timestamp":"2025-09-17 22:12:32"}
{"existingModule":"Settings","existingSpecificity":21,"level":"\u001b[33mwarn\u001b[39m","message":"Signal conflict detected:","newModule":"Settings","newSpecificity":21,"pattern":"string:settings_roles_change","resolution":"existing wins","timestamp":"2025-09-17 22:12:32"}
{"existingModule":"Settings","existingSpecificity":26,"level":"\u001b[33mwarn\u001b[39m","message":"Signal conflict detected:","newModule":"Settings","newSpecificity":26,"pattern":"string:settings_currencies_change","resolution":"existing wins","timestamp":"2025-09-17 22:12:32"}
{"existingModule":"Settings","existingSpecificity":14,"level":"\u001b[33mwarn\u001b[39m","message":"Signal conflict detected:","newModule":"Settings","newSpecificity":14,"pattern":"string:add_federation","resolution":"existing wins","timestamp":"2025-09-17 22:12:32"}
{"existingModule":"Settings","existingSpecificity":22,"level":"\u001b[33mwarn\u001b[39m","message":"Signal conflict detected:","newModule":"Settings","newSpecificity":22,"pattern":"string:settings_values_change","resolution":"existing wins","timestamp":"2025-09-17 22:12:32"}
{"existingModule":"Settings","existingSpecificity":23,"level":"\u001b[33mwarn\u001b[39m","message":"Signal conflict detected:","newModule":"Settings","newSpecificity":23,"pattern":"string:settings_domains_change","resolution":"existing wins","timestamp":"2025-09-17 22:12:32"}
{"existingModule":"Settings","existingSpecificity":21,"level":"\u001b[33mwarn\u001b[39m","message":"Signal conflict detected:","newModule":"Settings","newSpecificity":21,"pattern":"string:settings_roles_change","resolution":"existing wins","timestamp":"2025-09-17 22:12:32"}
{"existingModule":"Settings","existingSpecificity":26,"level":"\u001b[33mwarn\u001b[39m","message":"Signal conflict detected:","newModule":"Settings","newSpecificity":26,"pattern":"string:settings_currencies_change","resolution":"existing wins","timestamp":"2025-09-17 22:12:32"}
{"existingModule":"Settings","existingSpecificity":12,"level":"\u001b[33mwarn\u001b[39m","message":"Signal conflict detected:","newModule":"Settings","newSpecificity":12,"pattern":"string:help_add_hex","resolution":"existing wins","timestamp":"2025-09-17 22:12:32"}
{"existingModule":"Checklists","existingSpecificity":23,"level":"\u001b[33mwarn\u001b[39m","message":"Signal conflict detected:","newModule":"Roles","newSpecificity":23,"pattern":"regex:back_to_role_(.+)","resolution":"existing wins","timestamp":"2025-09-17 22:12:33"}
{"existingModule":"Checklists","existingSpecificity":6,"level":"\u001b[33mwarn\u001b[39m","message":"Signal conflict detected:","newModule":"Quests","newSpecificity":6,"pattern":"regex:check_(.+)","resolution":"existing wins","timestamp":"2025-09-17 22:12:33"}
{"existingModule":"Checklists","existingSpecificity":12,"level":"\u001b[33mwarn\u001b[39m","message":"Signal conflict detected:","newModule":"Quests","newSpecificity":12,"pattern":"regex:add_item_to_(.+)","resolution":"existing wins","timestamp":"2025-09-17 22:12:33"}
{"existingModule":"Calendar","existingSpecificity":3,"level":"\u001b[33mwarn\u001b[39m","message":"Signal conflict detected:","newModule":"Calendar","newSpecificity":3,"pattern":"regex:n_(.+)_(?:--|\\+\\+|\\+|-|0)","resolution":"existing wins","timestamp":"2025-09-17 22:12:33"}
{"existingModule":"Quests","existingSpecificity":15,"level":"\u001b[33mwarn\u001b[39m","message":"Signal conflict detected:","newModule":"Scheduler","newSpecificity":15,"pattern":"regex:schedule_quest_(.+)","resolution":"existing wins","timestamp":"2025-09-17 22:12:33"}
{"level":"\u001b[32minfo\u001b[39m","message":"Starting HolonsBot with REFACTORED architecture","timestamp":"2025-09-17 22:12:41"}
{"appname":"Holons","level":"\u001b[32minfo\u001b[39m","message":"Starting HolonsBot initialization","timestamp":"2025-09-17 22:12:41"}
{"level":"\u001b[32minfo\u001b[39m","message":"Telegram bot initialized (not yet launched)","timestamp":"2025-09-17 22:12:41"}
{"level":"\u001b[32minfo\u001b[39m","message":"SignalManager initialized","timestamp":"2025-09-17 22:12:41"}
{"appname":"HolonsDebug","level":"\u001b[32minfo\u001b[39m","message":"Database initialized","timestamp":"2025-09-17 22:12:42"}
{"existingModule":"Settings","existingSpecificity":13,"level":"\u001b[33mwarn\u001b[39m","message":"Signal conflict detected:","newModule":"Settings","newSpecificity":13,"pattern":"regex:timezone_set_(.+)","resolution":"existing wins","timestamp":"2025-09-17 22:12:42"}
{"existingModule":"Settings","existingSpecificity":13,"level":"\u001b[33mwarn\u001b[39m","message":"Signal conflict detected:","newModule":"Settings","newSpecificity":13,"pattern":"string:settings_back","resolution":"existing wins","timestamp":"2025-09-17 22:12:42"}
{"existingModule":"Settings","existingSpecificity":22,"level":"\u001b[33mwarn\u001b[39m","message":"Signal conflict detected:","newModule":"Settings","newSpecificity":22,"pattern":"string:settings_values_change","resolution":"existing wins","timestamp":"2025-09-17 22:12:42"}
{"existingModule":"Settings","existingSpecificity":23,"level":"\u001b[33mwarn\u001b[39m","message":"Signal conflict detected:","newModule":"Settings","newSpecificity":23,"pattern":"string:settings_domains_change","resolution":"existing wins","timestamp":"2025-09-17 22:12:42"}
{"existingModule":"Settings","existingSpecificity":21,"level":"\u001b[33mwarn\u001b[39m","message":"Signal conflict detected:","newModule":"Settings","newSpecificity":21,"pattern":"string:settings_roles_change","resolution":"existing wins","timestamp":"2025-09-17 22:12:42"}
{"existingModule":"Settings","existingSpecificity":26,"level":"\u001b[33mwarn\u001b[39m","message":"Signal conflict detected:","newModule":"Settings","newSpecificity":26,"pattern":"string:settings_currencies_change","resolution":"existing wins","timestamp":"2025-09-17 22:12:42"}
{"existingModule":"Settings","existingSpecificity":14,"level":"\u001b[33mwarn\u001b[39m","message":"Signal conflict detected:","newModule":"Settings","newSpecificity":14,"pattern":"string:add_federation","resolution":"existing wins","timestamp":"2025-09-17 22:12:42"}
{"existingModule":"Settings","existingSpecificity":22,"level":"\u001b[33mwarn\u001b[39m","message":"Signal conflict detected:","newModule":"Settings","newSpecificity":22,"pattern":"string:settings_values_change","resolution":"existing wins","timestamp":"2025-09-17 22:12:42"}
{"existingModule":"Settings","existingSpecificity":23,"level":"\u001b[33mwarn\u001b[39m","message":"Signal conflict detected:","newModule":"Settings","newSpecificity":23,"pattern":"string:settings_domains_change","resolution":"existing wins","timestamp":"2025-09-17 22:12:42"}
{"existingModule":"Settings","existingSpecificity":21,"level":"\u001b[33mwarn\u001b[39m","message":"Signal conflict detected:","newModule":"Settings","newSpecificity":21,"pattern":"string:settings_roles_change","resolution":"existing wins","timestamp":"2025-09-17 22:12:42"}
{"existingModule":"Settings","existingSpecificity":26,"level":"\u001b[33mwarn\u001b[39m","message":"Signal conflict detected:","newModule":"Settings","newSpecificity":26,"pattern":"string:settings_currencies_change","resolution":"existing wins","timestamp":"2025-09-17 22:12:42"}
{"existingModule":"Settings","existingSpecificity":12,"level":"\u001b[33mwarn\u001b[39m","message":"Signal conflict detected:","newModule":"Settings","newSpecificity":12,"pattern":"string:help_add_hex","resolution":"existing wins","timestamp":"2025-09-17 22:12:42"}
{"existingModule":"Checklists","existingSpecificity":23,"level":"\u001b[33mwarn\u001b[39m","message":"Signal conflict detected:","newModule":"Roles","newSpecificity":23,"pattern":"regex:back_to_role_(.+)","resolution":"existing wins","timestamp":"2025-09-17 22:12:42"}
{"existingModule":"Checklists","existingSpecificity":6,"level":"\u001b[33mwarn\u001b[39m","message":"Signal conflict detected:","newModule":"Quests","newSpecificity":6,"pattern":"regex:check_(.+)","resolution":"existing wins","timestamp":"2025-09-17 22:12:42"}
{"existingModule":"Checklists","existingSpecificity":12,"level":"\u001b[33mwarn\u001b[39m","message":"Signal conflict detected:","newModule":"Quests","newSpecificity":12,"pattern":"regex:add_item_to_(.+)","resolution":"existing wins","timestamp":"2025-09-17 22:12:42"}
{"existingModule":"Calendar","existingSpecificity":3,"level":"\u001b[33mwarn\u001b[39m","message":"Signal conflict detected:","newModule":"Calendar","newSpecificity":3,"pattern":"regex:n_(.+)_(?:--|\\+\\+|\\+|-|0)","resolution":"existing wins","timestamp":"2025-09-17 22:12:42"}
{"existingModule":"Quests","existingSpecificity":15,"level":"\u001b[33mwarn\u001b[39m","message":"Signal conflict detected:","newModule":"Scheduler","newSpecificity":15,"pattern":"regex:schedule_quest_(.+)","resolution":"existing wins","timestamp":"2025-09-17 22:12:42"}
{"level":"\u001b[32minfo\u001b[39m","message":"Starting HolonsBot with REFACTORED architecture","timestamp":"2025-09-17 22:12:51"}
{"appname":"Holons","level":"\u001b[32minfo\u001b[39m","message":"Starting HolonsBot initialization","timestamp":"2025-09-17 22:12:52"}
{"level":"\u001b[32minfo\u001b[39m","message":"Telegram bot initialized (not yet launched)","timestamp":"2025-09-17 22:12:52"}
{"level":"\u001b[32minfo\u001b[39m","message":"SignalManager initialized","timestamp":"2025-09-17 22:12:52"}
{"appname":"HolonsDebug","level":"\u001b[32minfo\u001b[39m","message":"Database initialized","timestamp":"2025-09-17 22:12:52"}
{"existingModule":"Settings","existingSpecificity":13,"level":"\u001b[33mwarn\u001b[39m","message":"Signal conflict detected:","newModule":"Settings","newSpecificity":13,"pattern":"regex:timezone_set_(.+)","resolution":"existing wins","timestamp":"2025-09-17 22:12:52"}
{"existingModule":"Settings","existingSpecificity":13,"level":"\u001b[33mwarn\u001b[39m","message":"Signal conflict detected:","newModule":"Settings","newSpecificity":13,"pattern":"string:settings_back","resolution":"existing wins","timestamp":"2025-09-17 22:12:52"}
{"existingModule":"Settings","existingSpecificity":22,"level":"\u001b[33mwarn\u001b[39m","message":"Signal conflict detected:","newModule":"Settings","newSpecificity":22,"pattern":"string:settings_values_change","resolution":"existing wins","timestamp":"2025-09-17 22:12:52"}
{"existingModule":"Settings","existingSpecificity":23,"level":"\u001b[33mwarn\u001b[39m","message":"Signal conflict detected:","newModule":"Settings","newSpecificity":23,"pattern":"string:settings_domains_change","resolution":"existing wins","timestamp":"2025-09-17 22:12:52"}
{"existingModule":"Settings","existingSpecificity":21,"level":"\u001b[33mwarn\u001b[39m","message":"Signal conflict detected:","newModule":"Settings","newSpecificity":21,"pattern":"string:settings_roles_change","resolution":"existing wins","timestamp":"2025-09-17 22:12:52"}
{"existingModule":"Settings","existingSpecificity":26,"level":"\u001b[33mwarn\u001b[39m","message":"Signal conflict detected:","newModule":"Settings","newSpecificity":26,"pattern":"string:settings_currencies_change","resolution":"existing wins","timestamp":"2025-09-17 22:12:52"}
{"existingModule":"Settings","existingSpecificity":14,"level":"\u001b[33mwarn\u001b[39m","message":"Signal conflict detected:","newModule":"Settings","newSpecificity":14,"pattern":"string:add_federation","resolution":"existing wins","timestamp":"2025-09-17 22:12:52"}
{"existingModule":"Settings","existingSpecificity":22,"level":"\u001b[33mwarn\u001b[39m","message":"Signal conflict detected:","newModule":"Settings","newSpecificity":22,"pattern":"string:settings_values_change","resolution":"existing wins","timestamp":"2025-09-17 22:12:52"}
{"existingModule":"Settings","existingSpecificity":23,"level":"\u001b[33mwarn\u001b[39m","message":"Signal conflict detected:","newModule":"Settings","newSpecificity":23,"pattern":"string:settings_domains_change","resolution":"existing wins","timestamp":"2025-09-17 22:12:52"}
{"existingModule":"Settings","existingSpecificity":21,"level":"\u001b[33mwarn\u001b[39m","message":"Signal conflict detected:","newModule":"Settings","newSpecificity":21,"pattern":"string:settings_roles_change","resolution":"existing wins","timestamp":"2025-09-17 22:12:52"}
{"existingModule":"Settings","existingSpecificity":26,"level":"\u001b[33mwarn\u001b[39m","message":"Signal conflict detected:","newModule":"Settings","newSpecificity":26,"pattern":"string:settings_currencies_change","resolution":"existing wins","timestamp":"2025-09-17 22:12:52"}
{"existingModule":"Settings","existingSpecificity":12,"level":"\u001b[33mwarn\u001b[39m","message":"Signal conflict detected:","newModule":"Settings","newSpecificity":12,"pattern":"string:help_add_hex","resolution":"existing wins","timestamp":"2025-09-17 22:12:52"}
{"existingModule":"Checklists","existingSpecificity":23,"level":"\u001b[33mwarn\u001b[39m","message":"Signal conflict detected:","newModule":"Roles","newSpecificity":23,"pattern":"regex:back_to_role_(.+)","resolution":"existing wins","timestamp":"2025-09-17 22:12:52"}
{"existingModule":"Checklists","existingSpecificity":6,"level":"\u001b[33mwarn\u001b[39m","message":"Signal conflict detected:","newModule":"Quests","newSpecificity":6,"pattern":"regex:check_(.+)","resolution":"existing wins","timestamp":"2025-09-17 22:12:52"}
{"existingModule":"Checklists","existingSpecificity":12,"level":"\u001b[33mwarn\u001b[39m","message":"Signal conflict detected:","newModule":"Quests","newSpecificity":12,"pattern":"regex:add_item_to_(.+)","resolution":"existing wins","timestamp":"2025-09-17 22:12:52"}
{"existingModule":"Calendar","existingSpecificity":3,"level":"\u001b[33mwarn\u001b[39m","message":"Signal conflict detected:","newModule":"Calendar","newSpecificity":3,"pattern":"regex:n_(.+)_(?:--|\\+\\+|\\+|-|0)","resolution":"existing wins","timestamp":"2025-09-17 22:12:52"}
{"existingModule":"Quests","existingSpecificity":15,"level":"\u001b[33mwarn\u001b[39m","message":"Signal conflict detected:","newModule":"Scheduler","newSpecificity":15,"pattern":"regex:schedule_quest_(.+)","resolution":"existing wins","timestamp":"2025-09-17 22:12:52"}
{"level":"\u001b[32minfo\u001b[39m","message":"Starting HolonsBot with REFACTORED architecture","timestamp":"2025-09-17 22:13:01"}
{"appname":"Holons","level":"\u001b[32minfo\u001b[39m","message":"Starting HolonsBot initialization","timestamp":"2025-09-17 22:13:01"}
{"level":"\u001b[32minfo\u001b[39m","message":"Telegram bot initialized (not yet launched)","timestamp":"2025-09-17 22:13:01"}
{"level":"\u001b[32minfo\u001b[39m","message":"SignalManager initialized","timestamp":"2025-09-17 22:13:01"}
{"appname":"HolonsDebug","level":"\u001b[32minfo\u001b[39m","message":"Database initialized","timestamp":"2025-09-17 22:13:01"}
{"existingModule":"Settings","existingSpecificity":13,"level":"\u001b[33mwarn\u001b[39m","message":"Signal conflict detected:","newModule":"Settings","newSpecificity":13,"pattern":"regex:timezone_set_(.+)","resolution":"existing wins","timestamp":"2025-09-17 22:13:01"}
{"existingModule":"Settings","existingSpecificity":13,"level":"\u001b[33mwarn\u001b[39m","message":"Signal conflict detected:","newModule":"Settings","newSpecificity":13,"pattern":"string:settings_back","resolution":"existing wins","timestamp":"2025-09-17 22:13:01"}
{"existingModule":"Settings","existingSpecificity":22,"level":"\u001b[33mwarn\u001b[39m","message":"Signal conflict detected:","newModule":"Settings","newSpecificity":22,"pattern":"string:settings_values_change","resolution":"existing wins","timestamp":"2025-09-17 22:13:01"}
{"existingModule":"Settings","existingSpecificity":23,"level":"\u001b[33mwarn\u001b[39m","message":"Signal conflict detected:","newModule":"Settings","newSpecificity":23,"pattern":"string:settings_domains_change","resolution":"existing wins","timestamp":"2025-09-17 22:13:01"}
{"existingModule":"Settings","existingSpecificity":21,"level":"\u001b[33mwarn\u001b[39m","message":"Signal conflict detected:","newModule":"Settings","newSpecificity":21,"pattern":"string:settings_roles_change","resolution":"existing wins","timestamp":"2025-09-17 22:13:01"}
{"existingModule":"Settings","existingSpecificity":26,"level":"\u001b[33mwarn\u001b[39m","message":"Signal conflict detected:","newModule":"Settings","newSpecificity":26,"pattern":"string:settings_currencies_change","resolution":"existing wins","timestamp":"2025-09-17 22:13:01"}
{"existingModule":"Settings","existingSpecificity":14,"level":"\u001b[33mwarn\u001b[39m","message":"Signal conflict detected:","newModule":"Settings","newSpecificity":14,"pattern":"string:add_federation","resolution":"existing wins","timestamp":"2025-09-17 22:13:01"}
{"existingModule":"Settings","existingSpecificity":22,"level":"\u001b[33mwarn\u001b[39m","message":"Signal conflict detected:","newModule":"Settings","newSpecificity":22,"pattern":"string:settings_values_change","resolution":"existing wins","timestamp":"2025-09-17 22:13:01"}
{"existingModule":"Settings","existingSpecificity":23,"level":"\u001b[33mwarn\u001b[39m","message":"Signal conflict detected:","newModule":"Settings","newSpecificity":23,"pattern":"string:settings_domains_change","resolution":"existing wins","timestamp":"2025-09-17 22:13:01"}
{"existingModule":"Settings","existingSpecificity":21,"level":"\u001b[33mwarn\u001b[39m","message":"Signal conflict detected:","newModule":"Settings","newSpecificity":21,"pattern":"string:settings_roles_change","resolution":"existing wins","timestamp":"2025-09-17 22:13:01"}
{"existingModule":"Settings","existingSpecificity":26,"level":"\u001b[33mwarn\u001b[39m","message":"Signal conflict detected:","newModule":"Settings","newSpecificity":26,"pattern":"string:settings_currencies_change","resolution":"existing wins","timestamp":"2025-09-17 22:13:01"}
{"existingModule":"Settings","existingSpecificity":12,"level":"\u001b[33mwarn\u001b[39m","message":"Signal conflict detected:","newModule":"Settings","newSpecificity":12,"pattern":"string:help_add_hex","resolution":"existing wins","timestamp":"2025-09-17 22:13:01"}
{"existingModule":"Checklists","existingSpecificity":23,"level":"\u001b[33mwarn\u001b[39m","message":"Signal conflict detected:","newModule":"Roles","newSpecificity":23,"pattern":"regex:back_to_role_(.+)","resolution":"existing wins","timestamp":"2025-09-17 22:13:02"}
{"existingModule":"Checklists","existingSpecificity":6,"level":"\u001b[33mwarn\u001b[39m","message":"Signal conflict detected:","newModule":"Quests","newSpecificity":6,"pattern":"regex:check_(.+)","resolution":"existing wins","timestamp":"2025-09-17 22:13:02"}
{"existingModule":"Checklists","existingSpecificity":12,"level":"\u001b[33mwarn\u001b[39m","message":"Signal conflict detected:","newModule":"Quests","newSpecificity":12,"pattern":"regex:add_item_to_(.+)","resolution":"existing wins","timestamp":"2025-09-17 22:13:02"}
{"existingModule":"Calendar","existingSpecificity":3,"level":"\u001b[33mwarn\u001b[39m","message":"Signal conflict detected:","newModule":"Calendar","newSpecificity":3,"pattern":"regex:n_(.+)_(?:--|\\+\\+|\\+|-|0)","resolution":"existing wins","timestamp":"2025-09-17 22:13:02"}
{"existingModule":"Quests","existingSpecificity":15,"level":"\u001b[33mwarn\u001b[39m","message":"Signal conflict detected:","newModule":"Scheduler","newSpecificity":15,"pattern":"regex:schedule_quest_(.+)","resolution":"existing wins","timestamp":"2025-09-17 22:13:02"}
{"level":"\u001b[32minfo\u001b[39m","message":"Starting HolonsBot with REFACTORED architecture","timestamp":"2025-09-17 22:13:13"}
{"appname":"Holons","level":"\u001b[32minfo\u001b[39m","message":"Starting HolonsBot initialization","timestamp":"2025-09-17 22:13:13"}
{"level":"\u001b[32minfo\u001b[39m","message":"Telegram bot initialized (not yet launched)","timestamp":"2025-09-17 22:13:13"}
{"level":"\u001b[32minfo\u001b[39m","message":"SignalManager initialized","timestamp":"2025-09-17 22:13:13"}
{"appname":"HolonsDebug","level":"\u001b[32minfo\u001b[39m","message":"Database initialized","timestamp":"2025-09-17 22:13:13"}
{"existingModule":"Settings","existingSpecificity":13,"level":"\u001b[33mwarn\u001b[39m","message":"Signal conflict detected:","newModule":"Settings","newSpecificity":13,"pattern":"regex:timezone_set_(.+)","resolution":"existing wins","timestamp":"2025-09-17 22:13:13"}
{"existingModule":"Settings","existingSpecificity":13,"level":"\u001b[33mwarn\u001b[39m","message":"Signal conflict detected:","newModule":"Settings","newSpecificity":13,"pattern":"string:settings_back","resolution":"existing wins","timestamp":"2025-09-17 22:13:13"}
{"existingModule":"Settings","existingSpecificity":22,"level":"\u001b[33mwarn\u001b[39m","message":"Signal conflict detected:","newModule":"Settings","newSpecificity":22,"pattern":"string:settings_values_change","resolution":"existing wins","timestamp":"2025-09-17 22:13:13"}
{"existingModule":"Settings","existingSpecificity":23,"level":"\u001b[33mwarn\u001b[39m","message":"Signal conflict detected:","newModule":"Settings","newSpecificity":23,"pattern":"string:settings_domains_change","resolution":"existing wins","timestamp":"2025-09-17 22:13:13"}
{"existingModule":"Settings","existingSpecificity":21,"level":"\u001b[33mwarn\u001b[39m","message":"Signal conflict detected:","newModule":"Settings","newSpecificity":21,"pattern":"string:settings_roles_change","resolution":"existing wins","timestamp":"2025-09-17 22:13:13"}
{"existingModule":"Settings","existingSpecificity":26,"level":"\u001b[33mwarn\u001b[39m","message":"Signal conflict detected:","newModule":"Settings","newSpecificity":26,"pattern":"string:settings_currencies_change","resolution":"existing wins","timestamp":"2025-09-17 22:13:13"}
{"existingModule":"Settings","existingSpecificity":14,"level":"\u001b[33mwarn\u001b[39m","message":"Signal conflict detected:","newModule":"Settings","newSpecificity":14,"pattern":"string:add_federation","resolution":"existing wins","timestamp":"2025-09-17 22:13:13"}
{"existingModule":"Settings","existingSpecificity":22,"level":"\u001b[33mwarn\u001b[39m","message":"Signal conflict detected:","newModule":"Settings","newSpecificity":22,"pattern":"string:settings_values_change","resolution":"existing wins","timestamp":"2025-09-17 22:13:13"}
{"existingModule":"Settings","existingSpecificity":23,"level":"\u001b[33mwarn\u001b[39m","message":"Signal conflict detected:","newModule":"Settings","newSpecificity":23,"pattern":"string:settings_domains_change","resolution":"existing wins","timestamp":"2025-09-17 22:13:13"}
{"existingModule":"Settings","existingSpecificity":21,"level":"\u001b[33mwarn\u001b[39m","message":"Signal conflict detected:","newModule":"Settings","newSpecificity":21,"pattern":"string:settings_roles_change","resolution":"existing wins","timestamp":"2025-09-17 22:13:13"}
{"existingModule":"Settings","existingSpecificity":26,"level":"\u001b[33mwarn\u001b[39m","message":"Signal conflict detected:","newModule":"Settings","newSpecificity":26,"pattern":"string:settings_currencies_change","resolution":"existing wins","timestamp":"2025-09-17 22:13:13"}
{"existingModule":"Settings","existingSpecificity":12,"level":"\u001b[33mwarn\u001b[39m","message":"Signal conflict detected:","newModule":"Settings","newSpecificity":12,"pattern":"string:help_add_hex","resolution":"existing wins","timestamp":"2025-09-17 22:13:13"}
{"existingModule":"Checklists","existingSpecificity":23,"level":"\u001b[33mwarn\u001b[39m","message":"Signal conflict detected:","newModule":"Roles","newSpecificity":23,"pattern":"regex:back_to_role_(.+)","resolution":"existing wins","timestamp":"2025-09-17 22:13:14"}
{"existingModule":"Checklists","existingSpecificity":6,"level":"\u001b[33mwarn\u001b[39m","message":"Signal conflict detected:","newModule":"Quests","newSpecificity":6,"pattern":"regex:check_(.+)","resolution":"existing wins","timestamp":"2025-09-17 22:13:14"}
{"existingModule":"Checklists","existingSpecificity":12,"level":"\u001b[33mwarn\u001b[39m","message":"Signal conflict detected:","newModule":"Quests","newSpecificity":12,"pattern":"regex:add_item_to_(.+)","resolution":"existing wins","timestamp":"2025-09-17 22:13:14"}
{"existingModule":"Calendar","existingSpecificity":3,"level":"\u001b[33mwarn\u001b[39m","message":"Signal conflict detected:","newModule":"Calendar","newSpecificity":3,"pattern":"regex:n_(.+)_(?:--|\\+\\+|\\+|-|0)","resolution":"existing wins","timestamp":"2025-09-17 22:13:14"}
{"existingModule":"Quests","existingSpecificity":15,"level":"\u001b[33mwarn\u001b[39m","message":"Signal conflict detected:","newModule":"Scheduler","newSpecificity":15,"pattern":"regex:schedule_quest_(.+)","resolution":"existing wins","timestamp":"2025-09-17 22:13:14"}
{"level":"\u001b[32minfo\u001b[39m","message":"Starting HolonsBot with REFACTORED architecture","timestamp":"2025-09-17 22:13:20"}
{"appname":"Holons","level":"\u001b[32minfo\u001b[39m","message":"Starting HolonsBot initialization","timestamp":"2025-09-17 22:13:21"}
{"level":"\u001b[32minfo\u001b[39m","message":"Telegram bot initialized (not yet launched)","timestamp":"2025-09-17 22:13:21"}
{"level":"\u001b[32minfo\u001b[39m","message":"SignalManager initialized","timestamp":"2025-09-17 22:13:21"}
{"appname":"HolonsDebug","level":"\u001b[32minfo\u001b[39m","message":"Database initialized","timestamp":"2025-09-17 22:13:21"}
{"existingModule":"Settings","existingSpecificity":13,"level":"\u001b[33mwarn\u001b[39m","message":"Signal conflict detected:","newModule":"Settings","newSpecificity":13,"pattern":"regex:timezone_set_(.+)","resolution":"existing wins","timestamp":"2025-09-17 22:13:21"}
{"existingModule":"Settings","existingSpecificity":13,"level":"\u001b[33mwarn\u001b[39m","message":"Signal conflict detected:","newModule":"Settings","newSpecificity":13,"pattern":"string:settings_back","resolution":"existing wins","timestamp":"2025-09-17 22:13:21"}
{"existingModule":"Settings","existingSpecificity":22,"level":"\u001b[33mwarn\u001b[39m","message":"Signal conflict detected:","newModule":"Settings","newSpecificity":22,"pattern":"string:settings_values_change","resolution":"existing wins","timestamp":"2025-09-17 22:13:21"}
{"existingModule":"Settings","existingSpecificity":23,"level":"\u001b[33mwarn\u001b[39m","message":"Signal conflict detected:","newModule":"Settings","newSpecificity":23,"pattern":"string:settings_domains_change","resolution":"existing wins","timestamp":"2025-09-17 22:13:21"}
{"existingModule":"Settings","existingSpecificity":21,"level":"\u001b[33mwarn\u001b[39m","message":"Signal conflict detected:","newModule":"Settings","newSpecificity":21,"pattern":"string:settings_roles_change","resolution":"existing wins","timestamp":"2025-09-17 22:13:21"}
{"existingModule":"Settings","existingSpecificity":26,"level":"\u001b[33mwarn\u001b[39m","message":"Signal conflict detected:","newModule":"Settings","newSpecificity":26,"pattern":"string:settings_currencies_change","resolution":"existing wins","timestamp":"2025-09-17 22:13:21"}
{"existingModule":"Settings","existingSpecificity":14,"level":"\u001b[33mwarn\u001b[39m","message":"Signal conflict detected:","newModule":"Settings","newSpecificity":14,"pattern":"string:add_federation","resolution":"existing wins","timestamp":"2025-09-17 22:13:21"}
{"existingModule":"Settings","existingSpecificity":22,"level":"\u001b[33mwarn\u001b[39m","message":"Signal conflict detected:","newModule":"Settings","newSpecificity":22,"pattern":"string:settings_values_change","resolution":"existing wins","timestamp":"2025-09-17 22:13:21"}
{"existingModule":"Settings","existingSpecificity":23,"level":"\u001b[33mwarn\u001b[39m","message":"Signal conflict detected:","newModule":"Settings","newSpecificity":23,"pattern":"string:settings_domains_change","resolution":"existing wins","timestamp":"2025-09-17 22:13:21"}
{"existingModule":"Settings","existingSpecificity":21,"level":"\u001b[33mwarn\u001b[39m","message":"Signal conflict detected:","newModule":"Settings","newSpecificity":21,"pattern":"string:settings_roles_change","resolution":"existing wins","timestamp":"2025-09-17 22:13:21"}
{"existingModule":"Settings","existingSpecificity":26,"level":"\u001b[33mwarn\u001b[39m","message":"Signal conflict detected:","newModule":"Settings","newSpecificity":26,"pattern":"string:settings_currencies_change","resolution":"existing wins","timestamp":"2025-09-17 22:13:21"}
{"existingModule":"Settings","existingSpecificity":12,"level":"\u001b[33mwarn\u001b[39m","message":"Signal conflict detected:","newModule":"Settings","newSpecificity":12,"pattern":"string:help_add_hex","resolution":"existing wins","timestamp":"2025-09-17 22:13:21"}
{"existingModule":"Checklists","existingSpecificity":23,"level":"\u001b[33mwarn\u001b[39m","message":"Signal conflict detected:","newModule":"Roles","newSpecificity":23,"pattern":"regex:back_to_role_(.+)","resolution":"existing wins","timestamp":"2025-09-17 22:13:21"}
{"existingModule":"Checklists","existingSpecificity":6,"level":"\u001b[33mwarn\u001b[39m","message":"Signal conflict detected:","newModule":"Quests","newSpecificity":6,"pattern":"regex:check_(.+)","resolution":"existing wins","timestamp":"2025-09-17 22:13:21"}
{"existingModule":"Checklists","existingSpecificity":12,"level":"\u001b[33mwarn\u001b[39m","message":"Signal conflict detected:","newModule":"Quests","newSpecificity":12,"pattern":"regex:add_item_to_(.+)","resolution":"existing wins","timestamp":"2025-09-17 22:13:21"}
{"existingModule":"Calendar","existingSpecificity":3,"level":"\u001b[33mwarn\u001b[39m","message":"Signal conflict detected:","newModule":"Calendar","newSpecificity":3,"pattern":"regex:n_(.+)_(?:--|\\+\\+|\\+|-|0)","resolution":"existing wins","timestamp":"2025-09-17 22:13:21"}
{"existingModule":"Quests","existingSpecificity":15,"level":"\u001b[33mwarn\u001b[39m","message":"Signal conflict detected:","newModule":"Scheduler","newSpecificity":15,"pattern":"regex:schedule_quest_(.+)","resolution":"existing wins","timestamp":"2025-09-17 22:13:21"}
{"level":"\u001b[32minfo\u001b[39m","message":"Starting HolonsBot with REFACTORED architecture","timestamp":"2025-09-17 22:13:29"}
{"appname":"Holons","level":"\u001b[32minfo\u001b[39m","message":"Starting HolonsBot initialization","timestamp":"2025-09-17 22:13:29"}
{"level":"\u001b[32minfo\u001b[39m","message":"Telegram bot initialized (not yet launched)","timestamp":"2025-09-17 22:13:29"}
{"level":"\u001b[32minfo\u001b[39m","message":"SignalManager initialized","timestamp":"2025-09-17 22:13:29"}
{"appname":"HolonsDebug","level":"\u001b[32minfo\u001b[39m","message":"Database initialized","timestamp":"2025-09-17 22:13:29"}
{"existingModule":"Settings","existingSpecificity":13,"level":"\u001b[33mwarn\u001b[39m","message":"Signal conflict detected:","newModule":"Settings","newSpecificity":13,"pattern":"regex:timezone_set_(.+)","resolution":"existing wins","timestamp":"2025-09-17 22:13:29"}
{"existingModule":"Settings","existingSpecificity":13,"level":"\u001b[33mwarn\u001b[39m","message":"Signal conflict detected:","newModule":"Settings","newSpecificity":13,"pattern":"string:settings_back","resolution":"existing wins","timestamp":"2025-09-17 22:13:29"}
{"existingModule":"Settings","existingSpecificity":22,"level":"\u001b[33mwarn\u001b[39m","message":"Signal conflict detected:","newModule":"Settings","newSpecificity":22,"pattern":"string:settings_values_change","resolution":"existing wins","timestamp":"2025-09-17 22:13:29"}
{"existingModule":"Settings","existingSpecificity":23,"level":"\u001b[33mwarn\u001b[39m","message":"Signal conflict detected:","newModule":"Settings","newSpecificity":23,"pattern":"string:settings_domains_change","resolution":"existing wins","timestamp":"2025-09-17 22:13:29"}
{"existingModule":"Settings","existingSpecificity":21,"level":"\u001b[33mwarn\u001b[39m","message":"Signal conflict detected:","newModule":"Settings","newSpecificity":21,"pattern":"string:settings_roles_change","resolution":"existing wins","timestamp":"2025-09-17 22:13:29"}
{"existingModule":"Settings","existingSpecificity":26,"level":"\u001b[33mwarn\u001b[39m","message":"Signal conflict detected:","newModule":"Settings","newSpecificity":26,"pattern":"string:settings_currencies_change","resolution":"existing wins","timestamp":"2025-09-17 22:13:29"}
{"existingModule":"Settings","existingSpecificity":14,"level":"\u001b[33mwarn\u001b[39m","message":"Signal conflict detected:","newModule":"Settings","newSpecificity":14,"pattern":"string:add_federation","resolution":"existing wins","timestamp":"2025-09-17 22:13:29"}
{"existingModule":"Settings","existingSpecificity":22,"level":"\u001b[33mwarn\u001b[39m","message":"Signal conflict detected:","newModule":"Settings","newSpecificity":22,"pattern":"string:settings_values_change","resolution":"existing wins","timestamp":"2025-09-17 22:13:29"}
{"existingModule":"Settings","existingSpecificity":23,"level":"\u001b[33mwarn\u001b[39m","message":"Signal conflict detected:","newModule":"Settings","newSpecificity":23,"pattern":"string:settings_domains_change","resolution":"existing wins","timestamp":"2025-09-17 22:13:29"}
{"existingModule":"Settings","existingSpecificity":21,"level":"\u001b[33mwarn\u001b[39m","message":"Signal conflict detected:","newModule":"Settings","newSpecificity":21,"pattern":"string:settings_roles_change","resolution":"existing wins","timestamp":"2025-09-17 22:13:29"}
{"existingModule":"Settings","existingSpecificity":26,"level":"\u001b[33mwarn\u001b[39m","message":"Signal conflict detected:","newModule":"Settings","newSpecificity":26,"pattern":"string:settings_currencies_change","resolution":"existing wins","timestamp":"2025-09-17 22:13:29"}
{"existingModule":"Settings","existingSpecificity":12,"level":"\u001b[33mwarn\u001b[39m","message":"Signal conflict detected:","newModule":"Settings","newSpecificity":12,"pattern":"string:help_add_hex","resolution":"existing wins","timestamp":"2025-09-17 22:13:29"}
{"existingModule":"Checklists","existingSpecificity":23,"level":"\u001b[33mwarn\u001b[39m","message":"Signal conflict detected:","newModule":"Roles","newSpecificity":23,"pattern":"regex:back_to_role_(.+)","resolution":"existing wins","timestamp":"2025-09-17 22:13:30"}
{"existingModule":"Checklists","existingSpecificity":6,"level":"\u001b[33mwarn\u001b[39m","message":"Signal conflict detected:","newModule":"Quests","newSpecificity":6,"pattern":"regex:check_(.+)","resolution":"existing wins","timestamp":"2025-09-17 22:13:30"}
{"existingModule":"Checklists","existingSpecificity":12,"level":"\u001b[33mwarn\u001b[39m","message":"Signal conflict detected:","newModule":"Quests","newSpecificity":12,"pattern":"regex:add_item_to_(.+)","resolution":"existing wins","timestamp":"2025-09-17 22:13:30"}
{"existingModule":"Calendar","existingSpecificity":3,"level":"\u001b[33mwarn\u001b[39m","message":"Signal conflict detected:","newModule":"Calendar","newSpecificity":3,"pattern":"regex:n_(.+)_(?:--|\\+\\+|\\+|-|0)","resolution":"existing wins","timestamp":"2025-09-17 22:13:30"}
{"existingModule":"Quests","existingSpecificity":15,"level":"\u001b[33mwarn\u001b[39m","message":"Signal conflict detected:","newModule":"Scheduler","newSpecificity":15,"pattern":"regex:schedule_quest_(.+)","resolution":"existing wins","timestamp":"2025-09-17 22:13:30"}
{"level":"\u001b[32minfo\u001b[39m","message":"Starting HolonsBot with REFACTORED architecture","timestamp":"2025-09-17 22:13:38"}
{"appname":"Holons","level":"\u001b[32minfo\u001b[39m","message":"Starting HolonsBot initialization","timestamp":"2025-09-17 22:13:38"}
{"level":"\u001b[32minfo\u001b[39m","message":"Telegram bot initialized (not yet launched)","timestamp":"2025-09-17 22:13:38"}
{"level":"\u001b[32minfo\u001b[39m","message":"SignalManager initialized","timestamp":"2025-09-17 22:13:38"}
{"appname":"HolonsDebug","level":"\u001b[32minfo\u001b[39m","message":"Database initialized","timestamp":"2025-09-17 22:13:38"}
{"existingModule":"Settings","existingSpecificity":13,"level":"\u001b[33mwarn\u001b[39m","message":"Signal conflict detected:","newModule":"Settings","newSpecificity":13,"pattern":"regex:timezone_set_(.+)","resolution":"existing wins","timestamp":"2025-09-17 22:13:38"}
{"existingModule":"Settings","existingSpecificity":13,"level":"\u001b[33mwarn\u001b[39m","message":"Signal conflict detected:","newModule":"Settings","newSpecificity":13,"pattern":"string:settings_back","resolution":"existing wins","timestamp":"2025-09-17 22:13:38"}
{"existingModule":"Settings","existingSpecificity":22,"level":"\u001b[33mwarn\u001b[39m","message":"Signal conflict detected:","newModule":"Settings","newSpecificity":22,"pattern":"string:settings_values_change","resolution":"existing wins","timestamp":"2025-09-17 22:13:38"}
{"existingModule":"Settings","existingSpecificity":23,"level":"\u001b[33mwarn\u001b[39m","message":"Signal conflict detected:","newModule":"Settings","newSpecificity":23,"pattern":"string:settings_domains_change","resolution":"existing wins","timestamp":"2025-09-17 22:13:38"}
{"existingModule":"Settings","existingSpecificity":21,"level":"\u001b[33mwarn\u001b[39m","message":"Signal conflict detected:","newModule":"Settings","newSpecificity":21,"pattern":"string:settings_roles_change","resolution":"existing wins","timestamp":"2025-09-17 22:13:38"}
{"existingModule":"Settings","existingSpecificity":26,"level":"\u001b[33mwarn\u001b[39m","message":"Signal conflict detected:","newModule":"Settings","newSpecificity":26,"pattern":"string:settings_currencies_change","resolution":"existing wins","timestamp":"2025-09-17 22:13:38"}
{"existingModule":"Settings","existingSpecificity":14,"level":"\u001b[33mwarn\u001b[39m","message":"Signal conflict detected:","newModule":"Settings","newSpecificity":14,"pattern":"string:add_federation","resolution":"existing wins","timestamp":"2025-09-17 22:13:38"}
{"existingModule":"Settings","existingSpecificity":22,"level":"\u001b[33mwarn\u001b[39m","message":"Signal conflict detected:","newModule":"Settings","newSpecificity":22,"pattern":"string:settings_values_change","resolution":"existing wins","timestamp":"2025-09-17 22:13:38"}
{"existingModule":"Settings","existingSpecificity":23,"level":"\u001b[33mwarn\u001b[39m","message":"Signal conflict detected:","newModule":"Settings","newSpecificity":23,"pattern":"string:settings_domains_change","resolution":"existing wins","timestamp":"2025-09-17 22:13:38"}
{"existingModule":"Settings","existingSpecificity":21,"level":"\u001b[33mwarn\u001b[39m","message":"Signal conflict detected:","newModule":"Settings","newSpecificity":21,"pattern":"string:settings_roles_change","resolution":"existing wins","timestamp":"2025-09-17 22:13:38"}
{"existingModule":"Settings","existingSpecificity":26,"level":"\u001b[33mwarn\u001b[39m","message":"Signal conflict detected:","newModule":"Settings","newSpecificity":26,"pattern":"string:settings_currencies_change","resolution":"existing wins","timestamp":"2025-09-17 22:13:38"}
{"existingModule":"Settings","existingSpecificity":12,"level":"\u001b[33mwarn\u001b[39m","message":"Signal conflict detected:","newModule":"Settings","newSpecificity":12,"pattern":"string:help_add_hex","resolution":"existing wins","timestamp":"2025-09-17 22:13:38"}
{"existingModule":"Checklists","existingSpecificity":23,"level":"\u001b[33mwarn\u001b[39m","message":"Signal conflict detected:","newModule":"Roles","newSpecificity":23,"pattern":"regex:back_to_role_(.+)","resolution":"existing wins","timestamp":"2025-09-17 22:13:38"}
{"existingModule":"Checklists","existingSpecificity":6,"level":"\u001b[33mwarn\u001b[39m","message":"Signal conflict detected:","newModule":"Quests","newSpecificity":6,"pattern":"regex:check_(.+)","resolution":"existing wins","timestamp":"2025-09-17 22:13:38"}
{"existingModule":"Checklists","existingSpecificity":12,"level":"\u001b[33mwarn\u001b[39m","message":"Signal conflict detected:","newModule":"Quests","newSpecificity":12,"pattern":"regex:add_item_to_(.+)","resolution":"existing wins","timestamp":"2025-09-17 22:13:38"}
{"existingModule":"Calendar","existingSpecificity":3,"level":"\u001b[33mwarn\u001b[39m","message":"Signal conflict detected:","newModule":"Calendar","newSpecificity":3,"pattern":"regex:n_(.+)_(?:--|\\+\\+|\\+|-|0)","resolution":"existing wins","timestamp":"2025-09-17 22:13:38"}
{"existingModule":"Quests","existingSpecificity":15,"level":"\u001b[33mwarn\u001b[39m","message":"Signal conflict detected:","newModule":"Scheduler","newSpecificity":15,"pattern":"regex:schedule_quest_(.+)","resolution":"existing wins","timestamp":"2025-09-17 22:13:38"}
{"level":"\u001b[32minfo\u001b[39m","message":"Starting HolonsBot with REFACTORED architecture","timestamp":"2025-09-17 22:13:58"}
{"appname":"Holons","level":"\u001b[32minfo\u001b[39m","message":"Starting HolonsBot initialization","timestamp":"2025-09-17 22:13:58"}
{"level":"\u001b[32minfo\u001b[39m","message":"Telegram bot initialized (not yet launched)","timestamp":"2025-09-17 22:13:58"}
{"level":"\u001b[32minfo\u001b[39m","message":"SignalManager initialized","timestamp":"2025-09-17 22:13:58"}
{"appname":"HolonsDebug","level":"\u001b[32minfo\u001b[39m","message":"Database initialized","timestamp":"2025-09-17 22:13:58"}
{"existingModule":"Settings","existingSpecificity":13,"level":"\u001b[33mwarn\u001b[39m","message":"Signal conflict detected:","newModule":"Settings","newSpecificity":13,"pattern":"regex:timezone_set_(.+)","resolution":"existing wins","timestamp":"2025-09-17 22:13:58"}
{"existingModule":"Settings","existingSpecificity":13,"level":"\u001b[33mwarn\u001b[39m","message":"Signal conflict detected:","newModule":"Settings","newSpecificity":13,"pattern":"string:settings_back","resolution":"existing wins","timestamp":"2025-09-17 22:13:58"}
{"existingModule":"Settings","existingSpecificity":22,"level":"\u001b[33mwarn\u001b[39m","message":"Signal conflict detected:","newModule":"Settings","newSpecificity":22,"pattern":"string:settings_values_change","resolution":"existing wins","timestamp":"2025-09-17 22:13:58"}
{"existingModule":"Settings","existingSpecificity":23,"level":"\u001b[33mwarn\u001b[39m","message":"Signal conflict detected:","newModule":"Settings","newSpecificity":23,"pattern":"string:settings_domains_change","resolution":"existing wins","timestamp":"2025-09-17 22:13:58"}
{"existingModule":"Settings","existingSpecificity":21,"level":"\u001b[33mwarn\u001b[39m","message":"Signal conflict detected:","newModule":"Settings","newSpecificity":21,"pattern":"string:settings_roles_change","resolution":"existing wins","timestamp":"2025-09-17 22:13:58"}
{"existingModule":"Settings","existingSpecificity":26,"level":"\u001b[33mwarn\u001b[39m","message":"Signal conflict detected:","newModule":"Settings","newSpecificity":26,"pattern":"string:settings_currencies_change","resolution":"existing wins","timestamp":"2025-09-17 22:13:58"}
{"existingModule":"Settings","existingSpecificity":14,"level":"\u001b[33mwarn\u001b[39m","message":"Signal conflict detected:","newModule":"Settings","newSpecificity":14,"pattern":"string:add_federation","resolution":"existing wins","timestamp":"2025-09-17 22:13:58"}
{"existingModule":"Settings","existingSpecificity":22,"level":"\u001b[33mwarn\u001b[39m","message":"Signal conflict detected:","newModule":"Settings","newSpecificity":22,"pattern":"string:settings_values_change","resolution":"existing wins","timestamp":"2025-09-17 22:13:58"}
{"existingModule":"Settings","existingSpecificity":23,"level":"\u001b[33mwarn\u001b[39m","message":"Signal conflict detected:","newModule":"Settings","newSpecificity":23,"pattern":"string:settings_domains_change","resolution":"existing wins","timestamp":"2025-09-17 22:13:58"}
{"existingModule":"Settings","existingSpecificity":21,"level":"\u001b[33mwarn\u001b[39m","message":"Signal conflict detected:","newModule":"Settings","newSpecificity":21,"pattern":"string:settings_roles_change","resolution":"existing wins","timestamp":"2025-09-17 22:13:58"}
{"existingModule":"Settings","existingSpecificity":26,"level":"\u001b[33mwarn\u001b[39m","message":"Signal conflict detected:","newModule":"Settings","newSpecificity":26,"pattern":"string:settings_currencies_change","resolution":"existing wins","timestamp":"2025-09-17 22:13:58"}
{"existingModule":"Settings","existingSpecificity":12,"level":"\u001b[33mwarn\u001b[39m","message":"Signal conflict detected:","newModule":"Settings","newSpecificity":12,"pattern":"string:help_add_hex","resolution":"existing wins","timestamp":"2025-09-17 22:13:58"}
{"existingModule":"Checklists","existingSpecificity":23,"level":"\u001b[33mwarn\u001b[39m","message":"Signal conflict detected:","newModule":"Roles","newSpecificity":23,"pattern":"regex:back_to_role_(.+)","resolution":"existing wins","timestamp":"2025-09-17 22:13:58"}
{"existingModule":"Checklists","existingSpecificity":6,"level":"\u001b[33mwarn\u001b[39m","message":"Signal conflict detected:","newModule":"Quests","newSpecificity":6,"pattern":"regex:check_(.+)","resolution":"existing wins","timestamp":"2025-09-17 22:13:58"}
{"existingModule":"Checklists","existingSpecificity":12,"level":"\u001b[33mwarn\u001b[39m","message":"Signal conflict detected:","newModule":"Quests","newSpecificity":12,"pattern":"regex:add_item_to_(.+)","resolution":"existing wins","timestamp":"2025-09-17 22:13:58"}
{"existingModule":"Calendar","existingSpecificity":3,"level":"\u001b[33mwarn\u001b[39m","message":"Signal conflict detected:","newModule":"Calendar","newSpecificity":3,"pattern":"regex:n_(.+)_(?:--|\\+\\+|\\+|-|0)","resolution":"existing wins","timestamp":"2025-09-17 22:13:58"}
{"existingModule":"Quests","existingSpecificity":15,"level":"\u001b[33mwarn\u001b[39m","message":"Signal conflict detected:","newModule":"Scheduler","newSpecificity":15,"pattern":"regex:schedule_quest_(.+)","resolution":"existing wins","timestamp":"2025-09-17 22:13:59"}
{"level":"\u001b[32minfo\u001b[39m","message":"Starting HolonsBot with REFACTORED architecture","timestamp":"2025-09-17 22:14:05"}
{"appname":"Holons","level":"\u001b[32minfo\u001b[39m","message":"Starting HolonsBot initialization","timestamp":"2025-09-17 22:14:05"}
{"level":"\u001b[32minfo\u001b[39m","message":"Telegram bot initialized (not yet launched)","timestamp":"2025-09-17 22:14:05"}
{"level":"\u001b[32minfo\u001b[39m","message":"SignalManager initialized","timestamp":"2025-09-17 22:14:05"}
{"appname":"HolonsDebug","level":"\u001b[32minfo\u001b[39m","message":"Database initialized","timestamp":"2025-09-17 22:14:05"}
{"existingModule":"Settings","existingSpecificity":13,"level":"\u001b[33mwarn\u001b[39m","message":"Signal conflict detected:","newModule":"Settings","newSpecificity":13,"pattern":"regex:timezone_set_(.+)","resolution":"existing wins","timestamp":"2025-09-17 22:14:05"}
{"existingModule":"Settings","existingSpecificity":13,"level":"\u001b[33mwarn\u001b[39m","message":"Signal conflict detected:","newModule":"Settings","newSpecificity":13,"pattern":"string:settings_back","resolution":"existing wins","timestamp":"2025-09-17 22:14:05"}
{"existingModule":"Settings","existingSpecificity":22,"level":"\u001b[33mwarn\u001b[39m","message":"Signal conflict detected:","newModule":"Settings","newSpecificity":22,"pattern":"string:settings_values_change","resolution":"existing wins","timestamp":"2025-09-17 22:14:05"}
{"existingModule":"Settings","existingSpecificity":23,"level":"\u001b[33mwarn\u001b[39m","message":"Signal conflict detected:","newModule":"Settings","newSpecificity":23,"pattern":"string:settings_domains_change","resolution":"existing wins","timestamp":"2025-09-17 22:14:05"}
{"existingModule":"Settings","existingSpecificity":21,"level":"\u001b[33mwarn\u001b[39m","message":"Signal conflict detected:","newModule":"Settings","newSpecificity":21,"pattern":"string:settings_roles_change","resolution":"existing wins","timestamp":"2025-09-17 22:14:05"}
{"existingModule":"Settings","existingSpecificity":26,"level":"\u001b[33mwarn\u001b[39m","message":"Signal conflict detected:","newModule":"Settings","newSpecificity":26,"pattern":"string:settings_currencies_change","resolution":"existing wins","timestamp":"2025-09-17 22:14:05"}
{"existingModule":"Settings","existingSpecificity":14,"level":"\u001b[33mwarn\u001b[39m","message":"Signal conflict detected:","newModule":"Settings","newSpecificity":14,"pattern":"string:add_federation","resolution":"existing wins","timestamp":"2025-09-17 22:14:05"}
{"existingModule":"Settings","existingSpecificity":22,"level":"\u001b[33mwarn\u001b[39m","message":"Signal conflict detected:","newModule":"Settings","newSpecificity":22,"pattern":"string:settings_values_change","resolution":"existing wins","timestamp":"2025-09-17 22:14:05"}
{"existingModule":"Settings","existingSpecificity":23,"level":"\u001b[33mwarn\u001b[39m","message":"Signal conflict detected:","newModule":"Settings","newSpecificity":23,"pattern":"string:settings_domains_change","resolution":"existing wins","timestamp":"2025-09-17 22:14:05"}
{"existingModule":"Settings","existingSpecificity":21,"level":"\u001b[33mwarn\u001b[39m","message":"Signal conflict detected:","newModule":"Settings","newSpecificity":21,"pattern":"string:settings_roles_change","resolution":"existing wins","timestamp":"2025-09-17 22:14:05"}
{"existingModule":"Settings","existingSpecificity":26,"level":"\u001b[33mwarn\u001b[39m","message":"Signal conflict detected:","newModule":"Settings","newSpecificity":26,"pattern":"string:settings_currencies_change","resolution":"existing wins","timestamp":"2025-09-17 22:14:05"}
{"existingModule":"Settings","existingSpecificity":12,"level":"\u001b[33mwarn\u001b[39m","message":"Signal conflict detected:","newModule":"Settings","newSpecificity":12,"pattern":"string:help_add_hex","resolution":"existing wins","timestamp":"2025-09-17 22:14:05"}
{"existingModule":"Checklists","existingSpecificity":23,"level":"\u001b[33mwarn\u001b[39m","message":"Signal conflict detected:","newModule":"Roles","newSpecificity":23,"pattern":"regex:back_to_role_(.+)","resolution":"existing wins","timestamp":"2025-09-17 22:14:05"}
{"existingModule":"Checklists","existingSpecificity":6,"level":"\u001b[33mwarn\u001b[39m","message":"Signal conflict detected:","newModule":"Quests","newSpecificity":6,"pattern":"regex:check_(.+)","resolution":"existing wins","timestamp":"2025-09-17 22:14:05"}
{"existingModule":"Checklists","existingSpecificity":12,"level":"\u001b[33mwarn\u001b[39m","message":"Signal conflict detected:","newModule":"Quests","newSpecificity":12,"pattern":"regex:add_item_to_(.+)","resolution":"existing wins","timestamp":"2025-09-17 22:14:05"}
{"existingModule":"Calendar","existingSpecificity":3,"level":"\u001b[33mwarn\u001b[39m","message":"Signal conflict detected:","newModule":"Calendar","newSpecificity":3,"pattern":"regex:n_(.+)_(?:--|\\+\\+|\\+|-|0)","resolution":"existing wins","timestamp":"2025-09-17 22:14:05"}
{"existingModule":"Quests","existingSpecificity":15,"level":"\u001b[33mwarn\u001b[39m","message":"Signal conflict detected:","newModule":"Scheduler","newSpecificity":15,"pattern":"regex:schedule_quest_(.+)","resolution":"existing wins","timestamp":"2025-09-17 22:14:05"}
{"level":"\u001b[32minfo\u001b[39m","message":"Starting HolonsBot with REFACTORED architecture","timestamp":"2025-09-17 22:14:13"}
{"appname":"Holons","level":"\u001b[32minfo\u001b[39m","message":"Starting HolonsBot initialization","timestamp":"2025-09-17 22:14:14"}
{"level":"\u001b[32minfo\u001b[39m","message":"Telegram bot initialized (not yet launched)","timestamp":"2025-09-17 22:14:14"}
{"level":"\u001b[32minfo\u001b[39m","message":"SignalManager initialized","timestamp":"2025-09-17 22:14:14"}
{"appname":"HolonsDebug","level":"\u001b[32minfo\u001b[39m","message":"Database initialized","timestamp":"2025-09-17 22:14:14"}
{"existingModule":"Settings","existingSpecificity":13,"level":"\u001b[33mwarn\u001b[39m","message":"Signal conflict detected:","newModule":"Settings","newSpecificity":13,"pattern":"regex:timezone_set_(.+)","resolution":"existing wins","timestamp":"2025-09-17 22:14:14"}
{"existingModule":"Settings","existingSpecificity":13,"level":"\u001b[33mwarn\u001b[39m","message":"Signal conflict detected:","newModule":"Settings","newSpecificity":13,"pattern":"string:settings_back","resolution":"existing wins","timestamp":"2025-09-17 22:14:14"}
{"existingModule":"Settings","existingSpecificity":22,"level":"\u001b[33mwarn\u001b[39m","message":"Signal conflict detected:","newModule":"Settings","newSpecificity":22,"pattern":"string:settings_values_change","resolution":"existing wins","timestamp":"2025-09-17 22:14:14"}
{"existingModule":"Settings","existingSpecificity":23,"level":"\u001b[33mwarn\u001b[39m","message":"Signal conflict detected:","newModule":"Settings","newSpecificity":23,"pattern":"string:settings_domains_change","resolution":"existing wins","timestamp":"2025-09-17 22:14:14"}
{"existingModule":"Settings","existingSpecificity":21,"level":"\u001b[33mwarn\u001b[39m","message":"Signal conflict detected:","newModule":"Settings","newSpecificity":21,"pattern":"string:settings_roles_change","resolution":"existing wins","timestamp":"2025-09-17 22:14:14"}
{"existingModule":"Settings","existingSpecificity":26,"level":"\u001b[33mwarn\u001b[39m","message":"Signal conflict detected:","newModule":"Settings","newSpecificity":26,"pattern":"string:settings_currencies_change","resolution":"existing wins","timestamp":"2025-09-17 22:14:14"}
{"existingModule":"Settings","existingSpecificity":14,"level":"\u001b[33mwarn\u001b[39m","message":"Signal conflict detected:","newModule":"Settings","newSpecificity":14,"pattern":"string:add_federation","resolution":"existing wins","timestamp":"2025-09-17 22:14:14"}
{"existingModule":"Settings","existingSpecificity":22,"level":"\u001b[33mwarn\u001b[39m","message":"Signal conflict detected:","newModule":"Settings","newSpecificity":22,"pattern":"string:settings_values_change","resolution":"existing wins","timestamp":"2025-09-17 22:14:14"}
{"existingModule":"Settings","existingSpecificity":23,"level":"\u001b[33mwarn\u001b[39m","message":"Signal conflict detected:","newModule":"Settings","newSpecificity":23,"pattern":"string:settings_domains_change","resolution":"existing wins","timestamp":"2025-09-17 22:14:14"}
{"existingModule":"Settings","existingSpecificity":21,"level":"\u001b[33mwarn\u001b[39m","message":"Signal conflict detected:","newModule":"Settings","newSpecificity":21,"pattern":"string:settings_roles_change","resolution":"existing wins","timestamp":"2025-09-17 22:14:14"}
{"existingModule":"Settings","existingSpecificity":26,"level":"\u001b[33mwarn\u001b[39m","message":"Signal conflict detected:","newModule":"Settings","newSpecificity":26,"pattern":"string:settings_currencies_change","resolution":"existing wins","timestamp":"2025-09-17 22:14:14"}
{"existingModule":"Settings","existingSpecificity":12,"level":"\u001b[33mwarn\u001b[39m","message":"Signal conflict detected:","newModule":"Settings","newSpecificity":12,"pattern":"string:help_add_hex","resolution":"existing wins","timestamp":"2025-09-17 22:14:14"}
{"existingModule":"Checklists","existingSpecificity":23,"level":"\u001b[33mwarn\u001b[39m","message":"Signal conflict detected:","newModule":"Roles","newSpecificity":23,"pattern":"regex:back_to_role_(.+)","resolution":"existing wins","timestamp":"2025-09-17 22:14:14"}
{"existingModule":"Checklists","existingSpecificity":6,"level":"\u001b[33mwarn\u001b[39m","message":"Signal conflict detected:","newModule":"Quests","newSpecificity":6,"pattern":"regex:check_(.+)","resolution":"existing wins","timestamp":"2025-09-17 22:14:14"}
{"existingModule":"Checklists","existingSpecificity":12,"level":"\u001b[33mwarn\u001b[39m","message":"Signal conflict detected:","newModule":"Quests","newSpecificity":12,"pattern":"regex:add_item_to_(.+)","resolution":"existing wins","timestamp":"2025-09-17 22:14:14"}
{"existingModule":"Calendar","existingSpecificity":3,"level":"\u001b[33mwarn\u001b[39m","message":"Signal conflict detected:","newModule":"Calendar","newSpecificity":3,"pattern":"regex:n_(.+)_(?:--|\\+\\+|\\+|-|0)","resolution":"existing wins","timestamp":"2025-09-17 22:14:14"}
{"existingModule":"Quests","existingSpecificity":15,"level":"\u001b[33mwarn\u001b[39m","message":"Signal conflict detected:","newModule":"Scheduler","newSpecificity":15,"pattern":"regex:schedule_quest_(.+)","resolution":"existing wins","timestamp":"2025-09-17 22:14:14"}
{"level":"\u001b[32minfo\u001b[39m","message":"Starting HolonsBot with REFACTORED architecture","timestamp":"2025-09-17 22:14:28"}
{"appname":"Holons","level":"\u001b[32minfo\u001b[39m","message":"Starting HolonsBot initialization","timestamp":"2025-09-17 22:14:28"}
{"level":"\u001b[32minfo\u001b[39m","message":"Telegram bot initialized (not yet launched)","timestamp":"2025-09-17 22:14:28"}
{"level":"\u001b[32minfo\u001b[39m","message":"SignalManager initialized","timestamp":"2025-09-17 22:14:28"}
{"appname":"HolonsDebug","level":"\u001b[32minfo\u001b[39m","message":"Database initialized","timestamp":"2025-09-17 22:14:28"}
{"existingModule":"Settings","existingSpecificity":13,"level":"\u001b[33mwarn\u001b[39m","message":"Signal conflict detected:","newModule":"Settings","newSpecificity":13,"pattern":"regex:timezone_set_(.+)","resolution":"existing wins","timestamp":"2025-09-17 22:14:29"}
{"existingModule":"Settings","existingSpecificity":13,"level":"\u001b[33mwarn\u001b[39m","message":"Signal conflict detected:","newModule":"Settings","newSpecificity":13,"pattern":"string:settings_back","resolution":"existing wins","timestamp":"2025-09-17 22:14:29"}
{"existingModule":"Settings","existingSpecificity":22,"level":"\u001b[33mwarn\u001b[39m","message":"Signal conflict detected:","newModule":"Settings","newSpecificity":22,"pattern":"string:settings_values_change","resolution":"existing wins","timestamp":"2025-09-17 22:14:29"}
{"existingModule":"Settings","existingSpecificity":23,"level":"\u001b[33mwarn\u001b[39m","message":"Signal conflict detected:","newModule":"Settings","newSpecificity":23,"pattern":"string:settings_domains_change","resolution":"existing wins","timestamp":"2025-09-17 22:14:29"}
{"existingModule":"Settings","existingSpecificity":21,"level":"\u001b[33mwarn\u001b[39m","message":"Signal conflict detected:","newModule":"Settings","newSpecificity":21,"pattern":"string:settings_roles_change","resolution":"existing wins","timestamp":"2025-09-17 22:14:29"}
{"existingModule":"Settings","existingSpecificity":26,"level":"\u001b[33mwarn\u001b[39m","message":"Signal conflict detected:","newModule":"Settings","newSpecificity":26,"pattern":"string:settings_currencies_change","resolution":"existing wins","timestamp":"2025-09-17 22:14:29"}
{"existingModule":"Settings","existingSpecificity":14,"level":"\u001b[33mwarn\u001b[39m","message":"Signal conflict detected:","newModule":"Settings","newSpecificity":14,"pattern":"string:add_federation","resolution":"existing wins","timestamp":"2025-09-17 22:14:29"}
{"existingModule":"Settings","existingSpecificity":22,"level":"\u001b[33mwarn\u001b[39m","message":"Signal conflict detected:","newModule":"Settings","newSpecificity":22,"pattern":"string:settings_values_change","resolution":"existing wins","timestamp":"2025-09-17 22:14:29"}
{"existingModule":"Settings","existingSpecificity":23,"level":"\u001b[33mwarn\u001b[39m","message":"Signal conflict detected:","newModule":"Settings","newSpecificity":23,"pattern":"string:settings_domains_change","resolution":"existing wins","timestamp":"2025-09-17 22:14:29"}
{"existingModule":"Settings","existingSpecificity":21,"level":"\u001b[33mwarn\u001b[39m","message":"Signal conflict detected:","newModule":"Settings","newSpecificity":21,"pattern":"string:settings_roles_change","resolution":"existing wins","timestamp":"2025-09-17 22:14:29"}
{"existingModule":"Settings","existingSpecificity":26,"level":"\u001b[33mwarn\u001b[39m","message":"Signal conflict detected:","newModule":"Settings","newSpecificity":26,"pattern":"string:settings_currencies_change","resolution":"existing wins","timestamp":"2025-09-17 22:14:29"}
{"existingModule":"Settings","existingSpecificity":12,"level":"\u001b[33mwarn\u001b[39m","message":"Signal conflict detected:","newModule":"Settings","newSpecificity":12,"pattern":"string:help_add_hex","resolution":"existing wins","timestamp":"2025-09-17 22:14:29"}
{"existingModule":"Checklists","existingSpecificity":23,"level":"\u001b[33mwarn\u001b[39m","message":"Signal conflict detected:","newModule":"Roles","newSpecificity":23,"pattern":"regex:back_to_role_(.+)","resolution":"existing wins","timestamp":"2025-09-17 22:14:29"}
{"existingModule":"Checklists","existingSpecificity":6,"level":"\u001b[33mwarn\u001b[39m","message":"Signal conflict detected:","newModule":"Quests","newSpecificity":6,"pattern":"regex:check_(.+)","resolution":"existing wins","timestamp":"2025-09-17 22:14:29"}
{"existingModule":"Checklists","existingSpecificity":12,"level":"\u001b[33mwarn\u001b[39m","message":"Signal conflict detected:","newModule":"Quests","newSpecificity":12,"pattern":"regex:add_item_to_(.+)","resolution":"existing wins","timestamp":"2025-09-17 22:14:29"}
{"existingModule":"Calendar","existingSpecificity":3,"level":"\u001b[33mwarn\u001b[39m","message":"Signal conflict detected:","newModule":"Calendar","newSpecificity":3,"pattern":"regex:n_(.+)_(?:--|\\+\\+|\\+|-|0)","resolution":"existing wins","timestamp":"2025-09-17 22:14:29"}
{"existingModule":"Quests","existingSpecificity":15,"level":"\u001b[33mwarn\u001b[39m","message":"Signal conflict detected:","newModule":"Scheduler","newSpecificity":15,"pattern":"regex:schedule_quest_(.+)","resolution":"existing wins","timestamp":"2025-09-17 22:14:29"}
{"level":"\u001b[32minfo\u001b[39m","message":"Starting HolonsBot with REFACTORED architecture","timestamp":"2025-09-17 22:14:42"}
{"appname":"Holons","level":"\u001b[32minfo\u001b[39m","message":"Starting HolonsBot initialization","timestamp":"2025-09-17 22:14:42"}
{"level":"\u001b[32minfo\u001b[39m","message":"Telegram bot initialized (not yet launched)","timestamp":"2025-09-17 22:14:42"}
{"level":"\u001b[32minfo\u001b[39m","message":"SignalManager initialized","timestamp":"2025-09-17 22:14:42"}
{"appname":"HolonsDebug","level":"\u001b[32minfo\u001b[39m","message":"Database initialized","timestamp":"2025-09-17 22:14:42"}
{"existingModule":"Settings","existingSpecificity":13,"level":"\u001b[33mwarn\u001b[39m","message":"Signal conflict detected:","newModule":"Settings","newSpecificity":13,"pattern":"regex:timezone_set_(.+)","resolution":"existing wins","timestamp":"2025-09-17 22:14:42"}
{"existingModule":"Settings","existingSpecificity":13,"level":"\u001b[33mwarn\u001b[39m","message":"Signal conflict detected:","newModule":"Settings","newSpecificity":13,"pattern":"string:settings_back","resolution":"existing wins","timestamp":"2025-09-17 22:14:42"}
{"existingModule":"Settings","existingSpecificity":22,"level":"\u001b[33mwarn\u001b[39m","message":"Signal conflict detected:","newModule":"Settings","newSpecificity":22,"pattern":"string:settings_values_change","resolution":"existing wins","timestamp":"2025-09-17 22:14:42"}
{"existingModule":"Settings","existingSpecificity":23,"level":"\u001b[33mwarn\u001b[39m","message":"Signal conflict detected:","newModule":"Settings","newSpecificity":23,"pattern":"string:settings_domains_change","resolution":"existing wins","timestamp":"2025-09-17 22:14:42"}
{"existingModule":"Settings","existingSpecificity":21,"level":"\u001b[33mwarn\u001b[39m","message":"Signal conflict detected:","newModule":"Settings","newSpecificity":21,"pattern":"string:settings_roles_change","resolution":"existing wins","timestamp":"2025-09-17 22:14:42"}
{"existingModule":"Settings","existingSpecificity":26,"level":"\u001b[33mwarn\u001b[39m","message":"Signal conflict detected:","newModule":"Settings","newSpecificity":26,"pattern":"string:settings_currencies_change","resolution":"existing wins","timestamp":"2025-09-17 22:14:42"}
{"existingModule":"Settings","existingSpecificity":14,"level":"\u001b[33mwarn\u001b[39m","message":"Signal conflict detected:","newModule":"Settings","newSpecificity":14,"pattern":"string:add_federation","resolution":"existing wins","timestamp":"2025-09-17 22:14:42"}
{"existingModule":"Settings","existingSpecificity":22,"level":"\u001b[33mwarn\u001b[39m","message":"Signal conflict detected:","newModule":"Settings","newSpecificity":22,"pattern":"string:settings_values_change","resolution":"existing wins","timestamp":"2025-09-17 22:14:42"}
{"existingModule":"Settings","existingSpecificity":23,"level":"\u001b[33mwarn\u001b[39m","message":"Signal conflict detected:","newModule":"Settings","newSpecificity":23,"pattern":"string:settings_domains_change","resolution":"existing wins","timestamp":"2025-09-17 22:14:42"}
{"existingModule":"Settings","existingSpecificity":21,"level":"\u001b[33mwarn\u001b[39m","message":"Signal conflict detected:","newModule":"Settings","newSpecificity":21,"pattern":"string:settings_roles_change","resolution":"existing wins","timestamp":"2025-09-17 22:14:42"}
{"existingModule":"Settings","existingSpecificity":26,"level":"\u001b[33mwarn\u001b[39m","message":"Signal conflict detected:","newModule":"Settings","newSpecificity":26,"pattern":"string:settings_currencies_change","resolution":"existing wins","timestamp":"2025-09-17 22:14:42"}
{"existingModule":"Settings","existingSpecificity":12,"level":"\u001b[33mwarn\u001b[39m","message":"Signal conflict detected:","newModule":"Settings","newSpecificity":12,"pattern":"string:help_add_hex","resolution":"existing wins","timestamp":"2025-09-17 22:14:42"}
{"existingModule":"Checklists","existingSpecificity":23,"level":"\u001b[33mwarn\u001b[39m","message":"Signal conflict detected:","newModule":"Roles","newSpecificity":23,"pattern":"regex:back_to_role_(.+)","resolution":"existing wins","timestamp":"2025-09-17 22:14:43"}
{"existingModule":"Checklists","existingSpecificity":6,"level":"\u001b[33mwarn\u001b[39m","message":"Signal conflict detected:","newModule":"Quests","newSpecificity":6,"pattern":"regex:check_(.+)","resolution":"existing wins","timestamp":"2025-09-17 22:14:43"}
{"existingModule":"Checklists","existingSpecificity":12,"level":"\u001b[33mwarn\u001b[39m","message":"Signal conflict detected:","newModule":"Quests","newSpecificity":12,"pattern":"regex:add_item_to_(.+)","resolution":"existing wins","timestamp":"2025-09-17 22:14:43"}
{"existingModule":"Calendar","existingSpecificity":3,"level":"\u001b[33mwarn\u001b[39m","message":"Signal conflict detected:","newModule":"Calendar","newSpecificity":3,"pattern":"regex:n_(.+)_(?:--|\\+\\+|\\+|-|0)","resolution":"existing wins","timestamp":"2025-09-17 22:14:43"}
{"existingModule":"Quests","existingSpecificity":15,"level":"\u001b[33mwarn\u001b[39m","message":"Signal conflict detected:","newModule":"Scheduler","newSpecificity":15,"pattern":"regex:schedule_quest_(.+)","resolution":"existing wins","timestamp":"2025-09-17 22:14:43"}
{"level":"\u001b[32minfo\u001b[39m","message":"Starting HolonsBot with REFACTORED architecture","timestamp":"2025-09-17 22:14:49"}
{"appname":"Holons","level":"\u001b[32minfo\u001b[39m","message":"Starting HolonsBot initialization","timestamp":"2025-09-17 22:14:49"}
{"level":"\u001b[32minfo\u001b[39m","message":"Telegram bot initialized (not yet launched)","timestamp":"2025-09-17 22:14:49"}
{"level":"\u001b[32minfo\u001b[39m","message":"SignalManager initialized","timestamp":"2025-09-17 22:14:49"}
{"appname":"HolonsDebug","level":"\u001b[32minfo\u001b[39m","message":"Database initialized","timestamp":"2025-09-17 22:14:49"}
{"existingModule":"Settings","existingSpecificity":13,"level":"\u001b[33mwarn\u001b[39m","message":"Signal conflict detected:","newModule":"Settings","newSpecificity":13,"pattern":"regex:timezone_set_(.+)","resolution":"existing wins","timestamp":"2025-09-17 22:14:49"}
{"existingModule":"Settings","existingSpecificity":13,"level":"\u001b[33mwarn\u001b[39m","message":"Signal conflict detected:","newModule":"Settings","newSpecificity":13,"pattern":"string:settings_back","resolution":"existing wins","timestamp":"2025-09-17 22:14:49"}
{"existingModule":"Settings","existingSpecificity":22,"level":"\u001b[33mwarn\u001b[39m","message":"Signal conflict detected:","newModule":"Settings","newSpecificity":22,"pattern":"string:settings_values_change","resolution":"existing wins","timestamp":"2025-09-17 22:14:49"}
{"existingModule":"Settings","existingSpecificity":23,"level":"\u001b[33mwarn\u001b[39m","message":"Signal conflict detected:","newModule":"Settings","newSpecificity":23,"pattern":"string:settings_domains_change","resolution":"existing wins","timestamp":"2025-09-17 22:14:49"}
{"existingModule":"Settings","existingSpecificity":21,"level":"\u001b[33mwarn\u001b[39m","message":"Signal conflict detected:","newModule":"Settings","newSpecificity":21,"pattern":"string:settings_roles_change","resolution":"existing wins","timestamp":"2025-09-17 22:14:49"}
{"existingModule":"Settings","existingSpecificity":26,"level":"\u001b[33mwarn\u001b[39m","message":"Signal conflict detected:","newModule":"Settings","newSpecificity":26,"pattern":"string:settings_currencies_change","resolution":"existing wins","timestamp":"2025-09-17 22:14:49"}
{"existingModule":"Settings","existingSpecificity":14,"level":"\u001b[33mwarn\u001b[39m","message":"Signal conflict detected:","newModule":"Settings","newSpecificity":14,"pattern":"string:add_federation","resolution":"existing wins","timestamp":"2025-09-17 22:14:49"}
{"existingModule":"Settings","existingSpecificity":22,"level":"\u001b[33mwarn\u001b[39m","message":"Signal conflict detected:","newModule":"Settings","newSpecificity":22,"pattern":"string:settings_values_change","resolution":"existing wins","timestamp":"2025-09-17 22:14:49"}
{"existingModule":"Settings","existingSpecificity":23,"level":"\u001b[33mwarn\u001b[39m","message":"Signal conflict detected:","newModule":"Settings","newSpecificity":23,"pattern":"string:settings_domains_change","resolution":"existing wins","timestamp":"2025-09-17 22:14:49"}
{"existingModule":"Settings","existingSpecificity":21,"level":"\u001b[33mwarn\u001b[39m","message":"Signal conflict detected:","newModule":"Settings","newSpecificity":21,"pattern":"string:settings_roles_change","resolution":"existing wins","timestamp":"2025-09-17 22:14:49"}
{"existingModule":"Settings","existingSpecificity":26,"level":"\u001b[33mwarn\u001b[39m","message":"Signal conflict detected:","newModule":"Settings","newSpecificity":26,"pattern":"string:settings_currencies_change","resolution":"existing wins","timestamp":"2025-09-17 22:14:49"}
{"existingModule":"Settings","existingSpecificity":12,"level":"\u001b[33mwarn\u001b[39m","message":"Signal conflict detected:","newModule":"Settings","newSpecificity":12,"pattern":"string:help_add_hex","resolution":"existing wins","timestamp":"2025-09-17 22:14:49"}
{"existingModule":"Checklists","existingSpecificity":23,"level":"\u001b[33mwarn\u001b[39m","message":"Signal conflict detected:","newModule":"Roles","newSpecificity":23,"pattern":"regex:back_to_role_(.+)","resolution":"existing wins","timestamp":"2025-09-17 22:14:50"}
{"existingModule":"Checklists","existingSpecificity":6,"level":"\u001b[33mwarn\u001b[39m","message":"Signal conflict detected:","newModule":"Quests","newSpecificity":6,"pattern":"regex:check_(.+)","resolution":"existing wins","timestamp":"2025-09-17 22:14:50"}
{"existingModule":"Checklists","existingSpecificity":12,"level":"\u001b[33mwarn\u001b[39m","message":"Signal conflict detected:","newModule":"Quests","newSpecificity":12,"pattern":"regex:add_item_to_(.+)","resolution":"existing wins","timestamp":"2025-09-17 22:14:50"}
{"existingModule":"Calendar","existingSpecificity":3,"level":"\u001b[33mwarn\u001b[39m","message":"Signal conflict detected:","newModule":"Calendar","newSpecificity":3,"pattern":"regex:n_(.+)_(?:--|\\+\\+|\\+|-|0)","resolution":"existing wins","timestamp":"2025-09-17 22:14:50"}
{"existingModule":"Quests","existingSpecificity":15,"level":"\u001b[33mwarn\u001b[39m","message":"Signal conflict detected:","newModule":"Scheduler","newSpecificity":15,"pattern":"regex:schedule_quest_(.+)","resolution":"existing wins","timestamp":"2025-09-17 22:14:50"}
{"level":"\u001b[32minfo\u001b[39m","message":"Starting HolonsBot with REFACTORED architecture","timestamp":"2025-09-17 22:15:00"}
{"appname":"Holons","level":"\u001b[32minfo\u001b[39m","message":"Starting HolonsBot initialization","timestamp":"2025-09-17 22:15:00"}
{"level":"\u001b[32minfo\u001b[39m","message":"Telegram bot initialized (not yet launched)","timestamp":"2025-09-17 22:15:00"}
{"level":"\u001b[32minfo\u001b[39m","message":"SignalManager initialized","timestamp":"2025-09-17 22:15:00"}
{"appname":"HolonsDebug","level":"\u001b[32minfo\u001b[39m","message":"Database initialized","timestamp":"2025-09-17 22:15:00"}
{"existingModule":"Settings","existingSpecificity":13,"level":"\u001b[33mwarn\u001b[39m","message":"Signal conflict detected:","newModule":"Settings","newSpecificity":13,"pattern":"regex:timezone_set_(.+)","resolution":"existing wins","timestamp":"2025-09-17 22:15:00"}
{"existingModule":"Settings","existingSpecificity":13,"level":"\u001b[33mwarn\u001b[39m","message":"Signal conflict detected:","newModule":"Settings","newSpecificity":13,"pattern":"string:settings_back","resolution":"existing wins","timestamp":"2025-09-17 22:15:00"}
{"existingModule":"Settings","existingSpecificity":22,"level":"\u001b[33mwarn\u001b[39m","message":"Signal conflict detected:","newModule":"Settings","newSpecificity":22,"pattern":"string:settings_values_change","resolution":"existing wins","timestamp":"2025-09-17 22:15:00"}
{"existingModule":"Settings","existingSpecificity":23,"level":"\u001b[33mwarn\u001b[39m","message":"Signal conflict detected:","newModule":"Settings","newSpecificity":23,"pattern":"string:settings_domains_change","resolution":"existing wins","timestamp":"2025-09-17 22:15:00"}
{"existingModule":"Settings","existingSpecificity":21,"level":"\u001b[33mwarn\u001b[39m","message":"Signal conflict detected:","newModule":"Settings","newSpecificity":21,"pattern":"string:settings_roles_change","resolution":"existing wins","timestamp":"2025-09-17 22:15:00"}
{"existingModule":"Settings","existingSpecificity":26,"level":"\u001b[33mwarn\u001b[39m","message":"Signal conflict detected:","newModule":"Settings","newSpecificity":26,"pattern":"string:settings_currencies_change","resolution":"existing wins","timestamp":"2025-09-17 22:15:00"}
{"existingModule":"Settings","existingSpecificity":14,"level":"\u001b[33mwarn\u001b[39m","message":"Signal conflict detected:","newModule":"Settings","newSpecificity":14,"pattern":"string:add_federation","resolution":"existing wins","timestamp":"2025-09-17 22:15:00"}
{"existingModule":"Settings","existingSpecificity":22,"level":"\u001b[33mwarn\u001b[39m","message":"Signal conflict detected:","newModule":"Settings","newSpecificity":22,"pattern":"string:settings_values_change","resolution":"existing wins","timestamp":"2025-09-17 22:15:00"}
{"existingModule":"Settings","existingSpecificity":23,"level":"\u001b[33mwarn\u001b[39m","message":"Signal conflict detected:","newModule":"Settings","newSpecificity":23,"pattern":"string:settings_domains_change","resolution":"existing wins","timestamp":"2025-09-17 22:15:00"}
{"existingModule":"Settings","existingSpecificity":21,"level":"\u001b[33mwarn\u001b[39m","message":"Signal conflict detected:","newModule":"Settings","newSpecificity":21,"pattern":"string:settings_roles_change","resolution":"existing wins","timestamp":"2025-09-17 22:15:00"}
{"existingModule":"Settings","existingSpecificity":26,"level":"\u001b[33mwarn\u001b[39m","message":"Signal conflict detected:","newModule":"Settings","newSpecificity":26,"pattern":"string:settings_currencies_change","resolution":"existing wins","timestamp":"2025-09-17 22:15:00"}
{"existingModule":"Settings","existingSpecificity":12,"level":"\u001b[33mwarn\u001b[39m","message":"Signal conflict detected:","newModule":"Settings","newSpecificity":12,"pattern":"string:help_add_hex","resolution":"existing wins","timestamp":"2025-09-17 22:15:00"}
{"existingModule":"Checklists","existingSpecificity":23,"level":"\u001b[33mwarn\u001b[39m","message":"Signal conflict detected:","newModule":"Roles","newSpecificity":23,"pattern":"regex:back_to_role_(.+)","resolution":"existing wins","timestamp":"2025-09-17 22:15:01"}
{"existingModule":"Checklists","existingSpecificity":6,"level":"\u001b[33mwarn\u001b[39m","message":"Signal conflict detected:","newModule":"Quests","newSpecificity":6,"pattern":"regex:check_(.+)","resolution":"existing wins","timestamp":"2025-09-17 22:15:01"}
{"existingModule":"Checklists","existingSpecificity":12,"level":"\u001b[33mwarn\u001b[39m","message":"Signal conflict detected:","newModule":"Quests","newSpecificity":12,"pattern":"regex:add_item_to_(.+)","resolution":"existing wins","timestamp":"2025-09-17 22:15:01"}
{"existingModule":"Calendar","existingSpecificity":3,"level":"\u001b[33mwarn\u001b[39m","message":"Signal conflict detected:","newModule":"Calendar","newSpecificity":3,"pattern":"regex:n_(.+)_(?:--|\\+\\+|\\+|-|0)","resolution":"existing wins","timestamp":"2025-09-17 22:15:01"}
{"existingModule":"Quests","existingSpecificity":15,"level":"\u001b[33mwarn\u001b[39m","message":"Signal conflict detected:","newModule":"Scheduler","newSpecificity":15,"pattern":"regex:schedule_quest_(.+)","resolution":"existing wins","timestamp":"2025-09-17 22:15:01"}
{"level":"\u001b[32minfo\u001b[39m","message":"Starting HolonsBot with REFACTORED architecture","timestamp":"2025-09-17 22:15:10"}
{"appname":"Holons","level":"\u001b[32minfo\u001b[39m","message":"Starting HolonsBot initialization","timestamp":"2025-09-17 22:15:10"}
{"level":"\u001b[32minfo\u001b[39m","message":"Telegram bot initialized (not yet launched)","timestamp":"2025-09-17 22:15:10"}
{"level":"\u001b[32minfo\u001b[39m","message":"SignalManager initialized","timestamp":"2025-09-17 22:15:10"}
{"appname":"HolonsDebug","level":"\u001b[32minfo\u001b[39m","message":"Database initialized","timestamp":"2025-09-17 22:15:10"}
{"existingModule":"Settings","existingSpecificity":13,"level":"\u001b[33mwarn\u001b[39m","message":"Signal conflict detected:","newModule":"Settings","newSpecificity":13,"pattern":"regex:timezone_set_(.+)","resolution":"existing wins","timestamp":"2025-09-17 22:15:10"}
{"existingModule":"Settings","existingSpecificity":13,"level":"\u001b[33mwarn\u001b[39m","message":"Signal conflict detected:","newModule":"Settings","newSpecificity":13,"pattern":"string:settings_back","resolution":"existing wins","timestamp":"2025-09-17 22:15:10"}
{"existingModule":"Settings","existingSpecificity":22,"level":"\u001b[33mwarn\u001b[39m","message":"Signal conflict detected:","newModule":"Settings","newSpecificity":22,"pattern":"string:settings_values_change","resolution":"existing wins","timestamp":"2025-09-17 22:15:10"}
{"existingModule":"Settings","existingSpecificity":23,"level":"\u001b[33mwarn\u001b[39m","message":"Signal conflict detected:","newModule":"Settings","newSpecificity":23,"pattern":"string:settings_domains_change","resolution":"existing wins","timestamp":"2025-09-17 22:15:10"}
{"existingModule":"Settings","existingSpecificity":21,"level":"\u001b[33mwarn\u001b[39m","message":"Signal conflict detected:","newModule":"Settings","newSpecificity":21,"pattern":"string:settings_roles_change","resolution":"existing wins","timestamp":"2025-09-17 22:15:10"}
{"existingModule":"Settings","existingSpecificity":26,"level":"\u001b[33mwarn\u001b[39m","message":"Signal conflict detected:","newModule":"Settings","newSpecificity":26,"pattern":"string:settings_currencies_change","resolution":"existing wins","timestamp":"2025-09-17 22:15:10"}
{"existingModule":"Settings","existingSpecificity":14,"level":"\u001b[33mwarn\u001b[39m","message":"Signal conflict detected:","newModule":"Settings","newSpecificity":14,"pattern":"string:add_federation","resolution":"existing wins","timestamp":"2025-09-17 22:15:10"}
{"existingModule":"Settings","existingSpecificity":22,"level":"\u001b[33mwarn\u001b[39m","message":"Signal conflict detected:","newModule":"Settings","newSpecificity":22,"pattern":"string:settings_values_change","resolution":"existing wins","timestamp":"2025-09-17 22:15:10"}
{"existingModule":"Settings","existingSpecificity":23,"level":"\u001b[33mwarn\u001b[39m","message":"Signal conflict detected:","newModule":"Settings","newSpecificity":23,"pattern":"string:settings_domains_change","resolution":"existing wins","timestamp":"2025-09-17 22:15:10"}
{"existingModule":"Settings","existingSpecificity":21,"level":"\u001b[33mwarn\u001b[39m","message":"Signal conflict detected:","newModule":"Settings","newSpecificity":21,"pattern":"string:settings_roles_change","resolution":"existing wins","timestamp":"2025-09-17 22:15:10"}
{"existingModule":"Settings","existingSpecificity":26,"level":"\u001b[33mwarn\u001b[39m","message":"Signal conflict detected:","newModule":"Settings","newSpecificity":26,"pattern":"string:settings_currencies_change","resolution":"existing wins","timestamp":"2025-09-17 22:15:10"}
{"existingModule":"Settings","existingSpecificity":12,"level":"\u001b[33mwarn\u001b[39m","message":"Signal conflict detected:","newModule":"Settings","newSpecificity":12,"pattern":"string:help_add_hex","resolution":"existing wins","timestamp":"2025-09-17 22:15:10"}
{"existingModule":"Checklists","existingSpecificity":23,"level":"\u001b[33mwarn\u001b[39m","message":"Signal conflict detected:","newModule":"Roles","newSpecificity":23,"pattern":"regex:back_to_role_(.+)","resolution":"existing wins","timestamp":"2025-09-17 22:15:11"}
{"existingModule":"Checklists","existingSpecificity":6,"level":"\u001b[33mwarn\u001b[39m","message":"Signal conflict detected:","newModule":"Quests","newSpecificity":6,"pattern":"regex:check_(.+)","resolution":"existing wins","timestamp":"2025-09-17 22:15:11"}
{"existingModule":"Checklists","existingSpecificity":12,"level":"\u001b[33mwarn\u001b[39m","message":"Signal conflict detected:","newModule":"Quests","newSpecificity":12,"pattern":"regex:add_item_to_(.+)","resolution":"existing wins","timestamp":"2025-09-17 22:15:11"}
{"existingModule":"Calendar","existingSpecificity":3,"level":"\u001b[33mwarn\u001b[39m","message":"Signal conflict detected:","newModule":"Calendar","newSpecificity":3,"pattern":"regex:n_(.+)_(?:--|\\+\\+|\\+|-|0)","resolution":"existing wins","timestamp":"2025-09-17 22:15:11"}
{"existingModule":"Quests","existingSpecificity":15,"level":"\u001b[33mwarn\u001b[39m","message":"Signal conflict detected:","newModule":"Scheduler","newSpecificity":15,"pattern":"regex:schedule_quest_(.+)","resolution":"existing wins","timestamp":"2025-09-17 22:15:11"}
{"level":"\u001b[32minfo\u001b[39m","message":"Starting HolonsBot with REFACTORED architecture","timestamp":"2025-09-17 22:15:25"}
{"appname":"Holons","level":"\u001b[32minfo\u001b[39m","message":"Starting HolonsBot initialization","timestamp":"2025-09-17 22:15:25"}
{"level":"\u001b[32minfo\u001b[39m","message":"Telegram bot initialized (not yet launched)","timestamp":"2025-09-17 22:15:25"}
{"level":"\u001b[32minfo\u001b[39m","message":"SignalManager initialized","timestamp":"2025-09-17 22:15:25"}
{"appname":"HolonsDebug","level":"\u001b[32minfo\u001b[39m","message":"Database initialized","timestamp":"2025-09-17 22:15:25"}
{"existingModule":"Settings","existingSpecificity":13,"level":"\u001b[33mwarn\u001b[39m","message":"Signal conflict detected:","newModule":"Settings","newSpecificity":13,"pattern":"regex:timezone_set_(.+)","resolution":"existing wins","timestamp":"2025-09-17 22:15:26"}
{"existingModule":"Settings","existingSpecificity":13,"level":"\u001b[33mwarn\u001b[39m","message":"Signal conflict detected:","newModule":"Settings","newSpecificity":13,"pattern":"string:settings_back","resolution":"existing wins","timestamp":"2025-09-17 22:15:26"}
{"existingModule":"Settings","existingSpecificity":22,"level":"\u001b[33mwarn\u001b[39m","message":"Signal conflict detected:","newModule":"Settings","newSpecificity":22,"pattern":"string:settings_values_change","resolution":"existing wins","timestamp":"2025-09-17 22:15:26"}
{"existingModule":"Settings","existingSpecificity":23,"level":"\u001b[33mwarn\u001b[39m","message":"Signal conflict detected:","newModule":"Settings","newSpecificity":23,"pattern":"string:settings_domains_change","resolution":"existing wins","timestamp":"2025-09-17 22:15:26"}
{"existingModule":"Settings","existingSpecificity":21,"level":"\u001b[33mwarn\u001b[39m","message":"Signal conflict detected:","newModule":"Settings","newSpecificity":21,"pattern":"string:settings_roles_change","resolution":"existing wins","timestamp":"2025-09-17 22:15:26"}
{"existingModule":"Settings","existingSpecificity":26,"level":"\u001b[33mwarn\u001b[39m","message":"Signal conflict detected:","newModule":"Settings","newSpecificity":26,"pattern":"string:settings_currencies_change","resolution":"existing wins","timestamp":"2025-09-17 22:15:26"}
{"existingModule":"Settings","existingSpecificity":14,"level":"\u001b[33mwarn\u001b[39m","message":"Signal conflict detected:","newModule":"Settings","newSpecificity":14,"pattern":"string:add_federation","resolution":"existing wins","timestamp":"2025-09-17 22:15:26"}
{"existingModule":"Settings","existingSpecificity":22,"level":"\u001b[33mwarn\u001b[39m","message":"Signal conflict detected:","newModule":"Settings","newSpecificity":22,"pattern":"string:settings_values_change","resolution":"existing wins","timestamp":"2025-09-17 22:15:26"}
{"existingModule":"Settings","existingSpecificity":23,"level":"\u001b[33mwarn\u001b[39m","message":"Signal conflict detected:","newModule":"Settings","newSpecificity":23,"pattern":"string:settings_domains_change","resolution":"existing wins","timestamp":"2025-09-17 22:15:26"}
{"existingModule":"Settings","existingSpecificity":21,"level":"\u001b[33mwarn\u001b[39m","message":"Signal conflict detected:","newModule":"Settings","newSpecificity":21,"pattern":"string:settings_roles_change","resolution":"existing wins","timestamp":"2025-09-17 22:15:26"}
{"existingModule":"Settings","existingSpecificity":26,"level":"\u001b[33mwarn\u001b[39m","message":"Signal conflict detected:","newModule":"Settings","newSpecificity":26,"pattern":"string:settings_currencies_change","resolution":"existing wins","timestamp":"2025-09-17 22:15:26"}
{"existingModule":"Settings","existingSpecificity":12,"level":"\u001b[33mwarn\u001b[39m","message":"Signal conflict detected:","newModule":"Settings","newSpecificity":12,"pattern":"string:help_add_hex","resolution":"existing wins","timestamp":"2025-09-17 22:15:26"}
{"existingModule":"Checklists","existingSpecificity":23,"level":"\u001b[33mwarn\u001b[39m","message":"Signal conflict detected:","newModule":"Roles","newSpecificity":23,"pattern":"regex:back_to_role_(.+)","resolution":"existing wins","timestamp":"2025-09-17 22:15:26"}
{"existingModule":"Checklists","existingSpecificity":6,"level":"\u001b[33mwarn\u001b[39m","message":"Signal conflict detected:","newModule":"Quests","newSpecificity":6,"pattern":"regex:check_(.+)","resolution":"existing wins","timestamp":"2025-09-17 22:15:26"}
{"existingModule":"Checklists","existingSpecificity":12,"level":"\u001b[33mwarn\u001b[39m","message":"Signal conflict detected:","newModule":"Quests","newSpecificity":12,"pattern":"regex:add_item_to_(.+)","resolution":"existing wins","timestamp":"2025-09-17 22:15:26"}
{"existingModule":"Calendar","existingSpecificity":3,"level":"\u001b[33mwarn\u001b[39m","message":"Signal conflict detected:","newModule":"Calendar","newSpecificity":3,"pattern":"regex:n_(.+)_(?:--|\\+\\+|\\+|-|0)","resolution":"existing wins","timestamp":"2025-09-17 22:15:26"}
{"existingModule":"Quests","existingSpecificity":15,"level":"\u001b[33mwarn\u001b[39m","message":"Signal conflict detected:","newModule":"Scheduler","newSpecificity":15,"pattern":"regex:schedule_quest_(.+)","resolution":"existing wins","timestamp":"2025-09-17 22:15:26"}
{"level":"\u001b[32minfo\u001b[39m","message":"Starting HolonsBot with REFACTORED architecture","timestamp":"2025-09-17 22:15:32"}
{"appname":"Holons","level":"\u001b[32minfo\u001b[39m","message":"Starting HolonsBot initialization","timestamp":"2025-09-17 22:15:32"}
{"level":"\u001b[32minfo\u001b[39m","message":"Telegram bot initialized (not yet launched)","timestamp":"2025-09-17 22:15:32"}
{"level":"\u001b[32minfo\u001b[39m","message":"SignalManager initialized","timestamp":"2025-09-17 22:15:32"}
{"appname":"HolonsDebug","level":"\u001b[32minfo\u001b[39m","message":"Database initialized","timestamp":"2025-09-17 22:15:32"}
{"existingModule":"Settings","existingSpecificity":13,"level":"\u001b[33mwarn\u001b[39m","message":"Signal conflict detected:","newModule":"Settings","newSpecificity":13,"pattern":"regex:timezone_set_(.+)","resolution":"existing wins","timestamp":"2025-09-17 22:15:32"}
{"existingModule":"Settings","existingSpecificity":13,"level":"\u001b[33mwarn\u001b[39m","message":"Signal conflict detected:","newModule":"Settings","newSpecificity":13,"pattern":"string:settings_back","resolution":"existing wins","timestamp":"2025-09-17 22:15:32"}
{"existingModule":"Settings","existingSpecificity":22,"level":"\u001b[33mwarn\u001b[39m","message":"Signal conflict detected:","newModule":"Settings","newSpecificity":22,"pattern":"string:settings_values_change","resolution":"existing wins","timestamp":"2025-09-17 22:15:32"}
{"existingModule":"Settings","existingSpecificity":23,"level":"\u001b[33mwarn\u001b[39m","message":"Signal conflict detected:","newModule":"Settings","newSpecificity":23,"pattern":"string:settings_domains_change","resolution":"existing wins","timestamp":"2025-09-17 22:15:32"}
{"existingModule":"Settings","existingSpecificity":21,"level":"\u001b[33mwarn\u001b[39m","message":"Signal conflict detected:","newModule":"Settings","newSpecificity":21,"pattern":"string:settings_roles_change","resolution":"existing wins","timestamp":"2025-09-17 22:15:32"}
{"existingModule":"Settings","existingSpecificity":26,"level":"\u001b[33mwarn\u001b[39m","message":"Signal conflict detected:","newModule":"Settings","newSpecificity":26,"pattern":"string:settings_currencies_change","resolution":"existing wins","timestamp":"2025-09-17 22:15:32"}
{"existingModule":"Settings","existingSpecificity":14,"level":"\u001b[33mwarn\u001b[39m","message":"Signal conflict detected:","newModule":"Settings","newSpecificity":14,"pattern":"string:add_federation","resolution":"existing wins","timestamp":"2025-09-17 22:15:32"}
{"existingModule":"Settings","existingSpecificity":22,"level":"\u001b[33mwarn\u001b[39m","message":"Signal conflict detected:","newModule":"Settings","newSpecificity":22,"pattern":"string:settings_values_change","resolution":"existing wins","timestamp":"2025-09-17 22:15:32"}
{"existingModule":"Settings","existingSpecificity":23,"level":"\u001b[33mwarn\u001b[39m","message":"Signal conflict detected:","newModule":"Settings","newSpecificity":23,"pattern":"string:settings_domains_change","resolution":"existing wins","timestamp":"2025-09-17 22:15:32"}
{"existingModule":"Settings","existingSpecificity":21,"level":"\u001b[33mwarn\u001b[39m","message":"Signal conflict detected:","newModule":"Settings","newSpecificity":21,"pattern":"string:settings_roles_change","resolution":"existing wins","timestamp":"2025-09-17 22:15:32"}
{"existingModule":"Settings","existingSpecificity":26,"level":"\u001b[33mwarn\u001b[39m","message":"Signal conflict detected:","newModule":"Settings","newSpecificity":26,"pattern":"string:settings_currencies_change","resolution":"existing wins","timestamp":"2025-09-17 22:15:32"}
{"existingModule":"Settings","existingSpecificity":12,"level":"\u001b[33mwarn\u001b[39m","message":"Signal conflict detected:","newModule":"Settings","newSpecificity":12,"pattern":"string:help_add_hex","resolution":"existing wins","timestamp":"2025-09-17 22:15:32"}
{"existingModule":"Checklists","existingSpecificity":23,"level":"\u001b[33mwarn\u001b[39m","message":"Signal conflict detected:","newModule":"Roles","newSpecificity":23,"pattern":"regex:back_to_role_(.+)","resolution":"existing wins","timestamp":"2025-09-17 22:15:33"}
{"existingModule":"Checklists","existingSpecificity":6,"level":"\u001b[33mwarn\u001b[39m","message":"Signal conflict detected:","newModule":"Quests","newSpecificity":6,"pattern":"regex:check_(.+)","resolution":"existing wins","timestamp":"2025-09-17 22:15:33"}
{"existingModule":"Checklists","existingSpecificity":12,"level":"\u001b[33mwarn\u001b[39m","message":"Signal conflict detected:","newModule":"Quests","newSpecificity":12,"pattern":"regex:add_item_to_(.+)","resolution":"existing wins","timestamp":"2025-09-17 22:15:33"}
{"existingModule":"Calendar","existingSpecificity":3,"level":"\u001b[33mwarn\u001b[39m","message":"Signal conflict detected:","newModule":"Calendar","newSpecificity":3,"pattern":"regex:n_(.+)_(?:--|\\+\\+|\\+|-|0)","resolution":"existing wins","timestamp":"2025-09-17 22:15:33"}
{"existingModule":"Quests","existingSpecificity":15,"level":"\u001b[33mwarn\u001b[39m","message":"Signal conflict detected:","newModule":"Scheduler","newSpecificity":15,"pattern":"regex:schedule_quest_(.+)","resolution":"existing wins","timestamp":"2025-09-17 22:15:33"}
{"error":"Maximum call stack size exceeded","level":"\u001b[31merror\u001b[39m","message":"Failed to launch Telegram bot","timestamp":"2025-09-17 22:18:23"}
{"level":"\u001b[32minfo\u001b[39m","message":"Starting HolonsBot with REFACTORED architecture","timestamp":"2025-09-17 22:18:31"}
{"appname":"Holons","level":"\u001b[32minfo\u001b[39m","message":"Starting HolonsBot initialization","timestamp":"2025-09-17 22:18:31"}
{"level":"\u001b[32minfo\u001b[39m","message":"Telegram bot initialized (not yet launched)","timestamp":"2025-09-17 22:18:31"}
{"level":"\u001b[32minfo\u001b[39m","message":"SignalManager initialized","timestamp":"2025-09-17 22:18:31"}
{"appname":"HolonsDebug","level":"\u001b[32minfo\u001b[39m","message":"Database initialized","timestamp":"2025-09-17 22:18:31"}
{"existingModule":"Settings","existingSpecificity":13,"level":"\u001b[33mwarn\u001b[39m","message":"Signal conflict detected:","newModule":"Settings","newSpecificity":13,"pattern":"regex:timezone_set_(.+)","resolution":"existing wins","timestamp":"2025-09-17 22:18:31"}
{"existingModule":"Settings","existingSpecificity":13,"level":"\u001b[33mwarn\u001b[39m","message":"Signal conflict detected:","newModule":"Settings","newSpecificity":13,"pattern":"string:settings_back","resolution":"existing wins","timestamp":"2025-09-17 22:18:31"}
{"existingModule":"Settings","existingSpecificity":22,"level":"\u001b[33mwarn\u001b[39m","message":"Signal conflict detected:","newModule":"Settings","newSpecificity":22,"pattern":"string:settings_values_change","resolution":"existing wins","timestamp":"2025-09-17 22:18:31"}
{"existingModule":"Settings","existingSpecificity":23,"level":"\u001b[33mwarn\u001b[39m","message":"Signal conflict detected:","newModule":"Settings","newSpecificity":23,"pattern":"string:settings_domains_change","resolution":"existing wins","timestamp":"2025-09-17 22:18:31"}
{"existingModule":"Settings","existingSpecificity":21,"level":"\u001b[33mwarn\u001b[39m","message":"Signal conflict detected:","newModule":"Settings","newSpecificity":21,"pattern":"string:settings_roles_change","resolution":"existing wins","timestamp":"2025-09-17 22:18:31"}
{"existingModule":"Settings","existingSpecificity":26,"level":"\u001b[33mwarn\u001b[39m","message":"Signal conflict detected:","newModule":"Settings","newSpecificity":26,"pattern":"string:settings_currencies_change","resolution":"existing wins","timestamp":"2025-09-17 22:18:31"}
{"existingModule":"Settings","existingSpecificity":14,"level":"\u001b[33mwarn\u001b[39m","message":"Signal conflict detected:","newModule":"Settings","newSpecificity":14,"pattern":"string:add_federation","resolution":"existing wins","timestamp":"2025-09-17 22:18:31"}
{"existingModule":"Settings","existingSpecificity":22,"level":"\u001b[33mwarn\u001b[39m","message":"Signal conflict detected:","newModule":"Settings","newSpecificity":22,"pattern":"string:settings_values_change","resolution":"existing wins","timestamp":"2025-09-17 22:18:31"}
{"existingModule":"Settings","existingSpecificity":23,"level":"\u001b[33mwarn\u001b[39m","message":"Signal conflict detected:","newModule":"Settings","newSpecificity":23,"pattern":"string:settings_domains_change","resolution":"existing wins","timestamp":"2025-09-17 22:18:31"}
{"existingModule":"Settings","existingSpecificity":21,"level":"\u001b[33mwarn\u001b[39m","message":"Signal conflict detected:","newModule":"Settings","newSpecificity":21,"pattern":"string:settings_roles_change","resolution":"existing wins","timestamp":"2025-09-17 22:18:31"}
{"existingModule":"Settings","existingSpecificity":26,"level":"\u001b[33mwarn\u001b[39m","message":"Signal conflict detected:","newModule":"Settings","newSpecificity":26,"pattern":"string:settings_currencies_change","resolution":"existing wins","timestamp":"2025-09-17 22:18:31"}
{"existingModule":"Settings","existingSpecificity":12,"level":"\u001b[33mwarn\u001b[39m","message":"Signal conflict detected:","newModule":"Settings","newSpecificity":12,"pattern":"string:help_add_hex","resolution":"existing wins","timestamp":"2025-09-17 22:18:31"}
{"existingModule":"Checklists","existingSpecificity":23,"level":"\u001b[33mwarn\u001b[39m","message":"Signal conflict detected:","newModule":"Roles","newSpecificity":23,"pattern":"regex:back_to_role_(.+)","resolution":"existing wins","timestamp":"2025-09-17 22:18:32"}
{"existingModule":"Checklists","existingSpecificity":6,"level":"\u001b[33mwarn\u001b[39m","message":"Signal conflict detected:","newModule":"Quests","newSpecificity":6,"pattern":"regex:check_(.+)","resolution":"existing wins","timestamp":"2025-09-17 22:18:32"}
{"existingModule":"Checklists","existingSpecificity":12,"level":"\u001b[33mwarn\u001b[39m","message":"Signal conflict detected:","newModule":"Quests","newSpecificity":12,"pattern":"regex:add_item_to_(.+)","resolution":"existing wins","timestamp":"2025-09-17 22:18:32"}
{"existingModule":"Calendar","existingSpecificity":3,"level":"\u001b[33mwarn\u001b[39m","message":"Signal conflict detected:","newModule":"Calendar","newSpecificity":3,"pattern":"regex:n_(.+)_(?:--|\\+\\+|\\+|-|0)","resolution":"existing wins","timestamp":"2025-09-17 22:18:32"}
{"existingModule":"Quests","existingSpecificity":15,"level":"\u001b[33mwarn\u001b[39m","message":"Signal conflict detected:","newModule":"Scheduler","newSpecificity":15,"pattern":"regex:schedule_quest_(.+)","resolution":"existing wins","timestamp":"2025-09-17 22:18:32"}
{"error":"Maximum call stack size exceeded","level":"\u001b[31merror\u001b[39m","message":"Failed to launch Telegram bot","timestamp":"2025-09-17 22:18:38"}
{"level":"\u001b[32minfo\u001b[39m","message":"Starting HolonsBot with REFACTORED architecture","timestamp":"2025-09-17 22:19:48"}
{"appname":"Holons","level":"\u001b[32minfo\u001b[39m","message":"Starting HolonsBot initialization","timestamp":"2025-09-17 22:19:49"}
{"level":"\u001b[32minfo\u001b[39m","message":"Telegram bot initialized (not yet launched)","timestamp":"2025-09-17 22:19:49"}
{"level":"\u001b[32minfo\u001b[39m","message":"SignalManager initialized","timestamp":"2025-09-17 22:19:49"}
{"appname":"HolonsDebug","level":"\u001b[32minfo\u001b[39m","message":"Database initialized","timestamp":"2025-09-17 22:19:49"}
{"existingModule":"Settings","existingSpecificity":13,"level":"\u001b[33mwarn\u001b[39m","message":"Signal conflict detected:","newModule":"Settings","newSpecificity":13,"pattern":"regex:timezone_set_(.+)","resolution":"existing wins","timestamp":"2025-09-17 22:19:49"}
{"existingModule":"Settings","existingSpecificity":13,"level":"\u001b[33mwarn\u001b[39m","message":"Signal conflict detected:","newModule":"Settings","newSpecificity":13,"pattern":"string:settings_back","resolution":"existing wins","timestamp":"2025-09-17 22:19:49"}
{"existingModule":"Settings","existingSpecificity":22,"level":"\u001b[33mwarn\u001b[39m","message":"Signal conflict detected:","newModule":"Settings","newSpecificity":22,"pattern":"string:settings_values_change","resolution":"existing wins","timestamp":"2025-09-17 22:19:49"}
{"existingModule":"Settings","existingSpecificity":23,"level":"\u001b[33mwarn\u001b[39m","message":"Signal conflict detected:","newModule":"Settings","newSpecificity":23,"pattern":"string:settings_domains_change","resolution":"existing wins","timestamp":"2025-09-17 22:19:49"}
{"existingModule":"Settings","existingSpecificity":21,"level":"\u001b[33mwarn\u001b[39m","message":"Signal conflict detected:","newModule":"Settings","newSpecificity":21,"pattern":"string:settings_roles_change","resolution":"existing wins","timestamp":"2025-09-17 22:19:49"}
{"existingModule":"Settings","existingSpecificity":26,"level":"\u001b[33mwarn\u001b[39m","message":"Signal conflict detected:","newModule":"Settings","newSpecificity":26,"pattern":"string:settings_currencies_change","resolution":"existing wins","timestamp":"2025-09-17 22:19:49"}
{"existingModule":"Settings","existingSpecificity":14,"level":"\u001b[33mwarn\u001b[39m","message":"Signal conflict detected:","newModule":"Settings","newSpecificity":14,"pattern":"string:add_federation","resolution":"existing wins","timestamp":"2025-09-17 22:19:49"}
{"existingModule":"Settings","existingSpecificity":22,"level":"\u001b[33mwarn\u001b[39m","message":"Signal conflict detected:","newModule":"Settings","newSpecificity":22,"pattern":"string:settings_values_change","resolution":"existing wins","timestamp":"2025-09-17 22:19:49"}
{"existingModule":"Settings","existingSpecificity":23,"level":"\u001b[33mwarn\u001b[39m","message":"Signal conflict detected:","newModule":"Settings","newSpecificity":23,"pattern":"string:settings_domains_change","resolution":"existing wins","timestamp":"2025-09-17 22:19:49"}
{"existingModule":"Settings","existingSpecificity":21,"level":"\u001b[33mwarn\u001b[39m","message":"Signal conflict detected:","newModule":"Settings","newSpecificity":21,"pattern":"string:settings_roles_change","resolution":"existing wins","timestamp":"2025-09-17 22:19:49"}
{"existingModule":"Settings","existingSpecificity":26,"level":"\u001b[33mwarn\u001b[39m","message":"Signal conflict detected:","newModule":"Settings","newSpecificity":26,"pattern":"string:settings_currencies_change","resolution":"existing wins","timestamp":"2025-09-17 22:19:49"}
{"existingModule":"Settings","existingSpecificity":12,"level":"\u001b[33mwarn\u001b[39m","message":"Signal conflict detected:","newModule":"Settings","newSpecificity":12,"pattern":"string:help_add_hex","resolution":"existing wins","timestamp":"2025-09-17 22:19:49"}
{"existingModule":"Checklists","existingSpecificity":23,"level":"\u001b[33mwarn\u001b[39m","message":"Signal conflict detected:","newModule":"Roles","newSpecificity":23,"pattern":"regex:back_to_role_(.+)","resolution":"existing wins","timestamp":"2025-09-17 22:19:49"}
{"existingModule":"Checklists","existingSpecificity":6,"level":"\u001b[33mwarn\u001b[39m","message":"Signal conflict detected:","newModule":"Quests","newSpecificity":6,"pattern":"regex:check_(.+)","resolution":"existing wins","timestamp":"2025-09-17 22:19:49"}
{"existingModule":"Checklists","existingSpecificity":12,"level":"\u001b[33mwarn\u001b[39m","message":"Signal conflict detected:","newModule":"Quests","newSpecificity":12,"pattern":"regex:add_item_to_(.+)","resolution":"existing wins","timestamp":"2025-09-17 22:19:49"}
{"existingModule":"Calendar","existingSpecificity":3,"level":"\u001b[33mwarn\u001b[39m","message":"Signal conflict detected:","newModule":"Calendar","newSpecificity":3,"pattern":"regex:n_(.+)_(?:--|\\+\\+|\\+|-|0)","resolution":"existing wins","timestamp":"2025-09-17 22:19:49"}
{"existingModule":"Quests","existingSpecificity":15,"level":"\u001b[33mwarn\u001b[39m","message":"Signal conflict detected:","newModule":"Scheduler","newSpecificity":15,"pattern":"regex:schedule_quest_(.+)","resolution":"existing wins","timestamp":"2025-09-17 22:19:49"}
{"level":"\u001b[32minfo\u001b[39m","message":"Starting HolonsBot with REFACTORED architecture","timestamp":"2025-09-17 22:20:04"}
{"appname":"Holons","level":"\u001b[32minfo\u001b[39m","message":"Starting HolonsBot initialization","timestamp":"2025-09-17 22:20:04"}
{"level":"\u001b[32minfo\u001b[39m","message":"Telegram bot initialized (not yet launched)","timestamp":"2025-09-17 22:20:04"}
{"level":"\u001b[32minfo\u001b[39m","message":"SignalManager initialized","timestamp":"2025-09-17 22:20:04"}
{"appname":"HolonsDebug","level":"\u001b[32minfo\u001b[39m","message":"Database initialized","timestamp":"2025-09-17 22:20:04"}
{"existingModule":"Settings","existingSpecificity":13,"level":"\u001b[33mwarn\u001b[39m","message":"Signal conflict detected:","newModule":"Settings","newSpecificity":13,"pattern":"regex:timezone_set_(.+)","resolution":"existing wins","timestamp":"2025-09-17 22:20:04"}
{"existingModule":"Settings","existingSpecificity":13,"level":"\u001b[33mwarn\u001b[39m","message":"Signal conflict detected:","newModule":"Settings","newSpecificity":13,"pattern":"string:settings_back","resolution":"existing wins","timestamp":"2025-09-17 22:20:04"}
{"existingModule":"Settings","existingSpecificity":22,"level":"\u001b[33mwarn\u001b[39m","message":"Signal conflict detected:","newModule":"Settings","newSpecificity":22,"pattern":"string:settings_values_change","resolution":"existing wins","timestamp":"2025-09-17 22:20:04"}
{"existingModule":"Settings","existingSpecificity":23,"level":"\u001b[33mwarn\u001b[39m","message":"Signal conflict detected:","newModule":"Settings","newSpecificity":23,"pattern":"string:settings_domains_change","resolution":"existing wins","timestamp":"2025-09-17 22:20:04"}
{"existingModule":"Settings","existingSpecificity":21,"level":"\u001b[33mwarn\u001b[39m","message":"Signal conflict detected:","newModule":"Settings","newSpecificity":21,"pattern":"string:settings_roles_change","resolution":"existing wins","timestamp":"2025-09-17 22:20:04"}
{"existingModule":"Settings","existingSpecificity":26,"level":"\u001b[33mwarn\u001b[39m","message":"Signal conflict detected:","newModule":"Settings","newSpecificity":26,"pattern":"string:settings_currencies_change","resolution":"existing wins","timestamp":"2025-09-17 22:20:04"}
{"existingModule":"Settings","existingSpecificity":14,"level":"\u001b[33mwarn\u001b[39m","message":"Signal conflict detected:","newModule":"Settings","newSpecificity":14,"pattern":"string:add_federation","resolution":"existing wins","timestamp":"2025-09-17 22:20:04"}
{"existingModule":"Settings","existingSpecificity":22,"level":"\u001b[33mwarn\u001b[39m","message":"Signal conflict detected:","newModule":"Settings","newSpecificity":22,"pattern":"string:settings_values_change","resolution":"existing wins","timestamp":"2025-09-17 22:20:04"}
{"existingModule":"Settings","existingSpecificity":23,"level":"\u001b[33mwarn\u001b[39m","message":"Signal conflict detected:","newModule":"Settings","newSpecificity":23,"pattern":"string:settings_domains_change","resolution":"existing wins","timestamp":"2025-09-17 22:20:04"}
{"existingModule":"Settings","existingSpecificity":21,"level":"\u001b[33mwarn\u001b[39m","message":"Signal conflict detected:","newModule":"Settings","newSpecificity":21,"pattern":"string:settings_roles_change","resolution":"existing wins","timestamp":"2025-09-17 22:20:04"}
{"existingModule":"Settings","existingSpecificity":26,"level":"\u001b[33mwarn\u001b[39m","message":"Signal conflict detected:","newModule":"Settings","newSpecificity":26,"pattern":"string:settings_currencies_change","resolution":"existing wins","timestamp":"2025-09-17 22:20:04"}
{"existingModule":"Settings","existingSpecificity":12,"level":"\u001b[33mwarn\u001b[39m","message":"Signal conflict detected:","newModule":"Settings","newSpecificity":12,"pattern":"string:help_add_hex","resolution":"existing wins","timestamp":"2025-09-17 22:20:04"}
{"existingModule":"Checklists","existingSpecificity":23,"level":"\u001b[33mwarn\u001b[39m","message":"Signal conflict detected:","newModule":"Roles","newSpecificity":23,"pattern":"regex:back_to_role_(.+)","resolution":"existing wins","timestamp":"2025-09-17 22:20:04"}
{"existingModule":"Checklists","existingSpecificity":6,"level":"\u001b[33mwarn\u001b[39m","message":"Signal conflict detected:","newModule":"Quests","newSpecificity":6,"pattern":"regex:check_(.+)","resolution":"existing wins","timestamp":"2025-09-17 22:20:04"}
{"existingModule":"Checklists","existingSpecificity":12,"level":"\u001b[33mwarn\u001b[39m","message":"Signal conflict detected:","newModule":"Quests","newSpecificity":12,"pattern":"regex:add_item_to_(.+)","resolution":"existing wins","timestamp":"2025-09-17 22:20:04"}
{"existingModule":"Calendar","existingSpecificity":3,"level":"\u001b[33mwarn\u001b[39m","message":"Signal conflict detected:","newModule":"Calendar","newSpecificity":3,"pattern":"regex:n_(.+)_(?:--|\\+\\+|\\+|-|0)","resolution":"existing wins","timestamp":"2025-09-17 22:20:04"}
{"existingModule":"Quests","existingSpecificity":15,"level":"\u001b[33mwarn\u001b[39m","message":"Signal conflict detected:","newModule":"Scheduler","newSpecificity":15,"pattern":"regex:schedule_quest_(.+)","resolution":"existing wins","timestamp":"2025-09-17 22:20:04"}
{"level":"\u001b[32minfo\u001b[39m","message":"Starting HolonsBot with REFACTORED architecture","timestamp":"2025-09-17 22:22:29"}
{"appname":"Holons","level":"\u001b[32minfo\u001b[39m","message":"Starting HolonsBot initialization","timestamp":"2025-09-17 22:22:29"}
{"level":"\u001b[32minfo\u001b[39m","message":"Telegram bot initialized (not yet launched)","timestamp":"2025-09-17 22:22:29"}
{"level":"\u001b[32minfo\u001b[39m","message":"SignalManager initialized","timestamp":"2025-09-17 22:22:29"}
{"appname":"HolonsDebug","level":"\u001b[32minfo\u001b[39m","message":"Database initialized","timestamp":"2025-09-17 22:22:29"}
{"existingModule":"Settings","existingSpecificity":13,"level":"\u001b[33mwarn\u001b[39m","message":"Signal conflict detected:","newModule":"Settings","newSpecificity":13,"pattern":"regex:timezone_set_(.+)","resolution":"existing wins","timestamp":"2025-09-17 22:22:29"}
{"existingModule":"Settings","existingSpecificity":13,"level":"\u001b[33mwarn\u001b[39m","message":"Signal conflict detected:","newModule":"Settings","newSpecificity":13,"pattern":"string:settings_back","resolution":"existing wins","timestamp":"2025-09-17 22:22:29"}
{"existingModule":"Settings","existingSpecificity":22,"level":"\u001b[33mwarn\u001b[39m","message":"Signal conflict detected:","newModule":"Settings","newSpecificity":22,"pattern":"string:settings_values_change","resolution":"existing wins","timestamp":"2025-09-17 22:22:29"}
{"existingModule":"Settings","existingSpecificity":23,"level":"\u001b[33mwarn\u001b[39m","message":"Signal conflict detected:","newModule":"Settings","newSpecificity":23,"pattern":"string:settings_domains_change","resolution":"existing wins","timestamp":"2025-09-17 22:22:29"}
{"existingModule":"Settings","existingSpecificity":21,"level":"\u001b[33mwarn\u001b[39m","message":"Signal conflict detected:","newModule":"Settings","newSpecificity":21,"pattern":"string:settings_roles_change","resolution":"existing wins","timestamp":"2025-09-17 22:22:29"}
{"existingModule":"Settings","existingSpecificity":26,"level":"\u001b[33mwarn\u001b[39m","message":"Signal conflict detected:","newModule":"Settings","newSpecificity":26,"pattern":"string:settings_currencies_change","resolution":"existing wins","timestamp":"2025-09-17 22:22:29"}
{"existingModule":"Settings","existingSpecificity":14,"level":"\u001b[33mwarn\u001b[39m","message":"Signal conflict detected:","newModule":"Settings","newSpecificity":14,"pattern":"string:add_federation","resolution":"existing wins","timestamp":"2025-09-17 22:22:29"}
{"existingModule":"Settings","existingSpecificity":22,"level":"\u001b[33mwarn\u001b[39m","message":"Signal conflict detected:","newModule":"Settings","newSpecificity":22,"pattern":"string:settings_values_change","resolution":"existing wins","timestamp":"2025-09-17 22:22:29"}
{"existingModule":"Settings","existingSpecificity":23,"level":"\u001b[33mwarn\u001b[39m","message":"Signal conflict detected:","newModule":"Settings","newSpecificity":23,"pattern":"string:settings_domains_change","resolution":"existing wins","timestamp":"2025-09-17 22:22:29"}
{"existingModule":"Settings","existingSpecificity":21,"level":"\u001b[33mwarn\u001b[39m","message":"Signal conflict detected:","newModule":"Settings","newSpecificity":21,"pattern":"string:settings_roles_change","resolution":"existing wins","timestamp":"2025-09-17 22:22:29"}
{"existingModule":"Settings","existingSpecificity":26,"level":"\u001b[33mwarn\u001b[39m","message":"Signal conflict detected:","newModule":"Settings","newSpecificity":26,"pattern":"string:settings_currencies_change","resolution":"existing wins","timestamp":"2025-09-17 22:22:29"}
{"existingModule":"Settings","existingSpecificity":12,"level":"\u001b[33mwarn\u001b[39m","message":"Signal conflict detected:","newModule":"Settings","newSpecificity":12,"pattern":"string:help_add_hex","resolution":"existing wins","timestamp":"2025-09-17 22:22:29"}
{"existingModule":"Checklists","existingSpecificity":23,"level":"\u001b[33mwarn\u001b[39m","message":"Signal conflict detected:","newModule":"Roles","newSpecificity":23,"pattern":"regex:back_to_role_(.+)","resolution":"existing wins","timestamp":"2025-09-17 22:22:30"}
{"existingModule":"Checklists","existingSpecificity":6,"level":"\u001b[33mwarn\u001b[39m","message":"Signal conflict detected:","newModule":"Quests","newSpecificity":6,"pattern":"regex:check_(.+)","resolution":"existing wins","timestamp":"2025-09-17 22:22:30"}
{"existingModule":"Checklists","existingSpecificity":12,"level":"\u001b[33mwarn\u001b[39m","message":"Signal conflict detected:","newModule":"Quests","newSpecificity":12,"pattern":"regex:add_item_to_(.+)","resolution":"existing wins","timestamp":"2025-09-17 22:22:30"}
{"existingModule":"Calendar","existingSpecificity":3,"level":"\u001b[33mwarn\u001b[39m","message":"Signal conflict detected:","newModule":"Calendar","newSpecificity":3,"pattern":"regex:n_(.+)_(?:--|\\+\\+|\\+|-|0)","resolution":"existing wins","timestamp":"2025-09-17 22:22:30"}
{"existingModule":"Quests","existingSpecificity":15,"level":"\u001b[33mwarn\u001b[39m","message":"Signal conflict detected:","newModule":"Scheduler","newSpecificity":15,"pattern":"regex:schedule_quest_(.+)","resolution":"existing wins","timestamp":"2025-09-17 22:22:30"}
{"level":"\u001b[32minfo\u001b[39m","message":"Starting HolonsBot with REFACTORED architecture","timestamp":"2025-09-17 22:22:40"}
{"appname":"Holons","level":"\u001b[32minfo\u001b[39m","message":"Starting HolonsBot initialization","timestamp":"2025-09-17 22:22:41"}
{"level":"\u001b[32minfo\u001b[39m","message":"Telegram bot initialized (not yet launched)","timestamp":"2025-09-17 22:22:41"}
{"level":"\u001b[32minfo\u001b[39m","message":"SignalManager initialized","timestamp":"2025-09-17 22:22:41"}
{"appname":"HolonsDebug","level":"\u001b[32minfo\u001b[39m","message":"Database initialized","timestamp":"2025-09-17 22:22:41"}
{"existingModule":"Settings","existingSpecificity":13,"level":"\u001b[33mwarn\u001b[39m","message":"Signal conflict detected:","newModule":"Settings","newSpecificity":13,"pattern":"regex:timezone_set_(.+)","resolution":"existing wins","timestamp":"2025-09-17 22:22:41"}
{"existingModule":"Settings","existingSpecificity":13,"level":"\u001b[33mwarn\u001b[39m","message":"Signal conflict detected:","newModule":"Settings","newSpecificity":13,"pattern":"string:settings_back","resolution":"existing wins","timestamp":"2025-09-17 22:22:41"}
{"existingModule":"Settings","existingSpecificity":22,"level":"\u001b[33mwarn\u001b[39m","message":"Signal conflict detected:","newModule":"Settings","newSpecificity":22,"pattern":"string:settings_values_change","resolution":"existing wins","timestamp":"2025-09-17 22:22:41"}
{"existingModule":"Settings","existingSpecificity":23,"level":"\u001b[33mwarn\u001b[39m","message":"Signal conflict detected:","newModule":"Settings","newSpecificity":23,"pattern":"string:settings_domains_change","resolution":"existing wins","timestamp":"2025-09-17 22:22:41"}
{"existingModule":"Settings","existingSpecificity":21,"level":"\u001b[33mwarn\u001b[39m","message":"Signal conflict detected:","newModule":"Settings","newSpecificity":21,"pattern":"string:settings_roles_change","resolution":"existing wins","timestamp":"2025-09-17 22:22:41"}
{"existingModule":"Settings","existingSpecificity":26,"level":"\u001b[33mwarn\u001b[39m","message":"Signal conflict detected:","newModule":"Settings","newSpecificity":26,"pattern":"string:settings_currencies_change","resolution":"existing wins","timestamp":"2025-09-17 22:22:41"}
{"existingModule":"Settings","existingSpecificity":14,"level":"\u001b[33mwarn\u001b[39m","message":"Signal conflict detected:","newModule":"Settings","newSpecificity":14,"pattern":"string:add_federation","resolution":"existing wins","timestamp":"2025-09-17 22:22:41"}
{"existingModule":"Settings","existingSpecificity":22,"level":"\u001b[33mwarn\u001b[39m","message":"Signal conflict detected:","newModule":"Settings","newSpecificity":22,"pattern":"string:settings_values_change","resolution":"existing wins","timestamp":"2025-09-17 22:22:41"}
{"existingModule":"Settings","existingSpecificity":23,"level":"\u001b[33mwarn\u001b[39m","message":"Signal conflict detected:","newModule":"Settings","newSpecificity":23,"pattern":"string:settings_domains_change","resolution":"existing wins","timestamp":"2025-09-17 22:22:41"}
{"existingModule":"Settings","existingSpecificity":21,"level":"\u001b[33mwarn\u001b[39m","message":"Signal conflict detected:","newModule":"Settings","newSpecificity":21,"pattern":"string:settings_roles_change","resolution":"existing wins","timestamp":"2025-09-17 22:22:41"}
{"existingModule":"Settings","existingSpecificity":26,"level":"\u001b[33mwarn\u001b[39m","message":"Signal conflict detected:","newModule":"Settings","newSpecificity":26,"pattern":"string:settings_currencies_change","resolution":"existing wins","timestamp":"2025-09-17 22:22:41"}
{"existingModule":"Settings","existingSpecificity":12,"level":"\u001b[33mwarn\u001b[39m","message":"Signal conflict detected:","newModule":"Settings","newSpecificity":12,"pattern":"string:help_add_hex","resolution":"existing wins","timestamp":"2025-09-17 22:22:41"}
{"existingModule":"Checklists","existingSpecificity":23,"level":"\u001b[33mwarn\u001b[39m","message":"Signal conflict detected:","newModule":"Roles","newSpecificity":23,"pattern":"regex:back_to_role_(.+)","resolution":"existing wins","timestamp":"2025-09-17 22:22:41"}
{"existingModule":"Checklists","existingSpecificity":6,"level":"\u001b[33mwarn\u001b[39m","message":"Signal conflict detected:","newModule":"Quests","newSpecificity":6,"pattern":"regex:check_(.+)","resolution":"existing wins","timestamp":"2025-09-17 22:22:41"}
{"existingModule":"Checklists","existingSpecificity":12,"level":"\u001b[33mwarn\u001b[39m","message":"Signal conflict detected:","newModule":"Quests","newSpecificity":12,"pattern":"regex:add_item_to_(.+)","resolution":"existing wins","timestamp":"2025-09-17 22:22:41"}
{"existingModule":"Calendar","existingSpecificity":3,"level":"\u001b[33mwarn\u001b[39m","message":"Signal conflict detected:","newModule":"Calendar","newSpecificity":3,"pattern":"regex:n_(.+)_(?:--|\\+\\+|\\+|-|0)","resolution":"existing wins","timestamp":"2025-09-17 22:22:41"}
{"existingModule":"Quests","existingSpecificity":15,"level":"\u001b[33mwarn\u001b[39m","message":"Signal conflict detected:","newModule":"Scheduler","newSpecificity":15,"pattern":"regex:schedule_quest_(.+)","resolution":"existing wins","timestamp":"2025-09-17 22:22:41"}
{"level":"\u001b[32minfo\u001b[39m","message":"Starting HolonsBot with REFACTORED architecture","timestamp":"2025-09-17 22:22:59"}
{"appname":"Holons","level":"\u001b[32minfo\u001b[39m","message":"Starting HolonsBot initialization","timestamp":"2025-09-17 22:22:59"}
{"level":"\u001b[32minfo\u001b[39m","message":"Telegram bot initialized (not yet launched)","timestamp":"2025-09-17 22:22:59"}
{"level":"\u001b[32minfo\u001b[39m","message":"SignalManager initialized","timestamp":"2025-09-17 22:22:59"}
{"appname":"HolonsDebug","level":"\u001b[32minfo\u001b[39m","message":"Database initialized","timestamp":"2025-09-17 22:22:59"}
{"existingModule":"Settings","existingSpecificity":13,"level":"\u001b[33mwarn\u001b[39m","message":"Signal conflict detected:","newModule":"Settings","newSpecificity":13,"pattern":"regex:timezone_set_(.+)","resolution":"existing wins","timestamp":"2025-09-17 22:22:59"}
{"existingModule":"Settings","existingSpecificity":13,"level":"\u001b[33mwarn\u001b[39m","message":"Signal conflict detected:","newModule":"Settings","newSpecificity":13,"pattern":"string:settings_back","resolution":"existing wins","timestamp":"2025-09-17 22:22:59"}
{"existingModule":"Settings","existingSpecificity":22,"level":"\u001b[33mwarn\u001b[39m","message":"Signal conflict detected:","newModule":"Settings","newSpecificity":22,"pattern":"string:settings_values_change","resolution":"existing wins","timestamp":"2025-09-17 22:22:59"}
{"existingModule":"Settings","existingSpecificity":23,"level":"\u001b[33mwarn\u001b[39m","message":"Signal conflict detected:","newModule":"Settings","newSpecificity":23,"pattern":"string:settings_domains_change","resolution":"existing wins","timestamp":"2025-09-17 22:22:59"}
{"existingModule":"Settings","existingSpecificity":21,"level":"\u001b[33mwarn\u001b[39m","message":"Signal conflict detected:","newModule":"Settings","newSpecificity":21,"pattern":"string:settings_roles_change","resolution":"existing wins","timestamp":"2025-09-17 22:22:59"}
{"existingModule":"Settings","existingSpecificity":26,"level":"\u001b[33mwarn\u001b[39m","message":"Signal conflict detected:","newModule":"Settings","newSpecificity":26,"pattern":"string:settings_currencies_change","resolution":"existing wins","timestamp":"2025-09-17 22:22:59"}
{"existingModule":"Settings","existingSpecificity":14,"level":"\u001b[33mwarn\u001b[39m","message":"Signal conflict detected:","newModule":"Settings","newSpecificity":14,"pattern":"string:add_federation","resolution":"existing wins","timestamp":"2025-09-17 22:22:59"}
{"existingModule":"Settings","existingSpecificity":22,"level":"\u001b[33mwarn\u001b[39m","message":"Signal conflict detected:","newModule":"Settings","newSpecificity":22,"pattern":"string:settings_values_change","resolution":"existing wins","timestamp":"2025-09-17 22:22:59"}
{"existingModule":"Settings","existingSpecificity":23,"level":"\u001b[33mwarn\u001b[39m","message":"Signal conflict detected:","newModule":"Settings","newSpecificity":23,"pattern":"string:settings_domains_change","resolution":"existing wins","timestamp":"2025-09-17 22:22:59"}
{"existingModule":"Settings","existingSpecificity":21,"level":"\u001b[33mwarn\u001b[39m","message":"Signal conflict detected:","newModule":"Settings","newSpecificity":21,"pattern":"string:settings_roles_change","resolution":"existing wins","timestamp":"2025-09-17 22:22:59"}
{"existingModule":"Settings","existingSpecificity":26,"level":"\u001b[33mwarn\u001b[39m","message":"Signal conflict detected:","newModule":"Settings","newSpecificity":26,"pattern":"string:settings_currencies_change","resolution":"existing wins","timestamp":"2025-09-17 22:22:59"}
{"existingModule":"Settings","existingSpecificity":12,"level":"\u001b[33mwarn\u001b[39m","message":"Signal conflict detected:","newModule":"Settings","newSpecificity":12,"pattern":"string:help_add_hex","resolution":"existing wins","timestamp":"2025-09-17 22:22:59"}
{"existingModule":"Checklists","existingSpecificity":23,"level":"\u001b[33mwarn\u001b[39m","message":"Signal conflict detected:","newModule":"Roles","newSpecificity":23,"pattern":"regex:back_to_role_(.+)","resolution":"existing wins","timestamp":"2025-09-17 22:23:00"}
{"existingModule":"Checklists","existingSpecificity":6,"level":"\u001b[33mwarn\u001b[39m","message":"Signal conflict detected:","newModule":"Quests","newSpecificity":6,"pattern":"regex:check_(.+)","resolution":"existing wins","timestamp":"2025-09-17 22:23:00"}
{"existingModule":"Checklists","existingSpecificity":12,"level":"\u001b[33mwarn\u001b[39m","message":"Signal conflict detected:","newModule":"Quests","newSpecificity":12,"pattern":"regex:add_item_to_(.+)","resolution":"existing wins","timestamp":"2025-09-17 22:23:00"}
{"existingModule":"Calendar","existingSpecificity":3,"level":"\u001b[33mwarn\u001b[39m","message":"Signal conflict detected:","newModule":"Calendar","newSpecificity":3,"pattern":"regex:n_(.+)_(?:--|\\+\\+|\\+|-|0)","resolution":"existing wins","timestamp":"2025-09-17 22:23:00"}
{"existingModule":"Quests","existingSpecificity":15,"level":"\u001b[33mwarn\u001b[39m","message":"Signal conflict detected:","newModule":"Scheduler","newSpecificity":15,"pattern":"regex:schedule_quest_(.+)","resolution":"existing wins","timestamp":"2025-09-17 22:23:00"}
{"level":"\u001b[32minfo\u001b[39m","message":"Starting HolonsBot with REFACTORED architecture","timestamp":"2025-09-17 22:23:19"}
{"appname":"Holons","level":"\u001b[32minfo\u001b[39m","message":"Starting HolonsBot initialization","timestamp":"2025-09-17 22:23:19"}
{"level":"\u001b[32minfo\u001b[39m","message":"Telegram bot initialized (not yet launched)","timestamp":"2025-09-17 22:23:19"}
{"level":"\u001b[32minfo\u001b[39m","message":"SignalManager initialized","timestamp":"2025-09-17 22:23:19"}
{"appname":"HolonsDebug","level":"\u001b[32minfo\u001b[39m","message":"Database initialized","timestamp":"2025-09-17 22:23:19"}
{"existingModule":"Settings","existingSpecificity":13,"level":"\u001b[33mwarn\u001b[39m","message":"Signal conflict detected:","newModule":"Settings","newSpecificity":13,"pattern":"regex:timezone_set_(.+)","resolution":"existing wins","timestamp":"2025-09-17 22:23:19"}
{"existingModule":"Settings","existingSpecificity":13,"level":"\u001b[33mwarn\u001b[39m","message":"Signal conflict detected:","newModule":"Settings","newSpecificity":13,"pattern":"string:settings_back","resolution":"existing wins","timestamp":"2025-09-17 22:23:19"}
{"existingModule":"Settings","existingSpecificity":22,"level":"\u001b[33mwarn\u001b[39m","message":"Signal conflict detected:","newModule":"Settings","newSpecificity":22,"pattern":"string:settings_values_change","resolution":"existing wins","timestamp":"2025-09-17 22:23:19"}
{"existingModule":"Settings","existingSpecificity":23,"level":"\u001b[33mwarn\u001b[39m","message":"Signal conflict detected:","newModule":"Settings","newSpecificity":23,"pattern":"string:settings_domains_change","resolution":"existing wins","timestamp":"2025-09-17 22:23:19"}
{"existingModule":"Settings","existingSpecificity":21,"level":"\u001b[33mwarn\u001b[39m","message":"Signal conflict detected:","newModule":"Settings","newSpecificity":21,"pattern":"string:settings_roles_change","resolution":"existing wins","timestamp":"2025-09-17 22:23:19"}
{"existingModule":"Settings","existingSpecificity":26,"level":"\u001b[33mwarn\u001b[39m","message":"Signal conflict detected:","newModule":"Settings","newSpecificity":26,"pattern":"string:settings_currencies_change","resolution":"existing wins","timestamp":"2025-09-17 22:23:19"}
{"existingModule":"Settings","existingSpecificity":14,"level":"\u001b[33mwarn\u001b[39m","message":"Signal conflict detected:","newModule":"Settings","newSpecificity":14,"pattern":"string:add_federation","resolution":"existing wins","timestamp":"2025-09-17 22:23:19"}
{"existingModule":"Settings","existingSpecificity":22,"level":"\u001b[33mwarn\u001b[39m","message":"Signal conflict detected:","newModule":"Settings","newSpecificity":22,"pattern":"string:settings_values_change","resolution":"existing wins","timestamp":"2025-09-17 22:23:19"}
{"existingModule":"Settings","existingSpecificity":23,"level":"\u001b[33mwarn\u001b[39m","message":"Signal conflict detected:","newModule":"Settings","newSpecificity":23,"pattern":"string:settings_domains_change","resolution":"existing wins","timestamp":"2025-09-17 22:23:19"}
{"existingModule":"Settings","existingSpecificity":21,"level":"\u001b[33mwarn\u001b[39m","message":"Signal conflict detected:","newModule":"Settings","newSpecificity":21,"pattern":"string:settings_roles_change","resolution":"existing wins","timestamp":"2025-09-17 22:23:19"}
{"existingModule":"Settings","existingSpecificity":26,"level":"\u001b[33mwarn\u001b[39m","message":"Signal conflict detected:","newModule":"Settings","newSpecificity":26,"pattern":"string:settings_currencies_change","resolution":"existing wins","timestamp":"2025-09-17 22:23:19"}
{"existingModule":"Settings","existingSpecificity":12,"level":"\u001b[33mwarn\u001b[39m","message":"Signal conflict detected:","newModule":"Settings","newSpecificity":12,"pattern":"string:help_add_hex","resolution":"existing wins","timestamp":"2025-09-17 22:23:19"}
{"existingModule":"Checklists","existingSpecificity":23,"level":"\u001b[33mwarn\u001b[39m","message":"Signal conflict detected:","newModule":"Roles","newSpecificity":23,"pattern":"regex:back_to_role_(.+)","resolution":"existing wins","timestamp":"2025-09-17 22:23:20"}
{"existingModule":"Checklists","existingSpecificity":6,"level":"\u001b[33mwarn\u001b[39m","message":"Signal conflict detected:","newModule":"Quests","newSpecificity":6,"pattern":"regex:check_(.+)","resolution":"existing wins","timestamp":"2025-09-17 22:23:20"}
{"existingModule":"Checklists","existingSpecificity":12,"level":"\u001b[33mwarn\u001b[39m","message":"Signal conflict detected:","newModule":"Quests","newSpecificity":12,"pattern":"regex:add_item_to_(.+)","resolution":"existing wins","timestamp":"2025-09-17 22:23:20"}
{"existingModule":"Calendar","existingSpecificity":3,"level":"\u001b[33mwarn\u001b[39m","message":"Signal conflict detected:","newModule":"Calendar","newSpecificity":3,"pattern":"regex:n_(.+)_(?:--|\\+\\+|\\+|-|0)","resolution":"existing wins","timestamp":"2025-09-17 22:23:20"}
{"existingModule":"Quests","existingSpecificity":15,"level":"\u001b[33mwarn\u001b[39m","message":"Signal conflict detected:","newModule":"Scheduler","newSpecificity":15,"pattern":"regex:schedule_quest_(.+)","resolution":"existing wins","timestamp":"2025-09-17 22:23:20"}
{"level":"\u001b[32minfo\u001b[39m","message":"Starting HolonsBot with REFACTORED architecture","timestamp":"2025-09-17 22:23:24"}
{"appname":"Holons","level":"\u001b[32minfo\u001b[39m","message":"Starting HolonsBot initialization","timestamp":"2025-09-17 22:23:25"}
{"level":"\u001b[32minfo\u001b[39m","message":"Telegram bot initialized (not yet launched)","timestamp":"2025-09-17 22:23:25"}
{"level":"\u001b[32minfo\u001b[39m","message":"SignalManager initialized","timestamp":"2025-09-17 22:23:25"}
{"appname":"HolonsDebug","level":"\u001b[32minfo\u001b[39m","message":"Database initialized","timestamp":"2025-09-17 22:23:25"}
{"existingModule":"Settings","existingSpecificity":13,"level":"\u001b[33mwarn\u001b[39m","message":"Signal conflict detected:","newModule":"Settings","newSpecificity":13,"pattern":"regex:timezone_set_(.+)","resolution":"existing wins","timestamp":"2025-09-17 22:23:25"}
{"existingModule":"Settings","existingSpecificity":13,"level":"\u001b[33mwarn\u001b[39m","message":"Signal conflict detected:","newModule":"Settings","newSpecificity":13,"pattern":"string:settings_back","resolution":"existing wins","timestamp":"2025-09-17 22:23:25"}
{"existingModule":"Settings","existingSpecificity":22,"level":"\u001b[33mwarn\u001b[39m","message":"Signal conflict detected:","newModule":"Settings","newSpecificity":22,"pattern":"string:settings_values_change","resolution":"existing wins","timestamp":"2025-09-17 22:23:25"}
{"existingModule":"Settings","existingSpecificity":23,"level":"\u001b[33mwarn\u001b[39m","message":"Signal conflict detected:","newModule":"Settings","newSpecificity":23,"pattern":"string:settings_domains_change","resolution":"existing wins","timestamp":"2025-09-17 22:23:25"}
{"existingModule":"Settings","existingSpecificity":21,"level":"\u001b[33mwarn\u001b[39m","message":"Signal conflict detected:","newModule":"Settings","newSpecificity":21,"pattern":"string:settings_roles_change","resolution":"existing wins","timestamp":"2025-09-17 22:23:25"}
{"existingModule":"Settings","existingSpecificity":26,"level":"\u001b[33mwarn\u001b[39m","message":"Signal conflict detected:","newModule":"Settings","newSpecificity":26,"pattern":"string:settings_currencies_change","resolution":"existing wins","timestamp":"2025-09-17 22:23:25"}
{"existingModule":"Settings","existingSpecificity":14,"level":"\u001b[33mwarn\u001b[39m","message":"Signal conflict detected:","newModule":"Settings","newSpecificity":14,"pattern":"string:add_federation","resolution":"existing wins","timestamp":"2025-09-17 22:23:25"}
{"existingModule":"Settings","existingSpecificity":22,"level":"\u001b[33mwarn\u001b[39m","message":"Signal conflict detected:","newModule":"Settings","newSpecificity":22,"pattern":"string:settings_values_change","resolution":"existing wins","timestamp":"2025-09-17 22:23:25"}
{"existingModule":"Settings","existingSpecificity":23,"level":"\u001b[33mwarn\u001b[39m","message":"Signal conflict detected:","newModule":"Settings","newSpecificity":23,"pattern":"string:settings_domains_change","resolution":"existing wins","timestamp":"2025-09-17 22:23:25"}
{"existingModule":"Settings","existingSpecificity":21,"level":"\u001b[33mwarn\u001b[39m","message":"Signal conflict detected:","newModule":"Settings","newSpecificity":21,"pattern":"string:settings_roles_change","resolution":"existing wins","timestamp":"2025-09-17 22:23:25"}
{"existingModule":"Settings","existingSpecificity":26,"level":"\u001b[33mwarn\u001b[39m","message":"Signal conflict detected:","newModule":"Settings","newSpecificity":26,"pattern":"string:settings_currencies_change","resolution":"existing wins","timestamp":"2025-09-17 22:23:25"}
{"existingModule":"Settings","existingSpecificity":12,"level":"\u001b[33mwarn\u001b[39m","message":"Signal conflict detected:","newModule":"Settings","newSpecificity":12,"pattern":"string:help_add_hex","resolution":"existing wins","timestamp":"2025-09-17 22:23:25"}
{"existingModule":"Checklists","existingSpecificity":23,"level":"\u001b[33mwarn\u001b[39m","message":"Signal conflict detected:","newModule":"Roles","newSpecificity":23,"pattern":"regex:back_to_role_(.+)","resolution":"existing wins","timestamp":"2025-09-17 22:23:25"}
{"existingModule":"Checklists","existingSpecificity":6,"level":"\u001b[33mwarn\u001b[39m","message":"Signal conflict detected:","newModule":"Quests","newSpecificity":6,"pattern":"regex:check_(.+)","resolution":"existing wins","timestamp":"2025-09-17 22:23:25"}
{"existingModule":"Checklists","existingSpecificity":12,"level":"\u001b[33mwarn\u001b[39m","message":"Signal conflict detected:","newModule":"Quests","newSpecificity":12,"pattern":"regex:add_item_to_(.+)","resolution":"existing wins","timestamp":"2025-09-17 22:23:25"}
{"existingModule":"Calendar","existingSpecificity":3,"level":"\u001b[33mwarn\u001b[39m","message":"Signal conflict detected:","newModule":"Calendar","newSpecificity":3,"pattern":"regex:n_(.+)_(?:--|\\+\\+|\\+|-|0)","resolution":"existing wins","timestamp":"2025-09-17 22:23:25"}
{"existingModule":"Quests","existingSpecificity":15,"level":"\u001b[33mwarn\u001b[39m","message":"Signal conflict detected:","newModule":"Scheduler","newSpecificity":15,"pattern":"regex:schedule_quest_(.+)","resolution":"existing wins","timestamp":"2025-09-17 22:23:25"}
{"level":"\u001b[32minfo\u001b[39m","message":"Starting HolonsBot with REFACTORED architecture","timestamp":"2025-09-17 22:23:44"}
{"appname":"Holons","level":"\u001b[32minfo\u001b[39m","message":"Starting HolonsBot initialization","timestamp":"2025-09-17 22:23:44"}
{"level":"\u001b[32minfo\u001b[39m","message":"Telegram bot initialized (not yet launched)","timestamp":"2025-09-17 22:23:44"}
{"level":"\u001b[32minfo\u001b[39m","message":"SignalManager initialized","timestamp":"2025-09-17 22:23:44"}
{"appname":"HolonsDebug","level":"\u001b[32minfo\u001b[39m","message":"Database initialized","timestamp":"2025-09-17 22:23:44"}
{"existingModule":"Settings","existingSpecificity":13,"level":"\u001b[33mwarn\u001b[39m","message":"Signal conflict detected:","newModule":"Settings","newSpecificity":13,"pattern":"regex:timezone_set_(.+)","resolution":"existing wins","timestamp":"2025-09-17 22:23:44"}
{"existingModule":"Settings","existingSpecificity":13,"level":"\u001b[33mwarn\u001b[39m","message":"Signal conflict detected:","newModule":"Settings","newSpecificity":13,"pattern":"string:settings_back","resolution":"existing wins","timestamp":"2025-09-17 22:23:44"}
{"existingModule":"Settings","existingSpecificity":22,"level":"\u001b[33mwarn\u001b[39m","message":"Signal conflict detected:","newModule":"Settings","newSpecificity":22,"pattern":"string:settings_values_change","resolution":"existing wins","timestamp":"2025-09-17 22:23:44"}
{"existingModule":"Settings","existingSpecificity":23,"level":"\u001b[33mwarn\u001b[39m","message":"Signal conflict detected:","newModule":"Settings","newSpecificity":23,"pattern":"string:settings_domains_change","resolution":"existing wins","timestamp":"2025-09-17 22:23:44"}
{"existingModule":"Settings","existingSpecificity":21,"level":"\u001b[33mwarn\u001b[39m","message":"Signal conflict detected:","newModule":"Settings","newSpecificity":21,"pattern":"string:settings_roles_change","resolution":"existing wins","timestamp":"2025-09-17 22:23:44"}
{"existingModule":"Settings","existingSpecificity":26,"level":"\u001b[33mwarn\u001b[39m","message":"Signal conflict detected:","newModule":"Settings","newSpecificity":26,"pattern":"string:settings_currencies_change","resolution":"existing wins","timestamp":"2025-09-17 22:23:44"}
{"existingModule":"Settings","existingSpecificity":14,"level":"\u001b[33mwarn\u001b[39m","message":"Signal conflict detected:","newModule":"Settings","newSpecificity":14,"pattern":"string:add_federation","resolution":"existing wins","timestamp":"2025-09-17 22:23:44"}
{"existingModule":"Settings","existingSpecificity":22,"level":"\u001b[33mwarn\u001b[39m","message":"Signal conflict detected:","newModule":"Settings","newSpecificity":22,"pattern":"string:settings_values_change","resolution":"existing wins","timestamp":"2025-09-17 22:23:44"}
{"existingModule":"Settings","existingSpecificity":23,"level":"\u001b[33mwarn\u001b[39m","message":"Signal conflict detected:","newModule":"Settings","newSpecificity":23,"pattern":"string:settings_domains_change","resolution":"existing wins","timestamp":"2025-09-17 22:23:44"}
{"existingModule":"Settings","existingSpecificity":21,"level":"\u001b[33mwarn\u001b[39m","message":"Signal conflict detected:","newModule":"Settings","newSpecificity":21,"pattern":"string:settings_roles_change","resolution":"existing wins","timestamp":"2025-09-17 22:23:44"}
{"existingModule":"Settings","existingSpecificity":26,"level":"\u001b[33mwarn\u001b[39m","message":"Signal conflict detected:","newModule":"Settings","newSpecificity":26,"pattern":"string:settings_currencies_change","resolution":"existing wins","timestamp":"2025-09-17 22:23:44"}
{"existingModule":"Settings","existingSpecificity":12,"level":"\u001b[33mwarn\u001b[39m","message":"Signal conflict detected:","newModule":"Settings","newSpecificity":12,"pattern":"string:help_add_hex","resolution":"existing wins","timestamp":"2025-09-17 22:23:44"}
{"existingModule":"Checklists","existingSpecificity":23,"level":"\u001b[33mwarn\u001b[39m","message":"Signal conflict detected:","newModule":"Roles","newSpecificity":23,"pattern":"regex:back_to_role_(.+)","resolution":"existing wins","timestamp":"2025-09-17 22:23:45"}
{"existingModule":"Checklists","existingSpecificity":6,"level":"\u001b[33mwarn\u001b[39m","message":"Signal conflict detected:","newModule":"Quests","newSpecificity":6,"pattern":"regex:check_(.+)","resolution":"existing wins","timestamp":"2025-09-17 22:23:45"}
{"existingModule":"Checklists","existingSpecificity":12,"level":"\u001b[33mwarn\u001b[39m","message":"Signal conflict detected:","newModule":"Quests","newSpecificity":12,"pattern":"regex:add_item_to_(.+)","resolution":"existing wins","timestamp":"2025-09-17 22:23:45"}
{"existingModule":"Calendar","existingSpecificity":3,"level":"\u001b[33mwarn\u001b[39m","message":"Signal conflict detected:","newModule":"Calendar","newSpecificity":3,"pattern":"regex:n_(.+)_(?:--|\\+\\+|\\+|-|0)","resolution":"existing wins","timestamp":"2025-09-17 22:23:45"}
{"existingModule":"Quests","existingSpecificity":15,"level":"\u001b[33mwarn\u001b[39m","message":"Signal conflict detected:","newModule":"Scheduler","newSpecificity":15,"pattern":"regex:schedule_quest_(.+)","resolution":"existing wins","timestamp":"2025-09-17 22:23:45"}
{"level":"\u001b[32minfo\u001b[39m","message":"Starting HolonsBot with REFACTORED architecture","timestamp":"2025-09-17 22:23:49"}
{"appname":"Holons","level":"\u001b[32minfo\u001b[39m","message":"Starting HolonsBot initialization","timestamp":"2025-09-17 22:23:50"}
{"level":"\u001b[32minfo\u001b[39m","message":"Telegram bot initialized (not yet launched)","timestamp":"2025-09-17 22:23:50"}
{"level":"\u001b[32minfo\u001b[39m","message":"SignalManager initialized","timestamp":"2025-09-17 22:23:50"}
{"appname":"HolonsDebug","level":"\u001b[32minfo\u001b[39m","message":"Database initialized","timestamp":"2025-09-17 22:23:50"}
{"existingModule":"Settings","existingSpecificity":13,"level":"\u001b[33mwarn\u001b[39m","message":"Signal conflict detected:","newModule":"Settings","newSpecificity":13,"pattern":"regex:timezone_set_(.+)","resolution":"existing wins","timestamp":"2025-09-17 22:23:50"}
{"existingModule":"Settings","existingSpecificity":13,"level":"\u001b[33mwarn\u001b[39m","message":"Signal conflict detected:","newModule":"Settings","newSpecificity":13,"pattern":"string:settings_back","resolution":"existing wins","timestamp":"2025-09-17 22:23:50"}
{"existingModule":"Settings","existingSpecificity":22,"level":"\u001b[33mwarn\u001b[39m","message":"Signal conflict detected:","newModule":"Settings","newSpecificity":22,"pattern":"string:settings_values_change","resolution":"existing wins","timestamp":"2025-09-17 22:23:50"}
{"existingModule":"Settings","existingSpecificity":23,"level":"\u001b[33mwarn\u001b[39m","message":"Signal conflict detected:","newModule":"Settings","newSpecificity":23,"pattern":"string:settings_domains_change","resolution":"existing wins","timestamp":"2025-09-17 22:23:50"}
{"existingModule":"Settings","existingSpecificity":21,"level":"\u001b[33mwarn\u001b[39m","message":"Signal conflict detected:","newModule":"Settings","newSpecificity":21,"pattern":"string:settings_roles_change","resolution":"existing wins","timestamp":"2025-09-17 22:23:50"}
{"existingModule":"Settings","existingSpecificity":26,"level":"\u001b[33mwarn\u001b[39m","message":"Signal conflict detected:","newModule":"Settings","newSpecificity":26,"pattern":"string:settings_currencies_change","resolution":"existing wins","timestamp":"2025-09-17 22:23:50"}
{"existingModule":"Settings","existingSpecificity":14,"level":"\u001b[33mwarn\u001b[39m","message":"Signal conflict detected:","newModule":"Settings","newSpecificity":14,"pattern":"string:add_federation","resolution":"existing wins","timestamp":"2025-09-17 22:23:50"}
{"existingModule":"Settings","existingSpecificity":22,"level":"\u001b[33mwarn\u001b[39m","message":"Signal conflict detected:","newModule":"Settings","newSpecificity":22,"pattern":"string:settings_values_change","resolution":"existing wins","timestamp":"2025-09-17 22:23:50"}
{"existingModule":"Settings","existingSpecificity":23,"level":"\u001b[33mwarn\u001b[39m","message":"Signal conflict detected:","newModule":"Settings","newSpecificity":23,"pattern":"string:settings_domains_change","resolution":"existing wins","timestamp":"2025-09-17 22:23:50"}
{"existingModule":"Settings","existingSpecificity":21,"level":"\u001b[33mwarn\u001b[39m","message":"Signal conflict detected:","newModule":"Settings","newSpecificity":21,"pattern":"string:settings_roles_change","resolution":"existing wins","timestamp":"2025-09-17 22:23:50"}
{"existingModule":"Settings","existingSpecificity":26,"level":"\u001b[33mwarn\u001b[39m","message":"Signal conflict detected:","newModule":"Settings","newSpecificity":26,"pattern":"string:settings_currencies_change","resolution":"existing wins","timestamp":"2025-09-17 22:23:50"}
{"existingModule":"Settings","existingSpecificity":12,"level":"\u001b[33mwarn\u001b[39m","message":"Signal conflict detected:","newModule":"Settings","newSpecificity":12,"pattern":"string:help_add_hex","resolution":"existing wins","timestamp":"2025-09-17 22:23:50"}
{"existingModule":"Checklists","existingSpecificity":23,"level":"\u001b[33mwarn\u001b[39m","message":"Signal conflict detected:","newModule":"Roles","newSpecificity":23,"pattern":"regex:back_to_role_(.+)","resolution":"existing wins","timestamp":"2025-09-17 22:23:50"}
{"existingModule":"Checklists","existingSpecificity":6,"level":"\u001b[33mwarn\u001b[39m","message":"Signal conflict detected:","newModule":"Quests","newSpecificity":6,"pattern":"regex:check_(.+)","resolution":"existing wins","timestamp":"2025-09-17 22:23:50"}
{"existingModule":"Checklists","existingSpecificity":12,"level":"\u001b[33mwarn\u001b[39m","message":"Signal conflict detected:","newModule":"Quests","newSpecificity":12,"pattern":"regex:add_item_to_(.+)","resolution":"existing wins","timestamp":"2025-09-17 22:23:50"}
{"existingModule":"Calendar","existingSpecificity":3,"level":"\u001b[33mwarn\u001b[39m","message":"Signal conflict detected:","newModule":"Calendar","newSpecificity":3,"pattern":"regex:n_(.+)_(?:--|\\+\\+|\\+|-|0)","resolution":"existing wins","timestamp":"2025-09-17 22:23:50"}
{"existingModule":"Quests","existingSpecificity":15,"level":"\u001b[33mwarn\u001b[39m","message":"Signal conflict detected:","newModule":"Scheduler","newSpecificity":15,"pattern":"regex:schedule_quest_(.+)","resolution":"existing wins","timestamp":"2025-09-17 22:23:50"}
{"level":"\u001b[32minfo\u001b[39m","message":"Starting HolonsBot with REFACTORED architecture","timestamp":"2025-09-17 22:23:55"}
{"appname":"Holons","level":"\u001b[32minfo\u001b[39m","message":"Starting HolonsBot initialization","timestamp":"2025-09-17 22:23:55"}
{"level":"\u001b[32minfo\u001b[39m","message":"Telegram bot initialized (not yet launched)","timestamp":"2025-09-17 22:23:55"}
{"level":"\u001b[32minfo\u001b[39m","message":"SignalManager initialized","timestamp":"2025-09-17 22:23:55"}
{"appname":"HolonsDebug","level":"\u001b[32minfo\u001b[39m","message":"Database initialized","timestamp":"2025-09-17 22:23:55"}
{"existingModule":"Settings","existingSpecificity":13,"level":"\u001b[33mwarn\u001b[39m","message":"Signal conflict detected:","newModule":"Settings","newSpecificity":13,"pattern":"regex:timezone_set_(.+)","resolution":"existing wins","timestamp":"2025-09-17 22:23:55"}
{"existingModule":"Settings","existingSpecificity":13,"level":"\u001b[33mwarn\u001b[39m","message":"Signal conflict detected:","newModule":"Settings","newSpecificity":13,"pattern":"string:settings_back","resolution":"existing wins","timestamp":"2025-09-17 22:23:55"}
{"existingModule":"Settings","existingSpecificity":22,"level":"\u001b[33mwarn\u001b[39m","message":"Signal conflict detected:","newModule":"Settings","newSpecificity":22,"pattern":"string:settings_values_change","resolution":"existing wins","timestamp":"2025-09-17 22:23:55"}
{"existingModule":"Settings","existingSpecificity":23,"level":"\u001b[33mwarn\u001b[39m","message":"Signal conflict detected:","newModule":"Settings","newSpecificity":23,"pattern":"string:settings_domains_change","resolution":"existing wins","timestamp":"2025-09-17 22:23:55"}
{"existingModule":"Settings","existingSpecificity":21,"level":"\u001b[33mwarn\u001b[39m","message":"Signal conflict detected:","newModule":"Settings","newSpecificity":21,"pattern":"string:settings_roles_change","resolution":"existing wins","timestamp":"2025-09-17 22:23:55"}
{"existingModule":"Settings","existingSpecificity":26,"level":"\u001b[33mwarn\u001b[39m","message":"Signal conflict detected:","newModule":"Settings","newSpecificity":26,"pattern":"string:settings_currencies_change","resolution":"existing wins","timestamp":"2025-09-17 22:23:55"}
{"existingModule":"Settings","existingSpecificity":14,"level":"\u001b[33mwarn\u001b[39m","message":"Signal conflict detected:","newModule":"Settings","newSpecificity":14,"pattern":"string:add_federation","resolution":"existing wins","timestamp":"2025-09-17 22:23:55"}
{"existingModule":"Settings","existingSpecificity":22,"level":"\u001b[33mwarn\u001b[39m","message":"Signal conflict detected:","newModule":"Settings","newSpecificity":22,"pattern":"string:settings_values_change","resolution":"existing wins","timestamp":"2025-09-17 22:23:55"}
{"existingModule":"Settings","existingSpecificity":23,"level":"\u001b[33mwarn\u001b[39m","message":"Signal conflict detected:","newModule":"Settings","newSpecificity":23,"pattern":"string:settings_domains_change","resolution":"existing wins","timestamp":"2025-09-17 22:23:55"}
{"existingModule":"Settings","existingSpecificity":21,"level":"\u001b[33mwarn\u001b[39m","message":"Signal conflict detected:","newModule":"Settings","newSpecificity":21,"pattern":"string:settings_roles_change","resolution":"existing wins","timestamp":"2025-09-17 22:23:55"}
{"existingModule":"Settings","existingSpecificity":26,"level":"\u001b[33mwarn\u001b[39m","message":"Signal conflict detected:","newModule":"Settings","newSpecificity":26,"pattern":"string:settings_currencies_change","resolution":"existing wins","timestamp":"2025-09-17 22:23:55"}
{"existingModule":"Settings","existingSpecificity":12,"level":"\u001b[33mwarn\u001b[39m","message":"Signal conflict detected:","newModule":"Settings","newSpecificity":12,"pattern":"string:help_add_hex","resolution":"existing wins","timestamp":"2025-09-17 22:23:55"}
{"existingModule":"Checklists","existingSpecificity":23,"level":"\u001b[33mwarn\u001b[39m","message":"Signal conflict detected:","newModule":"Roles","newSpecificity":23,"pattern":"regex:back_to_role_(.+)","resolution":"existing wins","timestamp":"2025-09-17 22:23:56"}
{"existingModule":"Checklists","existingSpecificity":6,"level":"\u001b[33mwarn\u001b[39m","message":"Signal conflict detected:","newModule":"Quests","newSpecificity":6,"pattern":"regex:check_(.+)","resolution":"existing wins","timestamp":"2025-09-17 22:23:56"}
{"existingModule":"Checklists","existingSpecificity":12,"level":"\u001b[33mwarn\u001b[39m","message":"Signal conflict detected:","newModule":"Quests","newSpecificity":12,"pattern":"regex:add_item_to_(.+)","resolution":"existing wins","timestamp":"2025-09-17 22:23:56"}
{"existingModule":"Calendar","existingSpecificity":3,"level":"\u001b[33mwarn\u001b[39m","message":"Signal conflict detected:","newModule":"Calendar","newSpecificity":3,"pattern":"regex:n_(.+)_(?:--|\\+\\+|\\+|-|0)","resolution":"existing wins","timestamp":"2025-09-17 22:23:56"}
{"existingModule":"Quests","existingSpecificity":15,"level":"\u001b[33mwarn\u001b[39m","message":"Signal conflict detected:","newModule":"Scheduler","newSpecificity":15,"pattern":"regex:schedule_quest_(.+)","resolution":"existing wins","timestamp":"2025-09-17 22:23:56"}
{"level":"\u001b[32minfo\u001b[39m","message":"Starting HolonsBot with REFACTORED architecture","timestamp":"2025-09-18 21:36:22"}
{"appname":"Holons","level":"\u001b[32minfo\u001b[39m","message":"Starting HolonsBot initialization","timestamp":"2025-09-18 21:36:23"}
{"level":"\u001b[32minfo\u001b[39m","message":"Telegram bot initialized (not yet launched)","timestamp":"2025-09-18 21:36:23"}
{"level":"\u001b[32minfo\u001b[39m","message":"SignalManager initialized","timestamp":"2025-09-18 21:36:23"}
{"appname":"HolonsDebug","level":"\u001b[32minfo\u001b[39m","message":"Database initialized","timestamp":"2025-09-18 21:36:23"}
{"existingModule":"Settings","existingSpecificity":13,"level":"\u001b[33mwarn\u001b[39m","message":"Signal conflict detected:","newModule":"Settings","newSpecificity":13,"pattern":"regex:timezone_set_(.+)","resolution":"existing wins","timestamp":"2025-09-18 21:36:23"}
{"existingModule":"Settings","existingSpecificity":13,"level":"\u001b[33mwarn\u001b[39m","message":"Signal conflict detected:","newModule":"Settings","newSpecificity":13,"pattern":"string:settings_back","resolution":"existing wins","timestamp":"2025-09-18 21:36:23"}
{"existingModule":"Settings","existingSpecificity":22,"level":"\u001b[33mwarn\u001b[39m","message":"Signal conflict detected:","newModule":"Settings","newSpecificity":22,"pattern":"string:settings_values_change","resolution":"existing wins","timestamp":"2025-09-18 21:36:23"}
{"existingModule":"Settings","existingSpecificity":23,"level":"\u001b[33mwarn\u001b[39m","message":"Signal conflict detected:","newModule":"Settings","newSpecificity":23,"pattern":"string:settings_domains_change","resolution":"existing wins","timestamp":"2025-09-18 21:36:23"}
{"existingModule":"Settings","existingSpecificity":21,"level":"\u001b[33mwarn\u001b[39m","message":"Signal conflict detected:","newModule":"Settings","newSpecificity":21,"pattern":"string:settings_roles_change","resolution":"existing wins","timestamp":"2025-09-18 21:36:23"}
{"existingModule":"Settings","existingSpecificity":26,"level":"\u001b[33mwarn\u001b[39m","message":"Signal conflict detected:","newModule":"Settings","newSpecificity":26,"pattern":"string:settings_currencies_change","resolution":"existing wins","timestamp":"2025-09-18 21:36:23"}
{"existingModule":"Settings","existingSpecificity":14,"level":"\u001b[33mwarn\u001b[39m","message":"Signal conflict detected:","newModule":"Settings","newSpecificity":14,"pattern":"string:add_federation","resolution":"existing wins","timestamp":"2025-09-18 21:36:23"}
{"existingModule":"Settings","existingSpecificity":22,"level":"\u001b[33mwarn\u001b[39m","message":"Signal conflict detected:","newModule":"Settings","newSpecificity":22,"pattern":"string:settings_values_change","resolution":"existing wins","timestamp":"2025-09-18 21:36:23"}
{"existingModule":"Settings","existingSpecificity":23,"level":"\u001b[33mwarn\u001b[39m","message":"Signal conflict detected:","newModule":"Settings","newSpecificity":23,"pattern":"string:settings_domains_change","resolution":"existing wins","timestamp":"2025-09-18 21:36:23"}
{"existingModule":"Settings","existingSpecificity":21,"level":"\u001b[33mwarn\u001b[39m","message":"Signal conflict detected:","newModule":"Settings","newSpecificity":21,"pattern":"string:settings_roles_change","resolution":"existing wins","timestamp":"2025-09-18 21:36:23"}
{"existingModule":"Settings","existingSpecificity":26,"level":"\u001b[33mwarn\u001b[39m","message":"Signal conflict detected:","newModule":"Settings","newSpecificity":26,"pattern":"string:settings_currencies_change","resolution":"existing wins","timestamp":"2025-09-18 21:36:23"}
{"existingModule":"Settings","existingSpecificity":12,"level":"\u001b[33mwarn\u001b[39m","message":"Signal conflict detected:","newModule":"Settings","newSpecificity":12,"pattern":"string:help_add_hex","resolution":"existing wins","timestamp":"2025-09-18 21:36:23"}
{"existingModule":"Checklists","existingSpecificity":23,"level":"\u001b[33mwarn\u001b[39m","message":"Signal conflict detected:","newModule":"Roles","newSpecificity":23,"pattern":"regex:back_to_role_(.+)","resolution":"existing wins","timestamp":"2025-09-18 21:36:25"}
{"existingModule":"Checklists","existingSpecificity":6,"level":"\u001b[33mwarn\u001b[39m","message":"Signal conflict detected:","newModule":"Quests","newSpecificity":6,"pattern":"regex:check_(.+)","resolution":"existing wins","timestamp":"2025-09-18 21:36:25"}
{"existingModule":"Checklists","existingSpecificity":12,"level":"\u001b[33mwarn\u001b[39m","message":"Signal conflict detected:","newModule":"Quests","newSpecificity":12,"pattern":"regex:add_item_to_(.+)","resolution":"existing wins","timestamp":"2025-09-18 21:36:25"}
{"existingModule":"Calendar","existingSpecificity":3,"level":"\u001b[33mwarn\u001b[39m","message":"Signal conflict detected:","newModule":"Calendar","newSpecificity":3,"pattern":"regex:n_(.+)_(?:--|\\+\\+|\\+|-|0)","resolution":"existing wins","timestamp":"2025-09-18 21:36:25"}
{"existingModule":"Quests","existingSpecificity":15,"level":"\u001b[33mwarn\u001b[39m","message":"Signal conflict detected:","newModule":"Scheduler","newSpecificity":15,"pattern":"regex:schedule_quest_(.+)","resolution":"existing wins","timestamp":"2025-09-18 21:36:25"}
{"level":"\u001b[32minfo\u001b[39m","message":"Starting HolonsBot with REFACTORED architecture","timestamp":"2025-09-18 21:38:45"}
{"appname":"Holons","level":"\u001b[32minfo\u001b[39m","message":"Starting HolonsBot initialization","timestamp":"2025-09-18 21:38:46"}
{"level":"\u001b[32minfo\u001b[39m","message":"Telegram bot initialized (not yet launched)","timestamp":"2025-09-18 21:38:46"}
{"level":"\u001b[32minfo\u001b[39m","message":"SignalManager initialized","timestamp":"2025-09-18 21:38:46"}
{"appname":"HolonsDebug","level":"\u001b[32minfo\u001b[39m","message":"Database initialized","timestamp":"2025-09-18 21:38:46"}
{"existingModule":"Settings","existingSpecificity":13,"level":"\u001b[33mwarn\u001b[39m","message":"Signal conflict detected:","newModule":"Settings","newSpecificity":13,"pattern":"regex:timezone_set_(.+)","resolution":"existing wins","timestamp":"2025-09-18 21:38:46"}
{"existingModule":"Settings","existingSpecificity":13,"level":"\u001b[33mwarn\u001b[39m","message":"Signal conflict detected:","newModule":"Settings","newSpecificity":13,"pattern":"string:settings_back","resolution":"existing wins","timestamp":"2025-09-18 21:38:46"}
{"existingModule":"Settings","existingSpecificity":22,"level":"\u001b[33mwarn\u001b[39m","message":"Signal conflict detected:","newModule":"Settings","newSpecificity":22,"pattern":"string:settings_values_change","resolution":"existing wins","timestamp":"2025-09-18 21:38:46"}
{"existingModule":"Settings","existingSpecificity":23,"level":"\u001b[33mwarn\u001b[39m","message":"Signal conflict detected:","newModule":"Settings","newSpecificity":23,"pattern":"string:settings_domains_change","resolution":"existing wins","timestamp":"2025-09-18 21:38:46"}
{"existingModule":"Settings","existingSpecificity":21,"level":"\u001b[33mwarn\u001b[39m","message":"Signal conflict detected:","newModule":"Settings","newSpecificity":21,"pattern":"string:settings_roles_change","resolution":"existing wins","timestamp":"2025-09-18 21:38:46"}
{"existingModule":"Settings","existingSpecificity":26,"level":"\u001b[33mwarn\u001b[39m","message":"Signal conflict detected:","newModule":"Settings","newSpecificity":26,"pattern":"string:settings_currencies_change","resolution":"existing wins","timestamp":"2025-09-18 21:38:46"}
{"existingModule":"Settings","existingSpecificity":14,"level":"\u001b[33mwarn\u001b[39m","message":"Signal conflict detected:","newModule":"Settings","newSpecificity":14,"pattern":"string:add_federation","resolution":"existing wins","timestamp":"2025-09-18 21:38:46"}
{"existingModule":"Settings","existingSpecificity":22,"level":"\u001b[33mwarn\u001b[39m","message":"Signal conflict detected:","newModule":"Settings","newSpecificity":22,"pattern":"string:settings_values_change","resolution":"existing wins","timestamp":"2025-09-18 21:38:46"}
{"existingModule":"Settings","existingSpecificity":23,"level":"\u001b[33mwarn\u001b[39m","message":"Signal conflict detected:","newModule":"Settings","newSpecificity":23,"pattern":"string:settings_domains_change","resolution":"existing wins","timestamp":"2025-09-18 21:38:46"}
{"existingModule":"Settings","existingSpecificity":21,"level":"\u001b[33mwarn\u001b[39m","message":"Signal conflict detected:","newModule":"Settings","newSpecificity":21,"pattern":"string:settings_roles_change","resolution":"existing wins","timestamp":"2025-09-18 21:38:46"}
{"existingModule":"Settings","existingSpecificity":26,"level":"\u001b[33mwarn\u001b[39m","message":"Signal conflict detected:","newModule":"Settings","newSpecificity":26,"pattern":"string:settings_currencies_change","resolution":"existing wins","timestamp":"2025-09-18 21:38:46"}
{"existingModule":"Settings","existingSpecificity":12,"level":"\u001b[33mwarn\u001b[39m","message":"Signal conflict detected:","newModule":"Settings","newSpecificity":12,"pattern":"string:help_add_hex","resolution":"existing wins","timestamp":"2025-09-18 21:38:46"}
{"existingModule":"Checklists","existingSpecificity":23,"level":"\u001b[33mwarn\u001b[39m","message":"Signal conflict detected:","newModule":"Roles","newSpecificity":23,"pattern":"regex:back_to_role_(.+)","resolution":"existing wins","timestamp":"2025-09-18 21:38:46"}
{"existingModule":"Checklists","existingSpecificity":6,"level":"\u001b[33mwarn\u001b[39m","message":"Signal conflict detected:","newModule":"Quests","newSpecificity":6,"pattern":"regex:check_(.+)","resolution":"existing wins","timestamp":"2025-09-18 21:38:46"}
{"existingModule":"Checklists","existingSpecificity":12,"level":"\u001b[33mwarn\u001b[39m","message":"Signal conflict detected:","newModule":"Quests","newSpecificity":12,"pattern":"regex:add_item_to_(.+)","resolution":"existing wins","timestamp":"2025-09-18 21:38:46"}
{"existingModule":"Calendar","existingSpecificity":3,"level":"\u001b[33mwarn\u001b[39m","message":"Signal conflict detected:","newModule":"Calendar","newSpecificity":3,"pattern":"regex:n_(.+)_(?:--|\\+\\+|\\+|-|0)","resolution":"existing wins","timestamp":"2025-09-18 21:38:46"}
{"existingModule":"Quests","existingSpecificity":15,"level":"\u001b[33mwarn\u001b[39m","message":"Signal conflict detected:","newModule":"Scheduler","newSpecificity":15,"pattern":"regex:schedule_quest_(.+)","resolution":"existing wins","timestamp":"2025-09-18 21:38:46"}
{"level":"\u001b[32minfo\u001b[39m","message":"Starting HolonsBot with REFACTORED architecture","timestamp":"2025-09-18 22:02:29"}
{"appname":"Holons","level":"\u001b[32minfo\u001b[39m","message":"Starting HolonsBot initialization","timestamp":"2025-09-18 22:02:30"}
{"level":"\u001b[32minfo\u001b[39m","message":"Telegram bot initialized (not yet launched)","timestamp":"2025-09-18 22:02:30"}
{"level":"\u001b[32minfo\u001b[39m","message":"SignalManager initialized","timestamp":"2025-09-18 22:02:30"}
{"appname":"HolonsDebug","level":"\u001b[32minfo\u001b[39m","message":"Database initialized","timestamp":"2025-09-18 22:02:30"}
{"existingModule":"Settings","existingSpecificity":13,"level":"\u001b[33mwarn\u001b[39m","message":"Signal conflict detected:","newModule":"Settings","newSpecificity":13,"pattern":"regex:timezone_set_(.+)","resolution":"existing wins","timestamp":"2025-09-18 22:02:30"}
{"existingModule":"Settings","existingSpecificity":13,"level":"\u001b[33mwarn\u001b[39m","message":"Signal conflict detected:","newModule":"Settings","newSpecificity":13,"pattern":"string:settings_back","resolution":"existing wins","timestamp":"2025-09-18 22:02:30"}
{"existingModule":"Settings","existingSpecificity":22,"level":"\u001b[33mwarn\u001b[39m","message":"Signal conflict detected:","newModule":"Settings","newSpecificity":22,"pattern":"string:settings_values_change","resolution":"existing wins","timestamp":"2025-09-18 22:02:30"}
{"existingModule":"Settings","existingSpecificity":23,"level":"\u001b[33mwarn\u001b[39m","message":"Signal conflict detected:","newModule":"Settings","newSpecificity":23,"pattern":"string:settings_domains_change","resolution":"existing wins","timestamp":"2025-09-18 22:02:30"}
{"existingModule":"Settings","existingSpecificity":21,"level":"\u001b[33mwarn\u001b[39m","message":"Signal conflict detected:","newModule":"Settings","newSpecificity":21,"pattern":"string:settings_roles_change","resolution":"existing wins","timestamp":"2025-09-18 22:02:30"}
{"existingModule":"Settings","existingSpecificity":26,"level":"\u001b[33mwarn\u001b[39m","message":"Signal conflict detected:","newModule":"Settings","newSpecificity":26,"pattern":"string:settings_currencies_change","resolution":"existing wins","timestamp":"2025-09-18 22:02:30"}
{"existingModule":"Settings","existingSpecificity":14,"level":"\u001b[33mwarn\u001b[39m","message":"Signal conflict detected:","newModule":"Settings","newSpecificity":14,"pattern":"string:add_federation","resolution":"existing wins","timestamp":"2025-09-18 22:02:30"}
{"existingModule":"Settings","existingSpecificity":22,"level":"\u001b[33mwarn\u001b[39m","message":"Signal conflict detected:","newModule":"Settings","newSpecificity":22,"pattern":"string:settings_values_change","resolution":"existing wins","timestamp":"2025-09-18 22:02:30"}
{"existingModule":"Settings","existingSpecificity":23,"level":"\u001b[33mwarn\u001b[39m","message":"Signal conflict detected:","newModule":"Settings","newSpecificity":23,"pattern":"string:settings_domains_change","resolution":"existing wins","timestamp":"2025-09-18 22:02:30"}
{"existingModule":"Settings","existingSpecificity":21,"level":"\u001b[33mwarn\u001b[39m","message":"Signal conflict detected:","newModule":"Settings","newSpecificity":21,"pattern":"string:settings_roles_change","resolution":"existing wins","timestamp":"2025-09-18 22:02:30"}
{"existingModule":"Settings","existingSpecificity":26,"level":"\u001b[33mwarn\u001b[39m","message":"Signal conflict detected:","newModule":"Settings","newSpecificity":26,"pattern":"string:settings_currencies_change","resolution":"existing wins","timestamp":"2025-09-18 22:02:30"}
{"existingModule":"Settings","existingSpecificity":12,"level":"\u001b[33mwarn\u001b[39m","message":"Signal conflict detected:","newModule":"Settings","newSpecificity":12,"pattern":"string:help_add_hex","resolution":"existing wins","timestamp":"2025-09-18 22:02:30"}
{"existingModule":"Checklists","existingSpecificity":23,"level":"\u001b[33mwarn\u001b[39m","message":"Signal conflict detected:","newModule":"Roles","newSpecificity":23,"pattern":"regex:back_to_role_(.+)","resolution":"existing wins","timestamp":"2025-09-18 22:02:31"}
{"existingModule":"Checklists","existingSpecificity":6,"level":"\u001b[33mwarn\u001b[39m","message":"Signal conflict detected:","newModule":"Quests","newSpecificity":6,"pattern":"regex:check_(.+)","resolution":"existing wins","timestamp":"2025-09-18 22:02:31"}
{"existingModule":"Checklists","existingSpecificity":12,"level":"\u001b[33mwarn\u001b[39m","message":"Signal conflict detected:","newModule":"Quests","newSpecificity":12,"pattern":"regex:add_item_to_(.+)","resolution":"existing wins","timestamp":"2025-09-18 22:02:31"}
{"existingModule":"Calendar","existingSpecificity":3,"level":"\u001b[33mwarn\u001b[39m","message":"Signal conflict detected:","newModule":"Calendar","newSpecificity":3,"pattern":"regex:n_(.+)_(?:--|\\+\\+|\\+|-|0)","resolution":"existing wins","timestamp":"2025-09-18 22:02:31"}
{"existingModule":"Quests","existingSpecificity":15,"level":"\u001b[33mwarn\u001b[39m","message":"Signal conflict detected:","newModule":"Scheduler","newSpecificity":15,"pattern":"regex:schedule_quest_(.+)","resolution":"existing wins","timestamp":"2025-09-18 22:02:31"}
{"level":"\u001b[32minfo\u001b[39m","message":"Starting HolonsBot with REFACTORED architecture","timestamp":"2025-09-18 22:02:50"}
{"appname":"Holons","level":"\u001b[32minfo\u001b[39m","message":"Starting HolonsBot initialization","timestamp":"2025-09-18 22:02:50"}
{"level":"\u001b[32minfo\u001b[39m","message":"Telegram bot initialized (not yet launched)","timestamp":"2025-09-18 22:02:50"}
{"level":"\u001b[32minfo\u001b[39m","message":"SignalManager initialized","timestamp":"2025-09-18 22:02:50"}
{"appname":"HolonsDebug","level":"\u001b[32minfo\u001b[39m","message":"Database initialized","timestamp":"2025-09-18 22:02:50"}
{"existingModule":"Settings","existingSpecificity":13,"level":"\u001b[33mwarn\u001b[39m","message":"Signal conflict detected:","newModule":"Settings","newSpecificity":13,"pattern":"regex:timezone_set_(.+)","resolution":"existing wins","timestamp":"2025-09-18 22:02:50"}
{"existingModule":"Settings","existingSpecificity":13,"level":"\u001b[33mwarn\u001b[39m","message":"Signal conflict detected:","newModule":"Settings","newSpecificity":13,"pattern":"string:settings_back","resolution":"existing wins","timestamp":"2025-09-18 22:02:50"}
{"existingModule":"Settings","existingSpecificity":22,"level":"\u001b[33mwarn\u001b[39m","message":"Signal conflict detected:","newModule":"Settings","newSpecificity":22,"pattern":"string:settings_values_change","resolution":"existing wins","timestamp":"2025-09-18 22:02:50"}
{"existingModule":"Settings","existingSpecificity":23,"level":"\u001b[33mwarn\u001b[39m","message":"Signal conflict detected:","newModule":"Settings","newSpecificity":23,"pattern":"string:settings_domains_change","resolution":"existing wins","timestamp":"2025-09-18 22:02:50"}
{"existingModule":"Settings","existingSpecificity":21,"level":"\u001b[33mwarn\u001b[39m","message":"Signal conflict detected:","newModule":"Settings","newSpecificity":21,"pattern":"string:settings_roles_change","resolution":"existing wins","timestamp":"2025-09-18 22:02:50"}
{"existingModule":"Settings","existingSpecificity":26,"level":"\u001b[33mwarn\u001b[39m","message":"Signal conflict detected:","newModule":"Settings","newSpecificity":26,"pattern":"string:settings_currencies_change","resolution":"existing wins","timestamp":"2025-09-18 22:02:50"}
{"existingModule":"Settings","existingSpecificity":14,"level":"\u001b[33mwarn\u001b[39m","message":"Signal conflict detected:","newModule":"Settings","newSpecificity":14,"pattern":"string:add_federation","resolution":"existing wins","timestamp":"2025-09-18 22:02:50"}
{"existingModule":"Settings","existingSpecificity":22,"level":"\u001b[33mwarn\u001b[39m","message":"Signal conflict detected:","newModule":"Settings","newSpecificity":22,"pattern":"string:settings_values_change","resolution":"existing wins","timestamp":"2025-09-18 22:02:50"}
{"existingModule":"Settings","existingSpecificity":23,"level":"\u001b[33mwarn\u001b[39m","message":"Signal conflict detected:","newModule":"Settings","newSpecificity":23,"pattern":"string:settings_domains_change","resolution":"existing wins","timestamp":"2025-09-18 22:02:50"}
{"existingModule":"Settings","existingSpecificity":21,"level":"\u001b[33mwarn\u001b[39m","message":"Signal conflict detected:","newModule":"Settings","newSpecificity":21,"pattern":"string:settings_roles_change","resolution":"existing wins","timestamp":"2025-09-18 22:02:50"}
{"existingModule":"Settings","existingSpecificity":26,"level":"\u001b[33mwarn\u001b[39m","message":"Signal conflict detected:","newModule":"Settings","newSpecificity":26,"pattern":"string:settings_currencies_change","resolution":"existing wins","timestamp":"2025-09-18 22:02:50"}
{"existingModule":"Settings","existingSpecificity":12,"level":"\u001b[33mwarn\u001b[39m","message":"Signal conflict detected:","newModule":"Settings","newSpecificity":12,"pattern":"string:help_add_hex","resolution":"existing wins","timestamp":"2025-09-18 22:02:50"}
{"existingModule":"Checklists","existingSpecificity":23,"level":"\u001b[33mwarn\u001b[39m","message":"Signal conflict detected:","newModule":"Roles","newSpecificity":23,"pattern":"regex:back_to_role_(.+)","resolution":"existing wins","timestamp":"2025-09-18 22:02:51"}
{"existingModule":"Checklists","existingSpecificity":6,"level":"\u001b[33mwarn\u001b[39m","message":"Signal conflict detected:","newModule":"Quests","newSpecificity":6,"pattern":"regex:check_(.+)","resolution":"existing wins","timestamp":"2025-09-18 22:02:51"}
{"existingModule":"Checklists","existingSpecificity":12,"level":"\u001b[33mwarn\u001b[39m","message":"Signal conflict detected:","newModule":"Quests","newSpecificity":12,"pattern":"regex:add_item_to_(.+)","resolution":"existing wins","timestamp":"2025-09-18 22:02:51"}
{"existingModule":"Calendar","existingSpecificity":3,"level":"\u001b[33mwarn\u001b[39m","message":"Signal conflict detected:","newModule":"Calendar","newSpecificity":3,"pattern":"regex:n_(.+)_(?:--|\\+\\+|\\+|-|0)","resolution":"existing wins","timestamp":"2025-09-18 22:02:51"}
{"existingModule":"Quests","existingSpecificity":15,"level":"\u001b[33mwarn\u001b[39m","message":"Signal conflict detected:","newModule":"Scheduler","newSpecificity":15,"pattern":"regex:schedule_quest_(.+)","resolution":"existing wins","timestamp":"2025-09-18 22:02:51"}
{"level":"\u001b[32minfo\u001b[39m","message":"Starting HolonsBot with REFACTORED architecture","timestamp":"2025-09-19 00:02:33"}
{"appname":"Holons","level":"\u001b[32minfo\u001b[39m","message":"Starting HolonsBot initialization","timestamp":"2025-09-19 00:02:34"}
{"level":"\u001b[32minfo\u001b[39m","message":"Telegram bot initialized (not yet launched)","timestamp":"2025-09-19 00:02:34"}
{"level":"\u001b[32minfo\u001b[39m","message":"SignalManager initialized","timestamp":"2025-09-19 00:02:34"}
{"appname":"HolonsDebug","level":"\u001b[32minfo\u001b[39m","message":"Database initialized","timestamp":"2025-09-19 00:02:34"}
{"existingModule":"Settings","existingSpecificity":13,"level":"\u001b[33mwarn\u001b[39m","message":"Signal conflict detected:","newModule":"Settings","newSpecificity":13,"pattern":"regex:timezone_set_(.+)","resolution":"existing wins","timestamp":"2025-09-19 00:02:34"}
{"existingModule":"Settings","existingSpecificity":13,"level":"\u001b[33mwarn\u001b[39m","message":"Signal conflict detected:","newModule":"Settings","newSpecificity":13,"pattern":"string:settings_back","resolution":"existing wins","timestamp":"2025-09-19 00:02:34"}
{"existingModule":"Settings","existingSpecificity":22,"level":"\u001b[33mwarn\u001b[39m","message":"Signal conflict detected:","newModule":"Settings","newSpecificity":22,"pattern":"string:settings_values_change","resolution":"existing wins","timestamp":"2025-09-19 00:02:34"}
{"existingModule":"Settings","existingSpecificity":23,"level":"\u001b[33mwarn\u001b[39m","message":"Signal conflict detected:","newModule":"Settings","newSpecificity":23,"pattern":"string:settings_domains_change","resolution":"existing wins","timestamp":"2025-09-19 00:02:34"}
{"existingModule":"Settings","existingSpecificity":21,"level":"\u001b[33mwarn\u001b[39m","message":"Signal conflict detected:","newModule":"Settings","newSpecificity":21,"pattern":"string:settings_roles_change","resolution":"existing wins","timestamp":"2025-09-19 00:02:34"}
{"existingModule":"Settings","existingSpecificity":26,"level":"\u001b[33mwarn\u001b[39m","message":"Signal conflict detected:","newModule":"Settings","newSpecificity":26,"pattern":"string:settings_currencies_change","resolution":"existing wins","timestamp":"2025-09-19 00:02:34"}
{"existingModule":"Settings","existingSpecificity":14,"level":"\u001b[33mwarn\u001b[39m","message":"Signal conflict detected:","newModule":"Settings","newSpecificity":14,"pattern":"string:add_federation","resolution":"existing wins","timestamp":"2025-09-19 00:02:34"}
{"existingModule":"Settings","existingSpecificity":22,"level":"\u001b[33mwarn\u001b[39m","message":"Signal conflict detected:","newModule":"Settings","newSpecificity":22,"pattern":"string:settings_values_change","resolution":"existing wins","timestamp":"2025-09-19 00:02:34"}
{"existingModule":"Settings","existingSpecificity":23,"level":"\u001b[33mwarn\u001b[39m","message":"Signal conflict detected:","newModule":"Settings","newSpecificity":23,"pattern":"string:settings_domains_change","resolution":"existing wins","timestamp":"2025-09-19 00:02:34"}
{"existingModule":"Settings","existingSpecificity":21,"level":"\u001b[33mwarn\u001b[39m","message":"Signal conflict detected:","newModule":"Settings","newSpecificity":21,"pattern":"string:settings_roles_change","resolution":"existing wins","timestamp":"2025-09-19 00:02:34"}
{"existingModule":"Settings","existingSpecificity":26,"level":"\u001b[33mwarn\u001b[39m","message":"Signal conflict detected:","newModule":"Settings","newSpecificity":26,"pattern":"string:settings_currencies_change","resolution":"existing wins","timestamp":"2025-09-19 00:02:34"}
{"existingModule":"Settings","existingSpecificity":12,"level":"\u001b[33mwarn\u001b[39m","message":"Signal conflict detected:","newModule":"Settings","newSpecificity":12,"pattern":"string:help_add_hex","resolution":"existing wins","timestamp":"2025-09-19 00:02:34"}
{"existingModule":"Checklists","existingSpecificity":23,"level":"\u001b[33mwarn\u001b[39m","message":"Signal conflict detected:","newModule":"Roles","newSpecificity":23,"pattern":"regex:back_to_role_(.+)","resolution":"existing wins","timestamp":"2025-09-19 00:02:35"}
{"existingModule":"Checklists","existingSpecificity":6,"level":"\u001b[33mwarn\u001b[39m","message":"Signal conflict detected:","newModule":"Quests","newSpecificity":6,"pattern":"regex:check_(.+)","resolution":"existing wins","timestamp":"2025-09-19 00:02:35"}
{"existingModule":"Checklists","existingSpecificity":12,"level":"\u001b[33mwarn\u001b[39m","message":"Signal conflict detected:","newModule":"Quests","newSpecificity":12,"pattern":"regex:add_item_to_(.+)","resolution":"existing wins","timestamp":"2025-09-19 00:02:35"}
{"existingModule":"Calendar","existingSpecificity":3,"level":"\u001b[33mwarn\u001b[39m","message":"Signal conflict detected:","newModule":"Calendar","newSpecificity":3,"pattern":"regex:n_(.+)_(?:--|\\+\\+|\\+|-|0)","resolution":"existing wins","timestamp":"2025-09-19 00:02:35"}
{"existingModule":"Quests","existingSpecificity":15,"level":"\u001b[33mwarn\u001b[39m","message":"Signal conflict detected:","newModule":"Scheduler","newSpecificity":15,"pattern":"regex:schedule_quest_(.+)","resolution":"existing wins","timestamp":"2025-09-19 00:02:35"}
{"level":"\u001b[32minfo\u001b[39m","message":"Starting HolonsBot with REFACTORED architecture","timestamp":"2025-09-19 00:02:38"}
{"appname":"Holons","level":"\u001b[32minfo\u001b[39m","message":"Starting HolonsBot initialization","timestamp":"2025-09-19 00:02:39"}
{"level":"\u001b[32minfo\u001b[39m","message":"Telegram bot initialized (not yet launched)","timestamp":"2025-09-19 00:02:39"}
{"level":"\u001b[32minfo\u001b[39m","message":"SignalManager initialized","timestamp":"2025-09-19 00:02:39"}
{"appname":"HolonsDebug","level":"\u001b[32minfo\u001b[39m","message":"Database initialized","timestamp":"2025-09-19 00:02:39"}
{"existingModule":"Settings","existingSpecificity":13,"level":"\u001b[33mwarn\u001b[39m","message":"Signal conflict detected:","newModule":"Settings","newSpecificity":13,"pattern":"regex:timezone_set_(.+)","resolution":"existing wins","timestamp":"2025-09-19 00:02:39"}
{"existingModule":"Settings","existingSpecificity":13,"level":"\u001b[33mwarn\u001b[39m","message":"Signal conflict detected:","newModule":"Settings","newSpecificity":13,"pattern":"string:settings_back","resolution":"existing wins","timestamp":"2025-09-19 00:02:39"}
{"existingModule":"Settings","existingSpecificity":22,"level":"\u001b[33mwarn\u001b[39m","message":"Signal conflict detected:","newModule":"Settings","newSpecificity":22,"pattern":"string:settings_values_change","resolution":"existing wins","timestamp":"2025-09-19 00:02:39"}
{"existingModule":"Settings","existingSpecificity":23,"level":"\u001b[33mwarn\u001b[39m","message":"Signal conflict detected:","newModule":"Settings","newSpecificity":23,"pattern":"string:settings_domains_change","resolution":"existing wins","timestamp":"2025-09-19 00:02:39"}
{"existingModule":"Settings","existingSpecificity":21,"level":"\u001b[33mwarn\u001b[39m","message":"Signal conflict detected:","newModule":"Settings","newSpecificity":21,"pattern":"string:settings_roles_change","resolution":"existing wins","timestamp":"2025-09-19 00:02:39"}
{"existingModule":"Settings","existingSpecificity":26,"level":"\u001b[33mwarn\u001b[39m","message":"Signal conflict detected:","newModule":"Settings","newSpecificity":26,"pattern":"string:settings_currencies_change","resolution":"existing wins","timestamp":"2025-09-19 00:02:39"}
{"existingModule":"Settings","existingSpecificity":14,"level":"\u001b[33mwarn\u001b[39m","message":"Signal conflict detected:","newModule":"Settings","newSpecificity":14,"pattern":"string:add_federation","resolution":"existing wins","timestamp":"2025-09-19 00:02:39"}
{"existingModule":"Settings","existingSpecificity":22,"level":"\u001b[33mwarn\u001b[39m","message":"Signal conflict detected:","newModule":"Settings","newSpecificity":22,"pattern":"string:settings_values_change","resolution":"existing wins","timestamp":"2025-09-19 00:02:39"}
{"existingModule":"Settings","existingSpecificity":23,"level":"\u001b[33mwarn\u001b[39m","message":"Signal conflict detected:","newModule":"Settings","newSpecificity":23,"pattern":"string:settings_domains_change","resolution":"existing wins","timestamp":"2025-09-19 00:02:39"}
{"existingModule":"Settings","existingSpecificity":21,"level":"\u001b[33mwarn\u001b[39m","message":"Signal conflict detected:","newModule":"Settings","newSpecificity":21,"pattern":"string:settings_roles_change","resolution":"existing wins","timestamp":"2025-09-19 00:02:39"}
{"existingModule":"Settings","existingSpecificity":26,"level":"\u001b[33mwarn\u001b[39m","message":"Signal conflict detected:","newModule":"Settings","newSpecificity":26,"pattern":"string:settings_currencies_change","resolution":"existing wins","timestamp":"2025-09-19 00:02:39"}
{"existingModule":"Settings","existingSpecificity":12,"level":"\u001b[33mwarn\u001b[39m","message":"Signal conflict detected:","newModule":"Settings","newSpecificity":12,"pattern":"string:help_add_hex","resolution":"existing wins","timestamp":"2025-09-19 00:02:39"}
{"existingModule":"Checklists","existingSpecificity":23,"level":"\u001b[33mwarn\u001b[39m","message":"Signal conflict detected:","newModule":"Roles","newSpecificity":23,"pattern":"regex:back_to_role_(.+)","resolution":"existing wins","timestamp":"2025-09-19 00:02:39"}
{"existingModule":"Checklists","existingSpecificity":6,"level":"\u001b[33mwarn\u001b[39m","message":"Signal conflict detected:","newModule":"Quests","newSpecificity":6,"pattern":"regex:check_(.+)","resolution":"existing wins","timestamp":"2025-09-19 00:02:39"}
{"existingModule":"Checklists","existingSpecificity":12,"level":"\u001b[33mwarn\u001b[39m","message":"Signal conflict detected:","newModule":"Quests","newSpecificity":12,"pattern":"regex:add_item_to_(.+)","resolution":"existing wins","timestamp":"2025-09-19 00:02:39"}
{"existingModule":"Calendar","existingSpecificity":3,"level":"\u001b[33mwarn\u001b[39m","message":"Signal conflict detected:","newModule":"Calendar","newSpecificity":3,"pattern":"regex:n_(.+)_(?:--|\\+\\+|\\+|-|0)","resolution":"existing wins","timestamp":"2025-09-19 00:02:39"}
{"existingModule":"Quests","existingSpecificity":15,"level":"\u001b[33mwarn\u001b[39m","message":"Signal conflict detected:","newModule":"Scheduler","newSpecificity":15,"pattern":"regex:schedule_quest_(.+)","resolution":"existing wins","timestamp":"2025-09-19 00:02:39"}
{"level":"\u001b[32minfo\u001b[39m","message":"SIGTERM received, shutting down gracefully","timestamp":"2025-09-19 15:20:52"}
{"level":"\u001b[32minfo\u001b[39m","message":"Starting HolonsBot","timestamp":"2025-10-16 11:09:46"}
{"error":"Unexpected token 'with'","level":"\u001b[31merror\u001b[39m","message":"Failed to start HolonsBot","stack":"SyntaxError: Unexpected token 'with'\n    at ModuleLoader.moduleStrategy (node:internal/modules/esm/translators:118:18)\n    at callTranslator (node:internal/modules/esm/loader:265:14)\n    at ModuleLoader.moduleProvider (node:internal/modules/esm/loader:270:30)","timestamp":"2025-10-16 11:09:46"}
{"level":"\u001b[32minfo\u001b[39m","message":"Starting HolonsBot","timestamp":"2025-10-30 07:58:05"}
{"appname":"Holons","level":"\u001b[32minfo\u001b[39m","message":"Starting HolonsBot initialization","timestamp":"2025-10-30 07:58:06"}
{"level":"\u001b[32minfo\u001b[39m","message":"Telegram bot initialized (not yet launched)","timestamp":"2025-10-30 07:58:06"}
{"level":"\u001b[32minfo\u001b[39m","message":"SignalManager initialized","timestamp":"2025-10-30 07:58:06"}
{"error":"Config must be an object","level":"\u001b[31merror\u001b[39m","message":"Failed to initialize HolonsBot","stack":"TypeError: Config must be an object\n    at new HoloSphere (file:///Users/roberto/Projects/Liminal/HolonsBot/node_modules/holosphere/dist/index-mahrBegs.js:6227:13)\n    at new HoloSphere2 (file:///Users/roberto/Projects/Liminal/HolonsBot/node_modules/holosphere/dist/index-mahrBegs.js:27545:5)\n    at new DB (file:///Users/roberto/Projects/Liminal/HolonsBot/DB.js:8:27)\n    at Object.factory (file:///Users/roberto/Projects/Liminal/HolonsBot/core/ServiceDefinitions.js:138:18)\n    at ServiceContainer.get (file:///Users/roberto/Projects/Liminal/HolonsBot/core/ServiceContainer.js:76:48)\n    at async ServiceContainer.initializeAll (file:///Users/roberto/Projects/Liminal/HolonsBot/core/ServiceContainer.js:122:9)\n    at async HolonsBot.init (file:///Users/roberto/Projects/Liminal/HolonsBot/core/HolonsBotCore.js:49:7)\n    at async startBot (file:///Users/roberto/Projects/Liminal/HolonsBot/HolonsBot.js:18:5)","timestamp":"2025-10-30 07:58:06"}
{"level":"\u001b[32minfo\u001b[39m","message":"Starting HolonsBot","timestamp":"2025-10-30 08:04:05"}
{"appname":"Holons","level":"\u001b[32minfo\u001b[39m","message":"Starting HolonsBot initialization","timestamp":"2025-10-30 08:04:06"}
{"level":"\u001b[32minfo\u001b[39m","message":"Telegram bot initialized (not yet launched)","timestamp":"2025-10-30 08:04:06"}
{"level":"\u001b[32minfo\u001b[39m","message":"SignalManager initialized","timestamp":"2025-10-30 08:04:06"}
{"error":"Config must be an object","level":"\u001b[31merror\u001b[39m","message":"Failed to initialize HolonsBot","stack":"TypeError: Config must be an object\n    at new HoloSphere (file:///Users/roberto/Projects/Liminal/HolonsBot/node_modules/holosphere/dist/index-mahrBegs.js:6227:13)\n    at new HoloSphere2 (file:///Users/roberto/Projects/Liminal/HolonsBot/node_modules/holosphere/dist/index-mahrBegs.js:27545:5)\n    at new DB (file:///Users/roberto/Projects/Liminal/HolonsBot/DB.js:8:27)\n    at Object.factory (file:///Users/roberto/Projects/Liminal/HolonsBot/core/ServiceDefinitions.js:138:18)\n    at ServiceContainer.get (file:///Users/roberto/Projects/Liminal/HolonsBot/core/ServiceContainer.js:76:48)\n    at async ServiceContainer.initializeAll (file:///Users/roberto/Projects/Liminal/HolonsBot/core/ServiceContainer.js:122:9)\n    at async HolonsBot.init (file:///Users/roberto/Projects/Liminal/HolonsBot/core/HolonsBotCore.js:49:7)\n    at async startBot (file:///Users/roberto/Projects/Liminal/HolonsBot/HolonsBot.js:18:5)","timestamp":"2025-10-30 08:04:06"}
{"level":"\u001b[32minfo\u001b[39m","message":"Starting HolonsBot","timestamp":"2025-10-30 08:04:20"}
{"appname":"Holons","level":"\u001b[32minfo\u001b[39m","message":"Starting HolonsBot initialization","timestamp":"2025-10-30 08:04:21"}
{"level":"\u001b[32minfo\u001b[39m","message":"Telegram bot initialized (not yet launched)","timestamp":"2025-10-30 08:04:21"}
{"level":"\u001b[32minfo\u001b[39m","message":"SignalManager initialized","timestamp":"2025-10-30 08:04:21"}
{"error":"Config must be an object","level":"\u001b[31merror\u001b[39m","message":"Failed to initialize HolonsBot","stack":"TypeError: Config must be an object\n    at new HoloSphere (file:///Users/roberto/Projects/Liminal/HolonsBot/node_modules/holosphere/dist/index-mahrBegs.js:6227:13)\n    at new HoloSphere2 (file:///Users/roberto/Projects/Liminal/HolonsBot/node_modules/holosphere/dist/index-mahrBegs.js:27545:5)\n    at new DB (file:///Users/roberto/Projects/Liminal/HolonsBot/DB.js:8:27)\n    at Object.factory (file:///Users/roberto/Projects/Liminal/HolonsBot/core/ServiceDefinitions.js:138:18)\n    at ServiceContainer.get (file:///Users/roberto/Projects/Liminal/HolonsBot/core/ServiceContainer.js:76:48)\n    at async ServiceContainer.initializeAll (file:///Users/roberto/Projects/Liminal/HolonsBot/core/ServiceContainer.js:122:9)\n    at async HolonsBot.init (file:///Users/roberto/Projects/Liminal/HolonsBot/core/HolonsBotCore.js:49:7)\n    at async startBot (file:///Users/roberto/Projects/Liminal/HolonsBot/HolonsBot.js:18:5)","timestamp":"2025-10-30 08:04:21"}
{"level":"\u001b[32minfo\u001b[39m","message":"Starting HolonsBot","timestamp":"2025-10-30 09:18:37"}
{"appname":"Holons","level":"\u001b[32minfo\u001b[39m","message":"Starting HolonsBot initialization","timestamp":"2025-10-30 09:18:37"}
{"level":"\u001b[32minfo\u001b[39m","message":"Telegram bot initialized (not yet launched)","timestamp":"2025-10-30 09:18:37"}
{"level":"\u001b[32minfo\u001b[39m","message":"SignalManager initialized","timestamp":"2025-10-30 09:18:37"}
{"error":"Config must be an object","level":"\u001b[31merror\u001b[39m","message":"Failed to initialize HolonsBot","stack":"TypeError: Config must be an object\n    at new HoloSphere (file:///Users/roberto/Projects/Liminal/HolonsBot/node_modules/holosphere/dist/index-mahrBegs.js:6227:13)\n    at new HoloSphere2 (file:///Users/roberto/Projects/Liminal/HolonsBot/node_modules/holosphere/dist/index-mahrBegs.js:27545:5)\n    at new DB (file:///Users/roberto/Projects/Liminal/HolonsBot/DB.js:9:27)\n    at Object.factory (file:///Users/roberto/Projects/Liminal/HolonsBot/core/ServiceDefinitions.js:138:18)\n    at ServiceContainer.get (file:///Users/roberto/Projects/Liminal/HolonsBot/core/ServiceContainer.js:76:48)\n    at async ServiceContainer.initializeAll (file:///Users/roberto/Projects/Liminal/HolonsBot/core/ServiceContainer.js:122:9)\n    at async HolonsBot.init (file:///Users/roberto/Projects/Liminal/HolonsBot/core/HolonsBotCore.js:49:7)\n    at async startBot (file:///Users/roberto/Projects/Liminal/HolonsBot/HolonsBot.js:18:5)","timestamp":"2025-10-30 09:18:37"}
{"level":"\u001b[32minfo\u001b[39m","message":"Starting HolonsBot","timestamp":"2025-10-30 09:19:06"}
{"appname":"Holons","level":"\u001b[32minfo\u001b[39m","message":"Starting HolonsBot initialization","timestamp":"2025-10-30 09:19:07"}
{"level":"\u001b[32minfo\u001b[39m","message":"Telegram bot initialized (not yet launched)","timestamp":"2025-10-30 09:19:07"}
{"level":"\u001b[32minfo\u001b[39m","message":"SignalManager initialized","timestamp":"2025-10-30 09:19:07"}
{"error":"Config must be an object","level":"\u001b[31merror\u001b[39m","message":"Failed to initialize HolonsBot","stack":"TypeError: Config must be an object\n    at new HoloSphere (file:///Users/roberto/Projects/Liminal/HolonsBot/node_modules/holosphere/dist/index-mahrBegs.js:6227:13)\n    at new HoloSphere2 (file:///Users/roberto/Projects/Liminal/HolonsBot/node_modules/holosphere/dist/index-mahrBegs.js:27545:5)\n    at new DB (file:///Users/roberto/Projects/Liminal/HolonsBot/DB.js:9:27)\n    at Object.factory (file:///Users/roberto/Projects/Liminal/HolonsBot/core/ServiceDefinitions.js:138:18)\n    at ServiceContainer.get (file:///Users/roberto/Projects/Liminal/HolonsBot/core/ServiceContainer.js:76:48)\n    at async ServiceContainer.initializeAll (file:///Users/roberto/Projects/Liminal/HolonsBot/core/ServiceContainer.js:122:9)\n    at async HolonsBot.init (file:///Users/roberto/Projects/Liminal/HolonsBot/core/HolonsBotCore.js:49:7)\n    at async startBot (file:///Users/roberto/Projects/Liminal/HolonsBot/HolonsBot.js:18:5)","timestamp":"2025-10-30 09:19:07"}
{"level":"\u001b[32minfo\u001b[39m","message":"Starting HolonsBot","timestamp":"2025-10-30 09:21:08"}
{"appname":"Holons","level":"\u001b[32minfo\u001b[39m","message":"Starting HolonsBot initialization","timestamp":"2025-10-30 09:21:09"}
{"level":"\u001b[32minfo\u001b[39m","message":"Telegram bot initialized (not yet launched)","timestamp":"2025-10-30 09:21:09"}
{"level":"\u001b[32minfo\u001b[39m","message":"SignalManager initialized","timestamp":"2025-10-30 09:21:09"}
{"appname":"HolonsDebug","level":"\u001b[32minfo\u001b[39m","message":"Database initialized","timestamp":"2025-10-30 09:21:09"}
{"existingModule":"Settings","existingSpecificity":13,"level":"\u001b[33mwarn\u001b[39m","message":"Signal conflict detected:","newModule":"Settings","newSpecificity":13,"pattern":"regex:timezone_set_(.+)","resolution":"existing wins","timestamp":"2025-10-30 09:21:09"}
{"existingModule":"Settings","existingSpecificity":13,"level":"\u001b[33mwarn\u001b[39m","message":"Signal conflict detected:","newModule":"Settings","newSpecificity":13,"pattern":"string:settings_back","resolution":"existing wins","timestamp":"2025-10-30 09:21:09"}
{"existingModule":"Settings","existingSpecificity":22,"level":"\u001b[33mwarn\u001b[39m","message":"Signal conflict detected:","newModule":"Settings","newSpecificity":22,"pattern":"string:settings_values_change","resolution":"existing wins","timestamp":"2025-10-30 09:21:09"}
{"existingModule":"Settings","existingSpecificity":23,"level":"\u001b[33mwarn\u001b[39m","message":"Signal conflict detected:","newModule":"Settings","newSpecificity":23,"pattern":"string:settings_domains_change","resolution":"existing wins","timestamp":"2025-10-30 09:21:09"}
{"existingModule":"Settings","existingSpecificity":21,"level":"\u001b[33mwarn\u001b[39m","message":"Signal conflict detected:","newModule":"Settings","newSpecificity":21,"pattern":"string:settings_roles_change","resolution":"existing wins","timestamp":"2025-10-30 09:21:09"}
{"existingModule":"Settings","existingSpecificity":26,"level":"\u001b[33mwarn\u001b[39m","message":"Signal conflict detected:","newModule":"Settings","newSpecificity":26,"pattern":"string:settings_currencies_change","resolution":"existing wins","timestamp":"2025-10-30 09:21:09"}
{"existingModule":"Settings","existingSpecificity":14,"level":"\u001b[33mwarn\u001b[39m","message":"Signal conflict detected:","newModule":"Settings","newSpecificity":14,"pattern":"string:add_federation","resolution":"existing wins","timestamp":"2025-10-30 09:21:09"}
{"existingModule":"Settings","existingSpecificity":22,"level":"\u001b[33mwarn\u001b[39m","message":"Signal conflict detected:","newModule":"Settings","newSpecificity":22,"pattern":"string:settings_values_change","resolution":"existing wins","timestamp":"2025-10-30 09:21:09"}
{"existingModule":"Settings","existingSpecificity":23,"level":"\u001b[33mwarn\u001b[39m","message":"Signal conflict detected:","newModule":"Settings","newSpecificity":23,"pattern":"string:settings_domains_change","resolution":"existing wins","timestamp":"2025-10-30 09:21:09"}
{"existingModule":"Settings","existingSpecificity":21,"level":"\u001b[33mwarn\u001b[39m","message":"Signal conflict detected:","newModule":"Settings","newSpecificity":21,"pattern":"string:settings_roles_change","resolution":"existing wins","timestamp":"2025-10-30 09:21:09"}
{"existingModule":"Settings","existingSpecificity":26,"level":"\u001b[33mwarn\u001b[39m","message":"Signal conflict detected:","newModule":"Settings","newSpecificity":26,"pattern":"string:settings_currencies_change","resolution":"existing wins","timestamp":"2025-10-30 09:21:09"}
{"existingModule":"Settings","existingSpecificity":12,"level":"\u001b[33mwarn\u001b[39m","message":"Signal conflict detected:","newModule":"Settings","newSpecificity":12,"pattern":"string:help_add_hex","resolution":"existing wins","timestamp":"2025-10-30 09:21:09"}
{"existingModule":"Checklists","existingSpecificity":23,"level":"\u001b[33mwarn\u001b[39m","message":"Signal conflict detected:","newModule":"Roles","newSpecificity":23,"pattern":"regex:back_to_role_(.+)","resolution":"existing wins","timestamp":"2025-10-30 09:21:12"}
{"existingModule":"Checklists","existingSpecificity":6,"level":"\u001b[33mwarn\u001b[39m","message":"Signal conflict detected:","newModule":"Quests","newSpecificity":6,"pattern":"regex:check_(.+)","resolution":"existing wins","timestamp":"2025-10-30 09:21:12"}
{"existingModule":"Checklists","existingSpecificity":12,"level":"\u001b[33mwarn\u001b[39m","message":"Signal conflict detected:","newModule":"Quests","newSpecificity":12,"pattern":"regex:add_item_to_(.+)","resolution":"existing wins","timestamp":"2025-10-30 09:21:12"}
{"existingModule":"Calendar","existingSpecificity":3,"level":"\u001b[33mwarn\u001b[39m","message":"Signal conflict detected:","newModule":"Calendar","newSpecificity":3,"pattern":"regex:n_(.+)_(?:--|\\+\\+|\\+|-|0)","resolution":"existing wins","timestamp":"2025-10-30 09:21:12"}
{"existingModule":"Quests","existingSpecificity":15,"level":"\u001b[33mwarn\u001b[39m","message":"Signal conflict detected:","newModule":"Scheduler","newSpecificity":15,"pattern":"regex:schedule_quest_(.+)","resolution":"existing wins","timestamp":"2025-10-30 09:21:12"}
{"level":"\u001b[31merror\u001b[39m","message":"Unhandled Promise Rejection","promise":"[object Promise]","reason":"this.db.holosphere.getAllGlobal is not a function","stack":"TypeError: this.db.holosphere.getAllGlobal is not a function\n    at Scheduler.loadTasks (file:///Users/roberto/Projects/Liminal/HolonsBot/Scheduler.js:79:48)\n    at new Scheduler (file:///Users/roberto/Projects/Liminal/HolonsBot/Scheduler.js:31:14)\n    at Object.factory (file:///Users/roberto/Projects/Liminal/HolonsBot/core/ServiceDefinitions.js:280:25)\n    at ServiceContainer.get (file:///Users/roberto/Projects/Liminal/HolonsBot/core/ServiceContainer.js:76:48)\n    at async ServiceContainer.initializeAll (file:///Users/roberto/Projects/Liminal/HolonsBot/core/ServiceContainer.js:122:9)\n    at async HolonsBot.init (file:///Users/roberto/Projects/Liminal/HolonsBot/core/HolonsBotCore.js:49:7)\n    at async startBot (file:///Users/roberto/Projects/Liminal/HolonsBot/HolonsBot.js:18:5)","timestamp":"2025-10-30 09:21:12"}
{"level":"\u001b[31merror\u001b[39m","message":"Unhandled promise rejection","reason":"this.db.holosphere.getAllGlobal is not a function","stack":"TypeError: this.db.holosphere.getAllGlobal is not a function\n    at Scheduler.loadTasks (file:///Users/roberto/Projects/Liminal/HolonsBot/Scheduler.js:79:48)\n    at new Scheduler (file:///Users/roberto/Projects/Liminal/HolonsBot/Scheduler.js:31:14)\n    at Object.factory (file:///Users/roberto/Projects/Liminal/HolonsBot/core/ServiceDefinitions.js:280:25)\n    at ServiceContainer.get (file:///Users/roberto/Projects/Liminal/HolonsBot/core/ServiceContainer.js:76:48)\n    at async ServiceContainer.initializeAll (file:///Users/roberto/Projects/Liminal/HolonsBot/core/ServiceContainer.js:122:9)\n    at async HolonsBot.init (file:///Users/roberto/Projects/Liminal/HolonsBot/core/HolonsBotCore.js:49:7)\n    at async startBot (file:///Users/roberto/Projects/Liminal/HolonsBot/HolonsBot.js:18:5)","timestamp":"2025-10-30 09:21:12"}
{"level":"\u001b[32minfo\u001b[39m","message":"Starting HolonsBot","timestamp":"2025-10-30 09:21:19"}
{"appname":"Holons","level":"\u001b[32minfo\u001b[39m","message":"Starting HolonsBot initialization","timestamp":"2025-10-30 09:21:19"}
{"level":"\u001b[32minfo\u001b[39m","message":"Telegram bot initialized (not yet launched)","timestamp":"2025-10-30 09:21:19"}
{"level":"\u001b[32minfo\u001b[39m","message":"SignalManager initialized","timestamp":"2025-10-30 09:21:19"}
{"error":"write EPIPE","level":"\u001b[31merror\u001b[39m","message":"Uncaught Exception","stack":"Error: write EPIPE\n    at afterWriteDispatched (node:internal/stream_base_commons:159:15)\n    at writeGeneric (node:internal/stream_base_commons:150:3)\n    at Socket._writeGeneric (node:net:966:11)\n    at Socket._write (node:net:978:8)\n    at writeOrBuffer (node:internal/streams/writable:572:12)\n    at _write (node:internal/streams/writable:501:10)\n    at Writable.write (node:internal/streams/writable:510:10)\n    at Console.log (/Users/roberto/Projects/Liminal/HolonsBot/node_modules/winston/lib/winston/transports/console.js:87:23)\n    at Console._write (/Users/roberto/Projects/Liminal/HolonsBot/node_modules/winston-transport/modern.js:82:19)\n    at doWrite (/Users/roberto/Projects/Liminal/HolonsBot/node_modules/readable-stream/lib/_stream_writable.js:390:139)","timestamp":"2025-10-30 09:21:19"}
{"level":"\u001b[32minfo\u001b[39m","message":"SIGTERM received, shutting down gracefully","timestamp":"2025-10-30 09:21:31"}
{"level":"\u001b[32minfo\u001b[39m","message":"Starting HolonsBot","timestamp":"2025-10-30 09:21:56"}
{"appname":"Holons","level":"\u001b[32minfo\u001b[39m","message":"Starting HolonsBot initialization","timestamp":"2025-10-30 09:21:56"}
{"level":"\u001b[32minfo\u001b[39m","message":"Telegram bot initialized (not yet launched)","timestamp":"2025-10-30 09:21:56"}
{"level":"\u001b[32minfo\u001b[39m","message":"SignalManager initialized","timestamp":"2025-10-30 09:21:56"}
{"appname":"HolonsDebug","level":"\u001b[32minfo\u001b[39m","message":"Database initialized","timestamp":"2025-10-30 09:21:56"}
{"existingModule":"Settings","existingSpecificity":13,"level":"\u001b[33mwarn\u001b[39m","message":"Signal conflict detected:","newModule":"Settings","newSpecificity":13,"pattern":"regex:timezone_set_(.+)","resolution":"existing wins","timestamp":"2025-10-30 09:21:56"}
{"existingModule":"Settings","existingSpecificity":13,"level":"\u001b[33mwarn\u001b[39m","message":"Signal conflict detected:","newModule":"Settings","newSpecificity":13,"pattern":"string:settings_back","resolution":"existing wins","timestamp":"2025-10-30 09:21:56"}
{"existingModule":"Settings","existingSpecificity":22,"level":"\u001b[33mwarn\u001b[39m","message":"Signal conflict detected:","newModule":"Settings","newSpecificity":22,"pattern":"string:settings_values_change","resolution":"existing wins","timestamp":"2025-10-30 09:21:56"}
{"existingModule":"Settings","existingSpecificity":23,"level":"\u001b[33mwarn\u001b[39m","message":"Signal conflict detected:","newModule":"Settings","newSpecificity":23,"pattern":"string:settings_domains_change","resolution":"existing wins","timestamp":"2025-10-30 09:21:56"}
{"existingModule":"Settings","existingSpecificity":21,"level":"\u001b[33mwarn\u001b[39m","message":"Signal conflict detected:","newModule":"Settings","newSpecificity":21,"pattern":"string:settings_roles_change","resolution":"existing wins","timestamp":"2025-10-30 09:21:56"}
{"existingModule":"Settings","existingSpecificity":26,"level":"\u001b[33mwarn\u001b[39m","message":"Signal conflict detected:","newModule":"Settings","newSpecificity":26,"pattern":"string:settings_currencies_change","resolution":"existing wins","timestamp":"2025-10-30 09:21:56"}
{"existingModule":"Settings","existingSpecificity":14,"level":"\u001b[33mwarn\u001b[39m","message":"Signal conflict detected:","newModule":"Settings","newSpecificity":14,"pattern":"string:add_federation","resolution":"existing wins","timestamp":"2025-10-30 09:21:56"}
{"existingModule":"Settings","existingSpecificity":22,"level":"\u001b[33mwarn\u001b[39m","message":"Signal conflict detected:","newModule":"Settings","newSpecificity":22,"pattern":"string:settings_values_change","resolution":"existing wins","timestamp":"2025-10-30 09:21:56"}
{"existingModule":"Settings","existingSpecificity":23,"level":"\u001b[33mwarn\u001b[39m","message":"Signal conflict detected:","newModule":"Settings","newSpecificity":23,"pattern":"string:settings_domains_change","resolution":"existing wins","timestamp":"2025-10-30 09:21:56"}
{"existingModule":"Settings","existingSpecificity":21,"level":"\u001b[33mwarn\u001b[39m","message":"Signal conflict detected:","newModule":"Settings","newSpecificity":21,"pattern":"string:settings_roles_change","resolution":"existing wins","timestamp":"2025-10-30 09:21:56"}
{"existingModule":"Settings","existingSpecificity":26,"level":"\u001b[33mwarn\u001b[39m","message":"Signal conflict detected:","newModule":"Settings","newSpecificity":26,"pattern":"string:settings_currencies_change","resolution":"existing wins","timestamp":"2025-10-30 09:21:56"}
{"existingModule":"Settings","existingSpecificity":12,"level":"\u001b[33mwarn\u001b[39m","message":"Signal conflict detected:","newModule":"Settings","newSpecificity":12,"pattern":"string:help_add_hex","resolution":"existing wins","timestamp":"2025-10-30 09:21:56"}
{"existingModule":"Checklists","existingSpecificity":23,"level":"\u001b[33mwarn\u001b[39m","message":"Signal conflict detected:","newModule":"Roles","newSpecificity":23,"pattern":"regex:back_to_role_(.+)","resolution":"existing wins","timestamp":"2025-10-30 09:21:57"}
{"existingModule":"Checklists","existingSpecificity":6,"level":"\u001b[33mwarn\u001b[39m","message":"Signal conflict detected:","newModule":"Quests","newSpecificity":6,"pattern":"regex:check_(.+)","resolution":"existing wins","timestamp":"2025-10-30 09:21:57"}
{"existingModule":"Checklists","existingSpecificity":12,"level":"\u001b[33mwarn\u001b[39m","message":"Signal conflict detected:","newModule":"Quests","newSpecificity":12,"pattern":"regex:add_item_to_(.+)","resolution":"existing wins","timestamp":"2025-10-30 09:21:57"}
{"existingModule":"Calendar","existingSpecificity":3,"level":"\u001b[33mwarn\u001b[39m","message":"Signal conflict detected:","newModule":"Calendar","newSpecificity":3,"pattern":"regex:n_(.+)_(?:--|\\+\\+|\\+|-|0)","resolution":"existing wins","timestamp":"2025-10-30 09:21:57"}
{"existingModule":"Quests","existingSpecificity":15,"level":"\u001b[33mwarn\u001b[39m","message":"Signal conflict detected:","newModule":"Scheduler","newSpecificity":15,"pattern":"regex:schedule_quest_(.+)","resolution":"existing wins","timestamp":"2025-10-30 09:21:57"}
{"level":"\u001b[31merror\u001b[39m","message":"Unhandled Promise Rejection","promise":"[object Promise]","reason":"this.db.holosphere.getAllGlobal is not a function","stack":"TypeError: this.db.holosphere.getAllGlobal is not a function\n    at Scheduler.loadTasks (file:///Users/roberto/Projects/Liminal/HolonsBot/Scheduler.js:79:48)\n    at new Scheduler (file:///Users/roberto/Projects/Liminal/HolonsBot/Scheduler.js:31:14)\n    at Object.factory (file:///Users/roberto/Projects/Liminal/HolonsBot/core/ServiceDefinitions.js:280:25)\n    at ServiceContainer.get (file:///Users/roberto/Projects/Liminal/HolonsBot/core/ServiceContainer.js:76:48)\n    at async ServiceContainer.initializeAll (file:///Users/roberto/Projects/Liminal/HolonsBot/core/ServiceContainer.js:122:9)\n    at async HolonsBot.init (file:///Users/roberto/Projects/Liminal/HolonsBot/core/HolonsBotCore.js:49:7)\n    at async startBot (file:///Users/roberto/Projects/Liminal/HolonsBot/HolonsBot.js:18:5)","timestamp":"2025-10-30 09:21:57"}
{"level":"\u001b[31merror\u001b[39m","message":"Unhandled promise rejection","reason":"this.db.holosphere.getAllGlobal is not a function","stack":"TypeError: this.db.holosphere.getAllGlobal is not a function\n    at Scheduler.loadTasks (file:///Users/roberto/Projects/Liminal/HolonsBot/Scheduler.js:79:48)\n    at new Scheduler (file:///Users/roberto/Projects/Liminal/HolonsBot/Scheduler.js:31:14)\n    at Object.factory (file:///Users/roberto/Projects/Liminal/HolonsBot/core/ServiceDefinitions.js:280:25)\n    at ServiceContainer.get (file:///Users/roberto/Projects/Liminal/HolonsBot/core/ServiceContainer.js:76:48)\n    at async ServiceContainer.initializeAll (file:///Users/roberto/Projects/Liminal/HolonsBot/core/ServiceContainer.js:122:9)\n    at async HolonsBot.init (file:///Users/roberto/Projects/Liminal/HolonsBot/core/HolonsBotCore.js:49:7)\n    at async startBot (file:///Users/roberto/Projects/Liminal/HolonsBot/HolonsBot.js:18:5)","timestamp":"2025-10-30 09:21:57"}
{"level":"\u001b[32minfo\u001b[39m","message":"Starting HolonsBot","timestamp":"2025-10-30 09:27:09"}
{"appname":"Holons","level":"\u001b[32minfo\u001b[39m","message":"Starting HolonsBot initialization","timestamp":"2025-10-30 09:27:09"}
{"level":"\u001b[32minfo\u001b[39m","message":"Telegram bot initialized (not yet launched)","timestamp":"2025-10-30 09:27:09"}
{"level":"\u001b[32minfo\u001b[39m","message":"SignalManager initialized","timestamp":"2025-10-30 09:27:09"}
{"appname":"HolonsDebug","level":"\u001b[32minfo\u001b[39m","message":"Database initialized","timestamp":"2025-10-30 09:27:10"}
{"existingModule":"Settings","existingSpecificity":13,"level":"\u001b[33mwarn\u001b[39m","message":"Signal conflict detected:","newModule":"Settings","newSpecificity":13,"pattern":"regex:timezone_set_(.+)","resolution":"existing wins","timestamp":"2025-10-30 09:27:10"}
{"existingModule":"Settings","existingSpecificity":13,"level":"\u001b[33mwarn\u001b[39m","message":"Signal conflict detected:","newModule":"Settings","newSpecificity":13,"pattern":"string:settings_back","resolution":"existing wins","timestamp":"2025-10-30 09:27:10"}
{"existingModule":"Settings","existingSpecificity":22,"level":"\u001b[33mwarn\u001b[39m","message":"Signal conflict detected:","newModule":"Settings","newSpecificity":22,"pattern":"string:settings_values_change","resolution":"existing wins","timestamp":"2025-10-30 09:27:10"}
{"existingModule":"Settings","existingSpecificity":23,"level":"\u001b[33mwarn\u001b[39m","message":"Signal conflict detected:","newModule":"Settings","newSpecificity":23,"pattern":"string:settings_domains_change","resolution":"existing wins","timestamp":"2025-10-30 09:27:10"}
{"existingModule":"Settings","existingSpecificity":21,"level":"\u001b[33mwarn\u001b[39m","message":"Signal conflict detected:","newModule":"Settings","newSpecificity":21,"pattern":"string:settings_roles_change","resolution":"existing wins","timestamp":"2025-10-30 09:27:10"}
{"existingModule":"Settings","existingSpecificity":26,"level":"\u001b[33mwarn\u001b[39m","message":"Signal conflict detected:","newModule":"Settings","newSpecificity":26,"pattern":"string:settings_currencies_change","resolution":"existing wins","timestamp":"2025-10-30 09:27:10"}
{"existingModule":"Settings","existingSpecificity":14,"level":"\u001b[33mwarn\u001b[39m","message":"Signal conflict detected:","newModule":"Settings","newSpecificity":14,"pattern":"string:add_federation","resolution":"existing wins","timestamp":"2025-10-30 09:27:10"}
{"existingModule":"Settings","existingSpecificity":22,"level":"\u001b[33mwarn\u001b[39m","message":"Signal conflict detected:","newModule":"Settings","newSpecificity":22,"pattern":"string:settings_values_change","resolution":"existing wins","timestamp":"2025-10-30 09:27:10"}
{"existingModule":"Settings","existingSpecificity":23,"level":"\u001b[33mwarn\u001b[39m","message":"Signal conflict detected:","newModule":"Settings","newSpecificity":23,"pattern":"string:settings_domains_change","resolution":"existing wins","timestamp":"2025-10-30 09:27:10"}
{"existingModule":"Settings","existingSpecificity":21,"level":"\u001b[33mwarn\u001b[39m","message":"Signal conflict detected:","newModule":"Settings","newSpecificity":21,"pattern":"string:settings_roles_change","resolution":"existing wins","timestamp":"2025-10-30 09:27:10"}
{"existingModule":"Settings","existingSpecificity":26,"level":"\u001b[33mwarn\u001b[39m","message":"Signal conflict detected:","newModule":"Settings","newSpecificity":26,"pattern":"string:settings_currencies_change","resolution":"existing wins","timestamp":"2025-10-30 09:27:10"}
{"existingModule":"Settings","existingSpecificity":12,"level":"\u001b[33mwarn\u001b[39m","message":"Signal conflict detected:","newModule":"Settings","newSpecificity":12,"pattern":"string:help_add_hex","resolution":"existing wins","timestamp":"2025-10-30 09:27:10"}
{"existingModule":"Checklists","existingSpecificity":23,"level":"\u001b[33mwarn\u001b[39m","message":"Signal conflict detected:","newModule":"Roles","newSpecificity":23,"pattern":"regex:back_to_role_(.+)","resolution":"existing wins","timestamp":"2025-10-30 09:27:10"}
{"existingModule":"Checklists","existingSpecificity":6,"level":"\u001b[33mwarn\u001b[39m","message":"Signal conflict detected:","newModule":"Quests","newSpecificity":6,"pattern":"regex:check_(.+)","resolution":"existing wins","timestamp":"2025-10-30 09:27:10"}
{"existingModule":"Checklists","existingSpecificity":12,"level":"\u001b[33mwarn\u001b[39m","message":"Signal conflict detected:","newModule":"Quests","newSpecificity":12,"pattern":"regex:add_item_to_(.+)","resolution":"existing wins","timestamp":"2025-10-30 09:27:10"}
{"existingModule":"Calendar","existingSpecificity":3,"level":"\u001b[33mwarn\u001b[39m","message":"Signal conflict detected:","newModule":"Calendar","newSpecificity":3,"pattern":"regex:n_(.+)_(?:--|\\+\\+|\\+|-|0)","resolution":"existing wins","timestamp":"2025-10-30 09:27:10"}
{"existingModule":"Quests","existingSpecificity":15,"level":"\u001b[33mwarn\u001b[39m","message":"Signal conflict detected:","newModule":"Scheduler","newSpecificity":15,"pattern":"regex:schedule_quest_(.+)","resolution":"existing wins","timestamp":"2025-10-30 09:27:10"}
{"level":"\u001b[31merror\u001b[39m","message":"Unhandled Promise Rejection","promise":"[object Promise]","reason":"this.db.holosphere.getAllGlobal is not a function","stack":"TypeError: this.db.holosphere.getAllGlobal is not a function\n    at Scheduler.loadTasks (file:///Users/roberto/Projects/Liminal/HolonsBot/Scheduler.js:79:48)\n    at new Scheduler (file:///Users/roberto/Projects/Liminal/HolonsBot/Scheduler.js:31:14)\n    at Object.factory (file:///Users/roberto/Projects/Liminal/HolonsBot/core/ServiceDefinitions.js:280:25)\n    at ServiceContainer.get (file:///Users/roberto/Projects/Liminal/HolonsBot/core/ServiceContainer.js:76:48)\n    at async ServiceContainer.initializeAll (file:///Users/roberto/Projects/Liminal/HolonsBot/core/ServiceContainer.js:122:9)\n    at async HolonsBot.init (file:///Users/roberto/Projects/Liminal/HolonsBot/core/HolonsBotCore.js:49:7)\n    at async startBot (file:///Users/roberto/Projects/Liminal/HolonsBot/HolonsBot.js:18:5)","timestamp":"2025-10-30 09:27:10"}
{"level":"\u001b[31merror\u001b[39m","message":"Unhandled promise rejection","reason":"this.db.holosphere.getAllGlobal is not a function","stack":"TypeError: this.db.holosphere.getAllGlobal is not a function\n    at Scheduler.loadTasks (file:///Users/roberto/Projects/Liminal/HolonsBot/Scheduler.js:79:48)\n    at new Scheduler (file:///Users/roberto/Projects/Liminal/HolonsBot/Scheduler.js:31:14)\n    at Object.factory (file:///Users/roberto/Projects/Liminal/HolonsBot/core/ServiceDefinitions.js:280:25)\n    at ServiceContainer.get (file:///Users/roberto/Projects/Liminal/HolonsBot/core/ServiceContainer.js:76:48)\n    at async ServiceContainer.initializeAll (file:///Users/roberto/Projects/Liminal/HolonsBot/core/ServiceContainer.js:122:9)\n    at async HolonsBot.init (file:///Users/roberto/Projects/Liminal/HolonsBot/core/HolonsBotCore.js:49:7)\n    at async startBot (file:///Users/roberto/Projects/Liminal/HolonsBot/HolonsBot.js:18:5)","timestamp":"2025-10-30 09:27:10"}
{"error":"409: Conflict: terminated by other getUpdates request; make sure that only one bot instance is running","level":"\u001b[31merror\u001b[39m","message":"Failed to launch Telegram bot","timestamp":"2025-10-30 09:27:11"}
{"level":"\u001b[32minfo\u001b[39m","message":"Starting HolonsBot","timestamp":"2025-10-30 09:27:19"}
{"appname":"Holons","level":"\u001b[32minfo\u001b[39m","message":"Starting HolonsBot initialization","timestamp":"2025-10-30 09:27:20"}
{"level":"\u001b[32minfo\u001b[39m","message":"Telegram bot initialized (not yet launched)","timestamp":"2025-10-30 09:27:20"}
{"level":"\u001b[32minfo\u001b[39m","message":"SignalManager initialized","timestamp":"2025-10-30 09:27:20"}
{"appname":"HolonsDebug","level":"\u001b[32minfo\u001b[39m","message":"Database initialized","timestamp":"2025-10-30 09:27:20"}
{"existingModule":"Settings","existingSpecificity":13,"level":"\u001b[33mwarn\u001b[39m","message":"Signal conflict detected:","newModule":"Settings","newSpecificity":13,"pattern":"regex:timezone_set_(.+)","resolution":"existing wins","timestamp":"2025-10-30 09:27:20"}
{"existingModule":"Settings","existingSpecificity":13,"level":"\u001b[33mwarn\u001b[39m","message":"Signal conflict detected:","newModule":"Settings","newSpecificity":13,"pattern":"string:settings_back","resolution":"existing wins","timestamp":"2025-10-30 09:27:20"}
{"existingModule":"Settings","existingSpecificity":22,"level":"\u001b[33mwarn\u001b[39m","message":"Signal conflict detected:","newModule":"Settings","newSpecificity":22,"pattern":"string:settings_values_change","resolution":"existing wins","timestamp":"2025-10-30 09:27:20"}
{"existingModule":"Settings","existingSpecificity":23,"level":"\u001b[33mwarn\u001b[39m","message":"Signal conflict detected:","newModule":"Settings","newSpecificity":23,"pattern":"string:settings_domains_change","resolution":"existing wins","timestamp":"2025-10-30 09:27:20"}
{"existingModule":"Settings","existingSpecificity":21,"level":"\u001b[33mwarn\u001b[39m","message":"Signal conflict detected:","newModule":"Settings","newSpecificity":21,"pattern":"string:settings_roles_change","resolution":"existing wins","timestamp":"2025-10-30 09:27:20"}
{"existingModule":"Settings","existingSpecificity":26,"level":"\u001b[33mwarn\u001b[39m","message":"Signal conflict detected:","newModule":"Settings","newSpecificity":26,"pattern":"string:settings_currencies_change","resolution":"existing wins","timestamp":"2025-10-30 09:27:20"}
{"existingModule":"Settings","existingSpecificity":14,"level":"\u001b[33mwarn\u001b[39m","message":"Signal conflict detected:","newModule":"Settings","newSpecificity":14,"pattern":"string:add_federation","resolution":"existing wins","timestamp":"2025-10-30 09:27:20"}
{"existingModule":"Settings","existingSpecificity":22,"level":"\u001b[33mwarn\u001b[39m","message":"Signal conflict detected:","newModule":"Settings","newSpecificity":22,"pattern":"string:settings_values_change","resolution":"existing wins","timestamp":"2025-10-30 09:27:20"}
{"existingModule":"Settings","existingSpecificity":23,"level":"\u001b[33mwarn\u001b[39m","message":"Signal conflict detected:","newModule":"Settings","newSpecificity":23,"pattern":"string:settings_domains_change","resolution":"existing wins","timestamp":"2025-10-30 09:27:20"}
{"existingModule":"Settings","existingSpecificity":21,"level":"\u001b[33mwarn\u001b[39m","message":"Signal conflict detected:","newModule":"Settings","newSpecificity":21,"pattern":"string:settings_roles_change","resolution":"existing wins","timestamp":"2025-10-30 09:27:20"}
{"existingModule":"Settings","existingSpecificity":26,"level":"\u001b[33mwarn\u001b[39m","message":"Signal conflict detected:","newModule":"Settings","newSpecificity":26,"pattern":"string:settings_currencies_change","resolution":"existing wins","timestamp":"2025-10-30 09:27:20"}
{"existingModule":"Settings","existingSpecificity":12,"level":"\u001b[33mwarn\u001b[39m","message":"Signal conflict detected:","newModule":"Settings","newSpecificity":12,"pattern":"string:help_add_hex","resolution":"existing wins","timestamp":"2025-10-30 09:27:20"}
{"existingModule":"Checklists","existingSpecificity":23,"level":"\u001b[33mwarn\u001b[39m","message":"Signal conflict detected:","newModule":"Roles","newSpecificity":23,"pattern":"regex:back_to_role_(.+)","resolution":"existing wins","timestamp":"2025-10-30 09:27:20"}
{"existingModule":"Checklists","existingSpecificity":6,"level":"\u001b[33mwarn\u001b[39m","message":"Signal conflict detected:","newModule":"Quests","newSpecificity":6,"pattern":"regex:check_(.+)","resolution":"existing wins","timestamp":"2025-10-30 09:27:20"}
{"existingModule":"Checklists","existingSpecificity":12,"level":"\u001b[33mwarn\u001b[39m","message":"Signal conflict detected:","newModule":"Quests","newSpecificity":12,"pattern":"regex:add_item_to_(.+)","resolution":"existing wins","timestamp":"2025-10-30 09:27:20"}
{"existingModule":"Calendar","existingSpecificity":3,"level":"\u001b[33mwarn\u001b[39m","message":"Signal conflict detected:","newModule":"Calendar","newSpecificity":3,"pattern":"regex:n_(.+)_(?:--|\\+\\+|\\+|-|0)","resolution":"existing wins","timestamp":"2025-10-30 09:27:20"}
{"existingModule":"Quests","existingSpecificity":15,"level":"\u001b[33mwarn\u001b[39m","message":"Signal conflict detected:","newModule":"Scheduler","newSpecificity":15,"pattern":"regex:schedule_quest_(.+)","resolution":"existing wins","timestamp":"2025-10-30 09:27:20"}
{"level":"\u001b[31merror\u001b[39m","message":"Unhandled Promise Rejection","promise":"[object Promise]","reason":"this.db.holosphere.getAllGlobal is not a function","stack":"TypeError: this.db.holosphere.getAllGlobal is not a function\n    at Scheduler.loadTasks (file:///Users/roberto/Projects/Liminal/HolonsBot/Scheduler.js:79:48)\n    at new Scheduler (file:///Users/roberto/Projects/Liminal/HolonsBot/Scheduler.js:31:14)\n    at Object.factory (file:///Users/roberto/Projects/Liminal/HolonsBot/core/ServiceDefinitions.js:280:25)\n    at ServiceContainer.get (file:///Users/roberto/Projects/Liminal/HolonsBot/core/ServiceContainer.js:76:48)\n    at async ServiceContainer.initializeAll (file:///Users/roberto/Projects/Liminal/HolonsBot/core/ServiceContainer.js:122:9)\n    at async HolonsBot.init (file:///Users/roberto/Projects/Liminal/HolonsBot/core/HolonsBotCore.js:49:7)\n    at async startBot (file:///Users/roberto/Projects/Liminal/HolonsBot/HolonsBot.js:18:5)","timestamp":"2025-10-30 09:27:20"}
{"level":"\u001b[31merror\u001b[39m","message":"Unhandled promise rejection","reason":"this.db.holosphere.getAllGlobal is not a function","stack":"TypeError: this.db.holosphere.getAllGlobal is not a function\n    at Scheduler.loadTasks (file:///Users/roberto/Projects/Liminal/HolonsBot/Scheduler.js:79:48)\n    at new Scheduler (file:///Users/roberto/Projects/Liminal/HolonsBot/Scheduler.js:31:14)\n    at Object.factory (file:///Users/roberto/Projects/Liminal/HolonsBot/core/ServiceDefinitions.js:280:25)\n    at ServiceContainer.get (file:///Users/roberto/Projects/Liminal/HolonsBot/core/ServiceContainer.js:76:48)\n    at async ServiceContainer.initializeAll (file:///Users/roberto/Projects/Liminal/HolonsBot/core/ServiceContainer.js:122:9)\n    at async HolonsBot.init (file:///Users/roberto/Projects/Liminal/HolonsBot/core/HolonsBotCore.js:49:7)\n    at async startBot (file:///Users/roberto/Projects/Liminal/HolonsBot/HolonsBot.js:18:5)","timestamp":"2025-10-30 09:27:20"}
{"error":"409: Conflict: terminated by other getUpdates request; make sure that only one bot instance is running","level":"\u001b[31merror\u001b[39m","message":"Failed to launch Telegram bot","timestamp":"2025-10-30 09:27:21"}
{"level":"\u001b[32minfo\u001b[39m","message":"Starting HolonsBot","timestamp":"2025-10-30 09:27:29"}
{"appname":"Holons","level":"\u001b[32minfo\u001b[39m","message":"Starting HolonsBot initialization","timestamp":"2025-10-30 09:27:30"}
{"level":"\u001b[32minfo\u001b[39m","message":"Telegram bot initialized (not yet launched)","timestamp":"2025-10-30 09:27:30"}
{"level":"\u001b[32minfo\u001b[39m","message":"SignalManager initialized","timestamp":"2025-10-30 09:27:30"}
{"appname":"HolonsDebug","level":"\u001b[32minfo\u001b[39m","message":"Database initialized","timestamp":"2025-10-30 09:27:30"}
{"existingModule":"Settings","existingSpecificity":13,"level":"\u001b[33mwarn\u001b[39m","message":"Signal conflict detected:","newModule":"Settings","newSpecificity":13,"pattern":"regex:timezone_set_(.+)","resolution":"existing wins","timestamp":"2025-10-30 09:27:30"}
{"existingModule":"Settings","existingSpecificity":13,"level":"\u001b[33mwarn\u001b[39m","message":"Signal conflict detected:","newModule":"Settings","newSpecificity":13,"pattern":"string:settings_back","resolution":"existing wins","timestamp":"2025-10-30 09:27:30"}
{"existingModule":"Settings","existingSpecificity":22,"level":"\u001b[33mwarn\u001b[39m","message":"Signal conflict detected:","newModule":"Settings","newSpecificity":22,"pattern":"string:settings_values_change","resolution":"existing wins","timestamp":"2025-10-30 09:27:30"}
{"existingModule":"Settings","existingSpecificity":23,"level":"\u001b[33mwarn\u001b[39m","message":"Signal conflict detected:","newModule":"Settings","newSpecificity":23,"pattern":"string:settings_domains_change","resolution":"existing wins","timestamp":"2025-10-30 09:27:30"}
{"existingModule":"Settings","existingSpecificity":21,"level":"\u001b[33mwarn\u001b[39m","message":"Signal conflict detected:","newModule":"Settings","newSpecificity":21,"pattern":"string:settings_roles_change","resolution":"existing wins","timestamp":"2025-10-30 09:27:30"}
{"existingModule":"Settings","existingSpecificity":26,"level":"\u001b[33mwarn\u001b[39m","message":"Signal conflict detected:","newModule":"Settings","newSpecificity":26,"pattern":"string:settings_currencies_change","resolution":"existing wins","timestamp":"2025-10-30 09:27:30"}
{"existingModule":"Settings","existingSpecificity":14,"level":"\u001b[33mwarn\u001b[39m","message":"Signal conflict detected:","newModule":"Settings","newSpecificity":14,"pattern":"string:add_federation","resolution":"existing wins","timestamp":"2025-10-30 09:27:30"}
{"existingModule":"Settings","existingSpecificity":22,"level":"\u001b[33mwarn\u001b[39m","message":"Signal conflict detected:","newModule":"Settings","newSpecificity":22,"pattern":"string:settings_values_change","resolution":"existing wins","timestamp":"2025-10-30 09:27:30"}
{"existingModule":"Settings","existingSpecificity":23,"level":"\u001b[33mwarn\u001b[39m","message":"Signal conflict detected:","newModule":"Settings","newSpecificity":23,"pattern":"string:settings_domains_change","resolution":"existing wins","timestamp":"2025-10-30 09:27:30"}
{"existingModule":"Settings","existingSpecificity":21,"level":"\u001b[33mwarn\u001b[39m","message":"Signal conflict detected:","newModule":"Settings","newSpecificity":21,"pattern":"string:settings_roles_change","resolution":"existing wins","timestamp":"2025-10-30 09:27:30"}
{"existingModule":"Settings","existingSpecificity":26,"level":"\u001b[33mwarn\u001b[39m","message":"Signal conflict detected:","newModule":"Settings","newSpecificity":26,"pattern":"string:settings_currencies_change","resolution":"existing wins","timestamp":"2025-10-30 09:27:30"}
{"existingModule":"Settings","existingSpecificity":12,"level":"\u001b[33mwarn\u001b[39m","message":"Signal conflict detected:","newModule":"Settings","newSpecificity":12,"pattern":"string:help_add_hex","resolution":"existing wins","timestamp":"2025-10-30 09:27:30"}
{"existingModule":"Checklists","existingSpecificity":23,"level":"\u001b[33mwarn\u001b[39m","message":"Signal conflict detected:","newModule":"Roles","newSpecificity":23,"pattern":"regex:back_to_role_(.+)","resolution":"existing wins","timestamp":"2025-10-30 09:27:30"}
{"existingModule":"Checklists","existingSpecificity":6,"level":"\u001b[33mwarn\u001b[39m","message":"Signal conflict detected:","newModule":"Quests","newSpecificity":6,"pattern":"regex:check_(.+)","resolution":"existing wins","timestamp":"2025-10-30 09:27:30"}
{"existingModule":"Checklists","existingSpecificity":12,"level":"\u001b[33mwarn\u001b[39m","message":"Signal conflict detected:","newModule":"Quests","newSpecificity":12,"pattern":"regex:add_item_to_(.+)","resolution":"existing wins","timestamp":"2025-10-30 09:27:30"}
{"existingModule":"Calendar","existingSpecificity":3,"level":"\u001b[33mwarn\u001b[39m","message":"Signal conflict detected:","newModule":"Calendar","newSpecificity":3,"pattern":"regex:n_(.+)_(?:--|\\+\\+|\\+|-|0)","resolution":"existing wins","timestamp":"2025-10-30 09:27:30"}
{"existingModule":"Quests","existingSpecificity":15,"level":"\u001b[33mwarn\u001b[39m","message":"Signal conflict detected:","newModule":"Scheduler","newSpecificity":15,"pattern":"regex:schedule_quest_(.+)","resolution":"existing wins","timestamp":"2025-10-30 09:27:30"}
{"level":"\u001b[31merror\u001b[39m","message":"Unhandled Promise Rejection","promise":"[object Promise]","reason":"this.db.holosphere.getAllGlobal is not a function","stack":"TypeError: this.db.holosphere.getAllGlobal is not a function\n    at Scheduler.loadTasks (file:///Users/roberto/Projects/Liminal/HolonsBot/Scheduler.js:79:48)\n    at new Scheduler (file:///Users/roberto/Projects/Liminal/HolonsBot/Scheduler.js:31:14)\n    at Object.factory (file:///Users/roberto/Projects/Liminal/HolonsBot/core/ServiceDefinitions.js:280:25)\n    at ServiceContainer.get (file:///Users/roberto/Projects/Liminal/HolonsBot/core/ServiceContainer.js:76:48)\n    at async ServiceContainer.initializeAll (file:///Users/roberto/Projects/Liminal/HolonsBot/core/ServiceContainer.js:122:9)\n    at async HolonsBot.init (file:///Users/roberto/Projects/Liminal/HolonsBot/core/HolonsBotCore.js:49:7)\n    at async startBot (file:///Users/roberto/Projects/Liminal/HolonsBot/HolonsBot.js:18:5)","timestamp":"2025-10-30 09:27:30"}
{"level":"\u001b[31merror\u001b[39m","message":"Unhandled promise rejection","reason":"this.db.holosphere.getAllGlobal is not a function","stack":"TypeError: this.db.holosphere.getAllGlobal is not a function\n    at Scheduler.loadTasks (file:///Users/roberto/Projects/Liminal/HolonsBot/Scheduler.js:79:48)\n    at new Scheduler (file:///Users/roberto/Projects/Liminal/HolonsBot/Scheduler.js:31:14)\n    at Object.factory (file:///Users/roberto/Projects/Liminal/HolonsBot/core/ServiceDefinitions.js:280:25)\n    at ServiceContainer.get (file:///Users/roberto/Projects/Liminal/HolonsBot/core/ServiceContainer.js:76:48)\n    at async ServiceContainer.initializeAll (file:///Users/roberto/Projects/Liminal/HolonsBot/core/ServiceContainer.js:122:9)\n    at async HolonsBot.init (file:///Users/roberto/Projects/Liminal/HolonsBot/core/HolonsBotCore.js:49:7)\n    at async startBot (file:///Users/roberto/Projects/Liminal/HolonsBot/HolonsBot.js:18:5)","timestamp":"2025-10-30 09:27:30"}
{"error":"409: Conflict: terminated by other getUpdates request; make sure that only one bot instance is running","level":"\u001b[31merror\u001b[39m","message":"Failed to launch Telegram bot","timestamp":"2025-10-30 09:27:31"}
{"level":"\u001b[32minfo\u001b[39m","message":"Starting HolonsBot","timestamp":"2025-10-30 09:29:18"}
{"appname":"Holons","level":"\u001b[32minfo\u001b[39m","message":"Starting HolonsBot initialization","timestamp":"2025-10-30 09:29:18"}
{"level":"\u001b[32minfo\u001b[39m","message":"Telegram bot initialized (not yet launched)","timestamp":"2025-10-30 09:29:18"}
{"level":"\u001b[32minfo\u001b[39m","message":"SignalManager initialized","timestamp":"2025-10-30 09:29:18"}
{"appname":"HolonsDebug","level":"\u001b[32minfo\u001b[39m","message":"Database initialized","timestamp":"2025-10-30 09:29:18"}
{"existingModule":"Settings","existingSpecificity":13,"level":"\u001b[33mwarn\u001b[39m","message":"Signal conflict detected:","newModule":"Settings","newSpecificity":13,"pattern":"regex:timezone_set_(.+)","resolution":"existing wins","timestamp":"2025-10-30 09:29:18"}
{"existingModule":"Settings","existingSpecificity":13,"level":"\u001b[33mwarn\u001b[39m","message":"Signal conflict detected:","newModule":"Settings","newSpecificity":13,"pattern":"string:settings_back","resolution":"existing wins","timestamp":"2025-10-30 09:29:18"}
{"existingModule":"Settings","existingSpecificity":22,"level":"\u001b[33mwarn\u001b[39m","message":"Signal conflict detected:","newModule":"Settings","newSpecificity":22,"pattern":"string:settings_values_change","resolution":"existing wins","timestamp":"2025-10-30 09:29:18"}
{"existingModule":"Settings","existingSpecificity":23,"level":"\u001b[33mwarn\u001b[39m","message":"Signal conflict detected:","newModule":"Settings","newSpecificity":23,"pattern":"string:settings_domains_change","resolution":"existing wins","timestamp":"2025-10-30 09:29:18"}
{"existingModule":"Settings","existingSpecificity":21,"level":"\u001b[33mwarn\u001b[39m","message":"Signal conflict detected:","newModule":"Settings","newSpecificity":21,"pattern":"string:settings_roles_change","resolution":"existing wins","timestamp":"2025-10-30 09:29:18"}
{"existingModule":"Settings","existingSpecificity":26,"level":"\u001b[33mwarn\u001b[39m","message":"Signal conflict detected:","newModule":"Settings","newSpecificity":26,"pattern":"string:settings_currencies_change","resolution":"existing wins","timestamp":"2025-10-30 09:29:18"}
{"existingModule":"Settings","existingSpecificity":14,"level":"\u001b[33mwarn\u001b[39m","message":"Signal conflict detected:","newModule":"Settings","newSpecificity":14,"pattern":"string:add_federation","resolution":"existing wins","timestamp":"2025-10-30 09:29:18"}
{"existingModule":"Settings","existingSpecificity":22,"level":"\u001b[33mwarn\u001b[39m","message":"Signal conflict detected:","newModule":"Settings","newSpecificity":22,"pattern":"string:settings_values_change","resolution":"existing wins","timestamp":"2025-10-30 09:29:18"}
{"existingModule":"Settings","existingSpecificity":23,"level":"\u001b[33mwarn\u001b[39m","message":"Signal conflict detected:","newModule":"Settings","newSpecificity":23,"pattern":"string:settings_domains_change","resolution":"existing wins","timestamp":"2025-10-30 09:29:18"}
{"existingModule":"Settings","existingSpecificity":21,"level":"\u001b[33mwarn\u001b[39m","message":"Signal conflict detected:","newModule":"Settings","newSpecificity":21,"pattern":"string:settings_roles_change","resolution":"existing wins","timestamp":"2025-10-30 09:29:18"}
{"existingModule":"Settings","existingSpecificity":26,"level":"\u001b[33mwarn\u001b[39m","message":"Signal conflict detected:","newModule":"Settings","newSpecificity":26,"pattern":"string:settings_currencies_change","resolution":"existing wins","timestamp":"2025-10-30 09:29:18"}
{"existingModule":"Settings","existingSpecificity":12,"level":"\u001b[33mwarn\u001b[39m","message":"Signal conflict detected:","newModule":"Settings","newSpecificity":12,"pattern":"string:help_add_hex","resolution":"existing wins","timestamp":"2025-10-30 09:29:18"}
{"existingModule":"Checklists","existingSpecificity":23,"level":"\u001b[33mwarn\u001b[39m","message":"Signal conflict detected:","newModule":"Roles","newSpecificity":23,"pattern":"regex:back_to_role_(.+)","resolution":"existing wins","timestamp":"2025-10-30 09:29:19"}
{"existingModule":"Checklists","existingSpecificity":6,"level":"\u001b[33mwarn\u001b[39m","message":"Signal conflict detected:","newModule":"Quests","newSpecificity":6,"pattern":"regex:check_(.+)","resolution":"existing wins","timestamp":"2025-10-30 09:29:19"}
{"existingModule":"Checklists","existingSpecificity":12,"level":"\u001b[33mwarn\u001b[39m","message":"Signal conflict detected:","newModule":"Quests","newSpecificity":12,"pattern":"regex:add_item_to_(.+)","resolution":"existing wins","timestamp":"2025-10-30 09:29:19"}
{"existingModule":"Calendar","existingSpecificity":3,"level":"\u001b[33mwarn\u001b[39m","message":"Signal conflict detected:","newModule":"Calendar","newSpecificity":3,"pattern":"regex:n_(.+)_(?:--|\\+\\+|\\+|-|0)","resolution":"existing wins","timestamp":"2025-10-30 09:29:19"}
{"existingModule":"Quests","existingSpecificity":15,"level":"\u001b[33mwarn\u001b[39m","message":"Signal conflict detected:","newModule":"Scheduler","newSpecificity":15,"pattern":"regex:schedule_quest_(.+)","resolution":"existing wins","timestamp":"2025-10-30 09:29:19"}
{"level":"\u001b[32minfo\u001b[39m","message":"SIGINT received, shutting down gracefully","timestamp":"2025-10-30 09:30:10"}
{"level":"\u001b[32minfo\u001b[39m","message":"Starting HolonsBot","timestamp":"2025-10-30 09:30:12"}
{"appname":"Holons","level":"\u001b[32minfo\u001b[39m","message":"Starting HolonsBot initialization","timestamp":"2025-10-30 09:30:13"}
{"level":"\u001b[32minfo\u001b[39m","message":"Telegram bot initialized (not yet launched)","timestamp":"2025-10-30 09:30:13"}
{"level":"\u001b[32minfo\u001b[39m","message":"SignalManager initialized","timestamp":"2025-10-30 09:30:13"}
{"appname":"HolonsDebug","level":"\u001b[32minfo\u001b[39m","message":"Database initialized","timestamp":"2025-10-30 09:30:13"}
{"existingModule":"Settings","existingSpecificity":13,"level":"\u001b[33mwarn\u001b[39m","message":"Signal conflict detected:","newModule":"Settings","newSpecificity":13,"pattern":"regex:timezone_set_(.+)","resolution":"existing wins","timestamp":"2025-10-30 09:30:13"}
{"existingModule":"Settings","existingSpecificity":13,"level":"\u001b[33mwarn\u001b[39m","message":"Signal conflict detected:","newModule":"Settings","newSpecificity":13,"pattern":"string:settings_back","resolution":"existing wins","timestamp":"2025-10-30 09:30:13"}
{"existingModule":"Settings","existingSpecificity":22,"level":"\u001b[33mwarn\u001b[39m","message":"Signal conflict detected:","newModule":"Settings","newSpecificity":22,"pattern":"string:settings_values_change","resolution":"existing wins","timestamp":"2025-10-30 09:30:13"}
{"existingModule":"Settings","existingSpecificity":23,"level":"\u001b[33mwarn\u001b[39m","message":"Signal conflict detected:","newModule":"Settings","newSpecificity":23,"pattern":"string:settings_domains_change","resolution":"existing wins","timestamp":"2025-10-30 09:30:13"}
{"existingModule":"Settings","existingSpecificity":21,"level":"\u001b[33mwarn\u001b[39m","message":"Signal conflict detected:","newModule":"Settings","newSpecificity":21,"pattern":"string:settings_roles_change","resolution":"existing wins","timestamp":"2025-10-30 09:30:13"}
{"existingModule":"Settings","existingSpecificity":26,"level":"\u001b[33mwarn\u001b[39m","message":"Signal conflict detected:","newModule":"Settings","newSpecificity":26,"pattern":"string:settings_currencies_change","resolution":"existing wins","timestamp":"2025-10-30 09:30:13"}
{"existingModule":"Settings","existingSpecificity":14,"level":"\u001b[33mwarn\u001b[39m","message":"Signal conflict detected:","newModule":"Settings","newSpecificity":14,"pattern":"string:add_federation","resolution":"existing wins","timestamp":"2025-10-30 09:30:13"}
{"existingModule":"Settings","existingSpecificity":22,"level":"\u001b[33mwarn\u001b[39m","message":"Signal conflict detected:","newModule":"Settings","newSpecificity":22,"pattern":"string:settings_values_change","resolution":"existing wins","timestamp":"2025-10-30 09:30:13"}
{"existingModule":"Settings","existingSpecificity":23,"level":"\u001b[33mwarn\u001b[39m","message":"Signal conflict detected:","newModule":"Settings","newSpecificity":23,"pattern":"string:settings_domains_change","resolution":"existing wins","timestamp":"2025-10-30 09:30:13"}
{"existingModule":"Settings","existingSpecificity":21,"level":"\u001b[33mwarn\u001b[39m","message":"Signal conflict detected:","newModule":"Settings","newSpecificity":21,"pattern":"string:settings_roles_change","resolution":"existing wins","timestamp":"2025-10-30 09:30:13"}
{"existingModule":"Settings","existingSpecificity":26,"level":"\u001b[33mwarn\u001b[39m","message":"Signal conflict detected:","newModule":"Settings","newSpecificity":26,"pattern":"string:settings_currencies_change","resolution":"existing wins","timestamp":"2025-10-30 09:30:13"}
{"existingModule":"Settings","existingSpecificity":12,"level":"\u001b[33mwarn\u001b[39m","message":"Signal conflict detected:","newModule":"Settings","newSpecificity":12,"pattern":"string:help_add_hex","resolution":"existing wins","timestamp":"2025-10-30 09:30:13"}
{"existingModule":"Checklists","existingSpecificity":23,"level":"\u001b[33mwarn\u001b[39m","message":"Signal conflict detected:","newModule":"Roles","newSpecificity":23,"pattern":"regex:back_to_role_(.+)","resolution":"existing wins","timestamp":"2025-10-30 09:30:14"}
{"existingModule":"Checklists","existingSpecificity":6,"level":"\u001b[33mwarn\u001b[39m","message":"Signal conflict detected:","newModule":"Quests","newSpecificity":6,"pattern":"regex:check_(.+)","resolution":"existing wins","timestamp":"2025-10-30 09:30:14"}
{"existingModule":"Checklists","existingSpecificity":12,"level":"\u001b[33mwarn\u001b[39m","message":"Signal conflict detected:","newModule":"Quests","newSpecificity":12,"pattern":"regex:add_item_to_(.+)","resolution":"existing wins","timestamp":"2025-10-30 09:30:14"}
{"existingModule":"Calendar","existingSpecificity":3,"level":"\u001b[33mwarn\u001b[39m","message":"Signal conflict detected:","newModule":"Calendar","newSpecificity":3,"pattern":"regex:n_(.+)_(?:--|\\+\\+|\\+|-|0)","resolution":"existing wins","timestamp":"2025-10-30 09:30:14"}
{"existingModule":"Quests","existingSpecificity":15,"level":"\u001b[33mwarn\u001b[39m","message":"Signal conflict detected:","newModule":"Scheduler","newSpecificity":15,"pattern":"regex:schedule_quest_(.+)","resolution":"existing wins","timestamp":"2025-10-30 09:30:14"}
{"level":"\u001b[32minfo\u001b[39m","message":"SIGINT received, shutting down gracefully","timestamp":"2025-10-30 14:56:19"}
{"level":"\u001b[32minfo\u001b[39m","message":"Starting HolonsBot","timestamp":"2025-10-30 14:56:20"}
{"appname":"Holons","level":"\u001b[32minfo\u001b[39m","message":"Starting HolonsBot initialization","timestamp":"2025-10-30 14:56:21"}
{"level":"\u001b[32minfo\u001b[39m","message":"Telegram bot initialized (not yet launched)","timestamp":"2025-10-30 14:56:21"}
{"level":"\u001b[32minfo\u001b[39m","message":"SignalManager initialized","timestamp":"2025-10-30 14:56:21"}
{"appname":"HolonsDebug","level":"\u001b[32minfo\u001b[39m","message":"Database initialized","timestamp":"2025-10-30 14:56:21"}
{"existingModule":"Settings","existingSpecificity":13,"level":"\u001b[33mwarn\u001b[39m","message":"Signal conflict detected:","newModule":"Settings","newSpecificity":13,"pattern":"regex:timezone_set_(.+)","resolution":"existing wins","timestamp":"2025-10-30 14:56:21"}
{"existingModule":"Settings","existingSpecificity":13,"level":"\u001b[33mwarn\u001b[39m","message":"Signal conflict detected:","newModule":"Settings","newSpecificity":13,"pattern":"string:settings_back","resolution":"existing wins","timestamp":"2025-10-30 14:56:21"}
{"existingModule":"Settings","existingSpecificity":22,"level":"\u001b[33mwarn\u001b[39m","message":"Signal conflict detected:","newModule":"Settings","newSpecificity":22,"pattern":"string:settings_values_change","resolution":"existing wins","timestamp":"2025-10-30 14:56:21"}
{"existingModule":"Settings","existingSpecificity":23,"level":"\u001b[33mwarn\u001b[39m","message":"Signal conflict detected:","newModule":"Settings","newSpecificity":23,"pattern":"string:settings_domains_change","resolution":"existing wins","timestamp":"2025-10-30 14:56:21"}
{"existingModule":"Settings","existingSpecificity":21,"level":"\u001b[33mwarn\u001b[39m","message":"Signal conflict detected:","newModule":"Settings","newSpecificity":21,"pattern":"string:settings_roles_change","resolution":"existing wins","timestamp":"2025-10-30 14:56:21"}
{"existingModule":"Settings","existingSpecificity":26,"level":"\u001b[33mwarn\u001b[39m","message":"Signal conflict detected:","newModule":"Settings","newSpecificity":26,"pattern":"string:settings_currencies_change","resolution":"existing wins","timestamp":"2025-10-30 14:56:21"}
{"existingModule":"Settings","existingSpecificity":14,"level":"\u001b[33mwarn\u001b[39m","message":"Signal conflict detected:","newModule":"Settings","newSpecificity":14,"pattern":"string:add_federation","resolution":"existing wins","timestamp":"2025-10-30 14:56:21"}
{"existingModule":"Settings","existingSpecificity":22,"level":"\u001b[33mwarn\u001b[39m","message":"Signal conflict detected:","newModule":"Settings","newSpecificity":22,"pattern":"string:settings_values_change","resolution":"existing wins","timestamp":"2025-10-30 14:56:21"}
{"existingModule":"Settings","existingSpecificity":23,"level":"\u001b[33mwarn\u001b[39m","message":"Signal conflict detected:","newModule":"Settings","newSpecificity":23,"pattern":"string:settings_domains_change","resolution":"existing wins","timestamp":"2025-10-30 14:56:21"}
{"existingModule":"Settings","existingSpecificity":21,"level":"\u001b[33mwarn\u001b[39m","message":"Signal conflict detected:","newModule":"Settings","newSpecificity":21,"pattern":"string:settings_roles_change","resolution":"existing wins","timestamp":"2025-10-30 14:56:21"}
{"existingModule":"Settings","existingSpecificity":26,"level":"\u001b[33mwarn\u001b[39m","message":"Signal conflict detected:","newModule":"Settings","newSpecificity":26,"pattern":"string:settings_currencies_change","resolution":"existing wins","timestamp":"2025-10-30 14:56:21"}
{"existingModule":"Settings","existingSpecificity":12,"level":"\u001b[33mwarn\u001b[39m","message":"Signal conflict detected:","newModule":"Settings","newSpecificity":12,"pattern":"string:help_add_hex","resolution":"existing wins","timestamp":"2025-10-30 14:56:21"}
{"existingModule":"Checklists","existingSpecificity":23,"level":"\u001b[33mwarn\u001b[39m","message":"Signal conflict detected:","newModule":"Roles","newSpecificity":23,"pattern":"regex:back_to_role_(.+)","resolution":"existing wins","timestamp":"2025-10-30 14:56:22"}
{"existingModule":"Checklists","existingSpecificity":6,"level":"\u001b[33mwarn\u001b[39m","message":"Signal conflict detected:","newModule":"Quests","newSpecificity":6,"pattern":"regex:check_(.+)","resolution":"existing wins","timestamp":"2025-10-30 14:56:22"}
{"existingModule":"Checklists","existingSpecificity":12,"level":"\u001b[33mwarn\u001b[39m","message":"Signal conflict detected:","newModule":"Quests","newSpecificity":12,"pattern":"regex:add_item_to_(.+)","resolution":"existing wins","timestamp":"2025-10-30 14:56:22"}
{"existingModule":"Calendar","existingSpecificity":3,"level":"\u001b[33mwarn\u001b[39m","message":"Signal conflict detected:","newModule":"Calendar","newSpecificity":3,"pattern":"regex:n_(.+)_(?:--|\\+\\+|\\+|-|0)","resolution":"existing wins","timestamp":"2025-10-30 14:56:22"}
{"existingModule":"Quests","existingSpecificity":15,"level":"\u001b[33mwarn\u001b[39m","message":"Signal conflict detected:","newModule":"Scheduler","newSpecificity":15,"pattern":"regex:schedule_quest_(.+)","resolution":"existing wins","timestamp":"2025-10-30 14:56:22"}
{"level":"\u001b[32minfo\u001b[39m","message":"SIGINT received, shutting down gracefully","timestamp":"2025-10-30 17:26:31"}
{"level":"\u001b[32minfo\u001b[39m","message":"Starting HolonsBot","timestamp":"2025-10-30 17:26:35"}
{"appname":"Holons","level":"\u001b[32minfo\u001b[39m","message":"Starting HolonsBot initialization","timestamp":"2025-10-30 17:26:35"}
{"level":"\u001b[32minfo\u001b[39m","message":"Telegram bot initialized (not yet launched)","timestamp":"2025-10-30 17:26:35"}
{"level":"\u001b[32minfo\u001b[39m","message":"SignalManager initialized","timestamp":"2025-10-30 17:26:35"}
{"appname":"HolonsDebug","level":"\u001b[32minfo\u001b[39m","message":"Database initialized","timestamp":"2025-10-30 17:26:35"}
{"existingModule":"Settings","existingSpecificity":13,"level":"\u001b[33mwarn\u001b[39m","message":"Signal conflict detected:","newModule":"Settings","newSpecificity":13,"pattern":"regex:timezone_set_(.+)","resolution":"existing wins","timestamp":"2025-10-30 17:26:35"}
{"existingModule":"Settings","existingSpecificity":13,"level":"\u001b[33mwarn\u001b[39m","message":"Signal conflict detected:","newModule":"Settings","newSpecificity":13,"pattern":"string:settings_back","resolution":"existing wins","timestamp":"2025-10-30 17:26:35"}
{"existingModule":"Settings","existingSpecificity":22,"level":"\u001b[33mwarn\u001b[39m","message":"Signal conflict detected:","newModule":"Settings","newSpecificity":22,"pattern":"string:settings_values_change","resolution":"existing wins","timestamp":"2025-10-30 17:26:35"}
{"existingModule":"Settings","existingSpecificity":23,"level":"\u001b[33mwarn\u001b[39m","message":"Signal conflict detected:","newModule":"Settings","newSpecificity":23,"pattern":"string:settings_domains_change","resolution":"existing wins","timestamp":"2025-10-30 17:26:35"}
{"existingModule":"Settings","existingSpecificity":21,"level":"\u001b[33mwarn\u001b[39m","message":"Signal conflict detected:","newModule":"Settings","newSpecificity":21,"pattern":"string:settings_roles_change","resolution":"existing wins","timestamp":"2025-10-30 17:26:35"}
{"existingModule":"Settings","existingSpecificity":26,"level":"\u001b[33mwarn\u001b[39m","message":"Signal conflict detected:","newModule":"Settings","newSpecificity":26,"pattern":"string:settings_currencies_change","resolution":"existing wins","timestamp":"2025-10-30 17:26:35"}
{"existingModule":"Settings","existingSpecificity":14,"level":"\u001b[33mwarn\u001b[39m","message":"Signal conflict detected:","newModule":"Settings","newSpecificity":14,"pattern":"string:add_federation","resolution":"existing wins","timestamp":"2025-10-30 17:26:35"}
{"existingModule":"Settings","existingSpecificity":22,"level":"\u001b[33mwarn\u001b[39m","message":"Signal conflict detected:","newModule":"Settings","newSpecificity":22,"pattern":"string:settings_values_change","resolution":"existing wins","timestamp":"2025-10-30 17:26:35"}
{"existingModule":"Settings","existingSpecificity":23,"level":"\u001b[33mwarn\u001b[39m","message":"Signal conflict detected:","newModule":"Settings","newSpecificity":23,"pattern":"string:settings_domains_change","resolution":"existing wins","timestamp":"2025-10-30 17:26:35"}
{"existingModule":"Settings","existingSpecificity":21,"level":"\u001b[33mwarn\u001b[39m","message":"Signal conflict detected:","newModule":"Settings","newSpecificity":21,"pattern":"string:settings_roles_change","resolution":"existing wins","timestamp":"2025-10-30 17:26:35"}
{"existingModule":"Settings","existingSpecificity":26,"level":"\u001b[33mwarn\u001b[39m","message":"Signal conflict detected:","newModule":"Settings","newSpecificity":26,"pattern":"string:settings_currencies_change","resolution":"existing wins","timestamp":"2025-10-30 17:26:35"}
{"existingModule":"Settings","existingSpecificity":12,"level":"\u001b[33mwarn\u001b[39m","message":"Signal conflict detected:","newModule":"Settings","newSpecificity":12,"pattern":"string:help_add_hex","resolution":"existing wins","timestamp":"2025-10-30 17:26:35"}
{"existingModule":"Checklists","existingSpecificity":23,"level":"\u001b[33mwarn\u001b[39m","message":"Signal conflict detected:","newModule":"Roles","newSpecificity":23,"pattern":"regex:back_to_role_(.+)","resolution":"existing wins","timestamp":"2025-10-30 17:26:36"}
{"existingModule":"Checklists","existingSpecificity":6,"level":"\u001b[33mwarn\u001b[39m","message":"Signal conflict detected:","newModule":"Quests","newSpecificity":6,"pattern":"regex:check_(.+)","resolution":"existing wins","timestamp":"2025-10-30 17:26:36"}
{"existingModule":"Checklists","existingSpecificity":12,"level":"\u001b[33mwarn\u001b[39m","message":"Signal conflict detected:","newModule":"Quests","newSpecificity":12,"pattern":"regex:add_item_to_(.+)","resolution":"existing wins","timestamp":"2025-10-30 17:26:36"}
{"existingModule":"Calendar","existingSpecificity":3,"level":"\u001b[33mwarn\u001b[39m","message":"Signal conflict detected:","newModule":"Calendar","newSpecificity":3,"pattern":"regex:n_(.+)_(?:--|\\+\\+|\\+|-|0)","resolution":"existing wins","timestamp":"2025-10-30 17:26:36"}
{"existingModule":"Quests","existingSpecificity":15,"level":"\u001b[33mwarn\u001b[39m","message":"Signal conflict detected:","newModule":"Scheduler","newSpecificity":15,"pattern":"regex:schedule_quest_(.+)","resolution":"existing wins","timestamp":"2025-10-30 17:26:36"}
{"level":"\u001b[32minfo\u001b[39m","message":"Starting HolonsBot","timestamp":"2025-10-18 16:46:10"}
{"appname":"Holons","level":"\u001b[32minfo\u001b[39m","message":"Starting HolonsBot initialization","timestamp":"2025-10-18 16:46:11"}
{"level":"\u001b[32minfo\u001b[39m","message":"Telegram bot initialized (not yet launched)","timestamp":"2025-10-18 16:46:11"}
{"level":"\u001b[32minfo\u001b[39m","message":"SignalManager initialized","timestamp":"2025-10-18 16:46:11"}
{"appname":"Holons","level":"\u001b[32minfo\u001b[39m","message":"Database initialized","timestamp":"2025-10-18 16:46:11"}
{"existingModule":"Settings","existingSpecificity":13,"level":"\u001b[33mwarn\u001b[39m","message":"Signal conflict detected:","newModule":"Settings","newSpecificity":13,"pattern":"regex:timezone_set_(.+)","resolution":"existing wins","timestamp":"2025-10-18 16:46:11"}
{"existingModule":"Settings","existingSpecificity":13,"level":"\u001b[33mwarn\u001b[39m","message":"Signal conflict detected:","newModule":"Settings","newSpecificity":13,"pattern":"string:settings_back","resolution":"existing wins","timestamp":"2025-10-18 16:46:11"}
{"existingModule":"Settings","existingSpecificity":22,"level":"\u001b[33mwarn\u001b[39m","message":"Signal conflict detected:","newModule":"Settings","newSpecificity":22,"pattern":"string:settings_values_change","resolution":"existing wins","timestamp":"2025-10-18 16:46:11"}
{"existingModule":"Settings","existingSpecificity":23,"level":"\u001b[33mwarn\u001b[39m","message":"Signal conflict detected:","newModule":"Settings","newSpecificity":23,"pattern":"string:settings_domains_change","resolution":"existing wins","timestamp":"2025-10-18 16:46:11"}
{"existingModule":"Settings","existingSpecificity":21,"level":"\u001b[33mwarn\u001b[39m","message":"Signal conflict detected:","newModule":"Settings","newSpecificity":21,"pattern":"string:settings_roles_change","resolution":"existing wins","timestamp":"2025-10-18 16:46:11"}
{"existingModule":"Settings","existingSpecificity":26,"level":"\u001b[33mwarn\u001b[39m","message":"Signal conflict detected:","newModule":"Settings","newSpecificity":26,"pattern":"string:settings_currencies_change","resolution":"existing wins","timestamp":"2025-10-18 16:46:11"}
{"existingModule":"Settings","existingSpecificity":14,"level":"\u001b[33mwarn\u001b[39m","message":"Signal conflict detected:","newModule":"Settings","newSpecificity":14,"pattern":"string:add_federation","resolution":"existing wins","timestamp":"2025-10-18 16:46:11"}
{"existingModule":"Settings","existingSpecificity":22,"level":"\u001b[33mwarn\u001b[39m","message":"Signal conflict detected:","newModule":"Settings","newSpecificity":22,"pattern":"string:settings_values_change","resolution":"existing wins","timestamp":"2025-10-18 16:46:11"}
{"existingModule":"Settings","existingSpecificity":23,"level":"\u001b[33mwarn\u001b[39m","message":"Signal conflict detected:","newModule":"Settings","newSpecificity":23,"pattern":"string:settings_domains_change","resolution":"existing wins","timestamp":"2025-10-18 16:46:11"}
{"existingModule":"Settings","existingSpecificity":21,"level":"\u001b[33mwarn\u001b[39m","message":"Signal conflict detected:","newModule":"Settings","newSpecificity":21,"pattern":"string:settings_roles_change","resolution":"existing wins","timestamp":"2025-10-18 16:46:11"}
{"existingModule":"Settings","existingSpecificity":26,"level":"\u001b[33mwarn\u001b[39m","message":"Signal conflict detected:","newModule":"Settings","newSpecificity":26,"pattern":"string:settings_currencies_change","resolution":"existing wins","timestamp":"2025-10-18 16:46:11"}
{"existingModule":"Settings","existingSpecificity":12,"level":"\u001b[33mwarn\u001b[39m","message":"Signal conflict detected:","newModule":"Settings","newSpecificity":12,"pattern":"string:help_add_hex","resolution":"existing wins","timestamp":"2025-10-18 16:46:11"}
{"existingModule":"Checklists","existingSpecificity":23,"level":"\u001b[33mwarn\u001b[39m","message":"Signal conflict detected:","newModule":"Roles","newSpecificity":23,"pattern":"regex:back_to_role_(.+)","resolution":"existing wins","timestamp":"2025-10-18 16:46:15"}
{"existingModule":"Checklists","existingSpecificity":6,"level":"\u001b[33mwarn\u001b[39m","message":"Signal conflict detected:","newModule":"Quests","newSpecificity":6,"pattern":"regex:check_(.+)","resolution":"existing wins","timestamp":"2025-10-18 16:46:15"}
{"existingModule":"Checklists","existingSpecificity":12,"level":"\u001b[33mwarn\u001b[39m","message":"Signal conflict detected:","newModule":"Quests","newSpecificity":12,"pattern":"regex:add_item_to_(.+)","resolution":"existing wins","timestamp":"2025-10-18 16:46:15"}
{"existingModule":"Calendar","existingSpecificity":3,"level":"\u001b[33mwarn\u001b[39m","message":"Signal conflict detected:","newModule":"Calendar","newSpecificity":3,"pattern":"regex:n_(.+)_(?:--|\\+\\+|\\+|-|0)","resolution":"existing wins","timestamp":"2025-10-18 16:46:15"}
{"existingModule":"Quests","existingSpecificity":15,"level":"\u001b[33mwarn\u001b[39m","message":"Signal conflict detected:","newModule":"Scheduler","newSpecificity":15,"pattern":"regex:schedule_quest_(.+)","resolution":"existing wins","timestamp":"2025-10-18 16:46:15"}
{"level":"\u001b[32minfo\u001b[39m","message":"SIGINT received, shutting down gracefully","timestamp":"2025-10-18 16:47:54"}
{"level":"\u001b[32minfo\u001b[39m","message":"Starting HolonsBot","timestamp":"2025-10-18 19:08:17"}
{"appname":"Holons","level":"\u001b[32minfo\u001b[39m","message":"Starting HolonsBot initialization","timestamp":"2025-10-18 19:08:18"}
{"level":"\u001b[32minfo\u001b[39m","message":"Telegram bot initialized (not yet launched)","timestamp":"2025-10-18 19:08:18"}
{"level":"\u001b[32minfo\u001b[39m","message":"SignalManager initialized","timestamp":"2025-10-18 19:08:18"}
{"appname":"Holons","level":"\u001b[32minfo\u001b[39m","message":"Database initialized","timestamp":"2025-10-18 19:08:19"}
{"existingModule":"Settings","existingSpecificity":13,"level":"\u001b[33mwarn\u001b[39m","message":"Signal conflict detected:","newModule":"Settings","newSpecificity":13,"pattern":"regex:timezone_set_(.+)","resolution":"existing wins","timestamp":"2025-10-18 19:08:19"}
{"existingModule":"Settings","existingSpecificity":13,"level":"\u001b[33mwarn\u001b[39m","message":"Signal conflict detected:","newModule":"Settings","newSpecificity":13,"pattern":"string:settings_back","resolution":"existing wins","timestamp":"2025-10-18 19:08:19"}
{"existingModule":"Settings","existingSpecificity":22,"level":"\u001b[33mwarn\u001b[39m","message":"Signal conflict detected:","newModule":"Settings","newSpecificity":22,"pattern":"string:settings_values_change","resolution":"existing wins","timestamp":"2025-10-18 19:08:19"}
{"existingModule":"Settings","existingSpecificity":23,"level":"\u001b[33mwarn\u001b[39m","message":"Signal conflict detected:","newModule":"Settings","newSpecificity":23,"pattern":"string:settings_domains_change","resolution":"existing wins","timestamp":"2025-10-18 19:08:19"}
{"existingModule":"Settings","existingSpecificity":21,"level":"\u001b[33mwarn\u001b[39m","message":"Signal conflict detected:","newModule":"Settings","newSpecificity":21,"pattern":"string:settings_roles_change","resolution":"existing wins","timestamp":"2025-10-18 19:08:19"}
{"existingModule":"Settings","existingSpecificity":26,"level":"\u001b[33mwarn\u001b[39m","message":"Signal conflict detected:","newModule":"Settings","newSpecificity":26,"pattern":"string:settings_currencies_change","resolution":"existing wins","timestamp":"2025-10-18 19:08:19"}
{"existingModule":"Settings","existingSpecificity":14,"level":"\u001b[33mwarn\u001b[39m","message":"Signal conflict detected:","newModule":"Settings","newSpecificity":14,"pattern":"string:add_federation","resolution":"existing wins","timestamp":"2025-10-18 19:08:19"}
{"existingModule":"Settings","existingSpecificity":22,"level":"\u001b[33mwarn\u001b[39m","message":"Signal conflict detected:","newModule":"Settings","newSpecificity":22,"pattern":"string:settings_values_change","resolution":"existing wins","timestamp":"2025-10-18 19:08:19"}
{"existingModule":"Settings","existingSpecificity":23,"level":"\u001b[33mwarn\u001b[39m","message":"Signal conflict detected:","newModule":"Settings","newSpecificity":23,"pattern":"string:settings_domains_change","resolution":"existing wins","timestamp":"2025-10-18 19:08:19"}
{"existingModule":"Settings","existingSpecificity":21,"level":"\u001b[33mwarn\u001b[39m","message":"Signal conflict detected:","newModule":"Settings","newSpecificity":21,"pattern":"string:settings_roles_change","resolution":"existing wins","timestamp":"2025-10-18 19:08:19"}
{"existingModule":"Settings","existingSpecificity":26,"level":"\u001b[33mwarn\u001b[39m","message":"Signal conflict detected:","newModule":"Settings","newSpecificity":26,"pattern":"string:settings_currencies_change","resolution":"existing wins","timestamp":"2025-10-18 19:08:19"}
{"existingModule":"Settings","existingSpecificity":12,"level":"\u001b[33mwarn\u001b[39m","message":"Signal conflict detected:","newModule":"Settings","newSpecificity":12,"pattern":"string:help_add_hex","resolution":"existing wins","timestamp":"2025-10-18 19:08:19"}
{"level":"\u001b[32minfo\u001b[39m","message":"InputScene utility initialized and registered","timestamp":"2025-10-18 19:08:20"}
{"existingModule":"Checklists","existingSpecificity":23,"level":"\u001b[33mwarn\u001b[39m","message":"Signal conflict detected:","newModule":"Roles","newSpecificity":23,"pattern":"regex:back_to_role_(.+)","resolution":"existing wins","timestamp":"2025-10-18 19:08:20"}
{"existingModule":"Checklists","existingSpecificity":6,"level":"\u001b[33mwarn\u001b[39m","message":"Signal conflict detected:","newModule":"Quests","newSpecificity":6,"pattern":"regex:check_(.+)","resolution":"existing wins","timestamp":"2025-10-18 19:08:20"}
{"existingModule":"Checklists","existingSpecificity":12,"level":"\u001b[33mwarn\u001b[39m","message":"Signal conflict detected:","newModule":"Quests","newSpecificity":12,"pattern":"regex:add_item_to_(.+)","resolution":"existing wins","timestamp":"2025-10-18 19:08:20"}
{"existingModule":"Calendar","existingSpecificity":3,"level":"\u001b[33mwarn\u001b[39m","message":"Signal conflict detected:","newModule":"Calendar","newSpecificity":3,"pattern":"regex:n_(.+)_(?:--|\\+\\+|\\+|-|0)","resolution":"existing wins","timestamp":"2025-10-18 19:08:20"}
{"existingModule":"Quests","existingSpecificity":15,"level":"\u001b[33mwarn\u001b[39m","message":"Signal conflict detected:","newModule":"Scheduler","newSpecificity":15,"pattern":"regex:schedule_quest_(.+)","resolution":"existing wins","timestamp":"2025-10-18 19:08:20"}
{"level":"\u001b[32minfo\u001b[39m","message":"Starting HolonsBot","timestamp":"2025-10-18 19:12:59"}
{"appname":"Holons","level":"\u001b[32minfo\u001b[39m","message":"Starting HolonsBot initialization","timestamp":"2025-10-18 19:13:00"}
{"level":"\u001b[32minfo\u001b[39m","message":"Telegram bot initialized (not yet launched)","timestamp":"2025-10-18 19:13:00"}
{"level":"\u001b[32minfo\u001b[39m","message":"SignalManager initialized","timestamp":"2025-10-18 19:13:00"}
{"appname":"Holons","level":"\u001b[32minfo\u001b[39m","message":"Database initialized","timestamp":"2025-10-18 19:13:00"}
{"existingModule":"Settings","existingSpecificity":13,"level":"\u001b[33mwarn\u001b[39m","message":"Signal conflict detected:","newModule":"Settings","newSpecificity":13,"pattern":"regex:timezone_set_(.+)","resolution":"existing wins","timestamp":"2025-10-18 19:13:00"}
{"existingModule":"Settings","existingSpecificity":13,"level":"\u001b[33mwarn\u001b[39m","message":"Signal conflict detected:","newModule":"Settings","newSpecificity":13,"pattern":"string:settings_back","resolution":"existing wins","timestamp":"2025-10-18 19:13:00"}
{"existingModule":"Settings","existingSpecificity":22,"level":"\u001b[33mwarn\u001b[39m","message":"Signal conflict detected:","newModule":"Settings","newSpecificity":22,"pattern":"string:settings_values_change","resolution":"existing wins","timestamp":"2025-10-18 19:13:00"}
{"existingModule":"Settings","existingSpecificity":23,"level":"\u001b[33mwarn\u001b[39m","message":"Signal conflict detected:","newModule":"Settings","newSpecificity":23,"pattern":"string:settings_domains_change","resolution":"existing wins","timestamp":"2025-10-18 19:13:00"}
{"existingModule":"Settings","existingSpecificity":21,"level":"\u001b[33mwarn\u001b[39m","message":"Signal conflict detected:","newModule":"Settings","newSpecificity":21,"pattern":"string:settings_roles_change","resolution":"existing wins","timestamp":"2025-10-18 19:13:00"}
{"existingModule":"Settings","existingSpecificity":26,"level":"\u001b[33mwarn\u001b[39m","message":"Signal conflict detected:","newModule":"Settings","newSpecificity":26,"pattern":"string:settings_currencies_change","resolution":"existing wins","timestamp":"2025-10-18 19:13:00"}
{"existingModule":"Settings","existingSpecificity":14,"level":"\u001b[33mwarn\u001b[39m","message":"Signal conflict detected:","newModule":"Settings","newSpecificity":14,"pattern":"string:add_federation","resolution":"existing wins","timestamp":"2025-10-18 19:13:00"}
{"existingModule":"Settings","existingSpecificity":22,"level":"\u001b[33mwarn\u001b[39m","message":"Signal conflict detected:","newModule":"Settings","newSpecificity":22,"pattern":"string:settings_values_change","resolution":"existing wins","timestamp":"2025-10-18 19:13:00"}
{"existingModule":"Settings","existingSpecificity":23,"level":"\u001b[33mwarn\u001b[39m","message":"Signal conflict detected:","newModule":"Settings","newSpecificity":23,"pattern":"string:settings_domains_change","resolution":"existing wins","timestamp":"2025-10-18 19:13:00"}
{"existingModule":"Settings","existingSpecificity":21,"level":"\u001b[33mwarn\u001b[39m","message":"Signal conflict detected:","newModule":"Settings","newSpecificity":21,"pattern":"string:settings_roles_change","resolution":"existing wins","timestamp":"2025-10-18 19:13:00"}
{"existingModule":"Settings","existingSpecificity":26,"level":"\u001b[33mwarn\u001b[39m","message":"Signal conflict detected:","newModule":"Settings","newSpecificity":26,"pattern":"string:settings_currencies_change","resolution":"existing wins","timestamp":"2025-10-18 19:13:00"}
{"existingModule":"Settings","existingSpecificity":12,"level":"\u001b[33mwarn\u001b[39m","message":"Signal conflict detected:","newModule":"Settings","newSpecificity":12,"pattern":"string:help_add_hex","resolution":"existing wins","timestamp":"2025-10-18 19:13:00"}
{"level":"\u001b[32minfo\u001b[39m","message":"InputScene utility initialized and registered","timestamp":"2025-10-18 19:13:01"}
{"existingModule":"Checklists","existingSpecificity":23,"level":"\u001b[33mwarn\u001b[39m","message":"Signal conflict detected:","newModule":"Roles","newSpecificity":23,"pattern":"regex:back_to_role_(.+)","resolution":"existing wins","timestamp":"2025-10-18 19:13:01"}
{"existingModule":"Checklists","existingSpecificity":6,"level":"\u001b[33mwarn\u001b[39m","message":"Signal conflict detected:","newModule":"Quests","newSpecificity":6,"pattern":"regex:check_(.+)","resolution":"existing wins","timestamp":"2025-10-18 19:13:01"}
{"existingModule":"Checklists","existingSpecificity":12,"level":"\u001b[33mwarn\u001b[39m","message":"Signal conflict detected:","newModule":"Quests","newSpecificity":12,"pattern":"regex:add_item_to_(.+)","resolution":"existing wins","timestamp":"2025-10-18 19:13:01"}
{"existingModule":"Calendar","existingSpecificity":3,"level":"\u001b[33mwarn\u001b[39m","message":"Signal conflict detected:","newModule":"Calendar","newSpecificity":3,"pattern":"regex:n_(.+)_(?:--|\\+\\+|\\+|-|0)","resolution":"existing wins","timestamp":"2025-10-18 19:13:01"}
{"existingModule":"Quests","existingSpecificity":15,"level":"\u001b[33mwarn\u001b[39m","message":"Signal conflict detected:","newModule":"Scheduler","newSpecificity":15,"pattern":"regex:schedule_quest_(.+)","resolution":"existing wins","timestamp":"2025-10-18 19:13:01"}
{"level":"\u001b[32minfo\u001b[39m","message":"Starting HolonsBot","timestamp":"2025-10-18 19:13:17"}
{"appname":"Holons","level":"\u001b[32minfo\u001b[39m","message":"Starting HolonsBot initialization","timestamp":"2025-10-18 19:13:18"}
{"level":"\u001b[32minfo\u001b[39m","message":"Telegram bot initialized (not yet launched)","timestamp":"2025-10-18 19:13:18"}
{"level":"\u001b[32minfo\u001b[39m","message":"SignalManager initialized","timestamp":"2025-10-18 19:13:18"}
{"appname":"Holons","level":"\u001b[32minfo\u001b[39m","message":"Database initialized","timestamp":"2025-10-18 19:13:18"}
{"existingModule":"Settings","existingSpecificity":13,"level":"\u001b[33mwarn\u001b[39m","message":"Signal conflict detected:","newModule":"Settings","newSpecificity":13,"pattern":"regex:timezone_set_(.+)","resolution":"existing wins","timestamp":"2025-10-18 19:13:18"}
{"existingModule":"Settings","existingSpecificity":13,"level":"\u001b[33mwarn\u001b[39m","message":"Signal conflict detected:","newModule":"Settings","newSpecificity":13,"pattern":"string:settings_back","resolution":"existing wins","timestamp":"2025-10-18 19:13:18"}
{"existingModule":"Settings","existingSpecificity":22,"level":"\u001b[33mwarn\u001b[39m","message":"Signal conflict detected:","newModule":"Settings","newSpecificity":22,"pattern":"string:settings_values_change","resolution":"existing wins","timestamp":"2025-10-18 19:13:18"}
{"existingModule":"Settings","existingSpecificity":23,"level":"\u001b[33mwarn\u001b[39m","message":"Signal conflict detected:","newModule":"Settings","newSpecificity":23,"pattern":"string:settings_domains_change","resolution":"existing wins","timestamp":"2025-10-18 19:13:18"}
{"existingModule":"Settings","existingSpecificity":21,"level":"\u001b[33mwarn\u001b[39m","message":"Signal conflict detected:","newModule":"Settings","newSpecificity":21,"pattern":"string:settings_roles_change","resolution":"existing wins","timestamp":"2025-10-18 19:13:18"}
{"existingModule":"Settings","existingSpecificity":26,"level":"\u001b[33mwarn\u001b[39m","message":"Signal conflict detected:","newModule":"Settings","newSpecificity":26,"pattern":"string:settings_currencies_change","resolution":"existing wins","timestamp":"2025-10-18 19:13:18"}
{"existingModule":"Settings","existingSpecificity":14,"level":"\u001b[33mwarn\u001b[39m","message":"Signal conflict detected:","newModule":"Settings","newSpecificity":14,"pattern":"string:add_federation","resolution":"existing wins","timestamp":"2025-10-18 19:13:18"}
{"existingModule":"Settings","existingSpecificity":22,"level":"\u001b[33mwarn\u001b[39m","message":"Signal conflict detected:","newModule":"Settings","newSpecificity":22,"pattern":"string:settings_values_change","resolution":"existing wins","timestamp":"2025-10-18 19:13:18"}
{"existingModule":"Settings","existingSpecificity":23,"level":"\u001b[33mwarn\u001b[39m","message":"Signal conflict detected:","newModule":"Settings","newSpecificity":23,"pattern":"string:settings_domains_change","resolution":"existing wins","timestamp":"2025-10-18 19:13:18"}
{"existingModule":"Settings","existingSpecificity":21,"level":"\u001b[33mwarn\u001b[39m","message":"Signal conflict detected:","newModule":"Settings","newSpecificity":21,"pattern":"string:settings_roles_change","resolution":"existing wins","timestamp":"2025-10-18 19:13:18"}
{"existingModule":"Settings","existingSpecificity":26,"level":"\u001b[33mwarn\u001b[39m","message":"Signal conflict detected:","newModule":"Settings","newSpecificity":26,"pattern":"string:settings_currencies_change","resolution":"existing wins","timestamp":"2025-10-18 19:13:18"}
{"existingModule":"Settings","existingSpecificity":12,"level":"\u001b[33mwarn\u001b[39m","message":"Signal conflict detected:","newModule":"Settings","newSpecificity":12,"pattern":"string:help_add_hex","resolution":"existing wins","timestamp":"2025-10-18 19:13:18"}
{"level":"\u001b[32minfo\u001b[39m","message":"InputScene utility initialized and registered","timestamp":"2025-10-18 19:13:19"}
{"existingModule":"Checklists","existingSpecificity":23,"level":"\u001b[33mwarn\u001b[39m","message":"Signal conflict detected:","newModule":"Roles","newSpecificity":23,"pattern":"regex:back_to_role_(.+)","resolution":"existing wins","timestamp":"2025-10-18 19:13:19"}
{"existingModule":"Checklists","existingSpecificity":6,"level":"\u001b[33mwarn\u001b[39m","message":"Signal conflict detected:","newModule":"Quests","newSpecificity":6,"pattern":"regex:check_(.+)","resolution":"existing wins","timestamp":"2025-10-18 19:13:19"}
{"existingModule":"Checklists","existingSpecificity":12,"level":"\u001b[33mwarn\u001b[39m","message":"Signal conflict detected:","newModule":"Quests","newSpecificity":12,"pattern":"regex:add_item_to_(.+)","resolution":"existing wins","timestamp":"2025-10-18 19:13:19"}
{"existingModule":"Calendar","existingSpecificity":3,"level":"\u001b[33mwarn\u001b[39m","message":"Signal conflict detected:","newModule":"Calendar","newSpecificity":3,"pattern":"regex:n_(.+)_(?:--|\\+\\+|\\+|-|0)","resolution":"existing wins","timestamp":"2025-10-18 19:13:19"}
{"existingModule":"Quests","existingSpecificity":15,"level":"\u001b[33mwarn\u001b[39m","message":"Signal conflict detected:","newModule":"Scheduler","newSpecificity":15,"pattern":"regex:schedule_quest_(.+)","resolution":"existing wins","timestamp":"2025-10-18 19:13:19"}
{"level":"\u001b[32minfo\u001b[39m","message":"Starting HolonsBot","timestamp":"2025-10-18 19:13:51"}
{"appname":"Holons","level":"\u001b[32minfo\u001b[39m","message":"Starting HolonsBot initialization","timestamp":"2025-10-18 19:13:52"}
{"level":"\u001b[32minfo\u001b[39m","message":"Telegram bot initialized (not yet launched)","timestamp":"2025-10-18 19:13:52"}
{"level":"\u001b[32minfo\u001b[39m","message":"SignalManager initialized","timestamp":"2025-10-18 19:13:52"}
{"appname":"Holons","level":"\u001b[32minfo\u001b[39m","message":"Database initialized","timestamp":"2025-10-18 19:13:52"}
{"existingModule":"Settings","existingSpecificity":13,"level":"\u001b[33mwarn\u001b[39m","message":"Signal conflict detected:","newModule":"Settings","newSpecificity":13,"pattern":"regex:timezone_set_(.+)","resolution":"existing wins","timestamp":"2025-10-18 19:13:52"}
{"existingModule":"Settings","existingSpecificity":13,"level":"\u001b[33mwarn\u001b[39m","message":"Signal conflict detected:","newModule":"Settings","newSpecificity":13,"pattern":"string:settings_back","resolution":"existing wins","timestamp":"2025-10-18 19:13:52"}
{"existingModule":"Settings","existingSpecificity":22,"level":"\u001b[33mwarn\u001b[39m","message":"Signal conflict detected:","newModule":"Settings","newSpecificity":22,"pattern":"string:settings_values_change","resolution":"existing wins","timestamp":"2025-10-18 19:13:52"}
{"existingModule":"Settings","existingSpecificity":23,"level":"\u001b[33mwarn\u001b[39m","message":"Signal conflict detected:","newModule":"Settings","newSpecificity":23,"pattern":"string:settings_domains_change","resolution":"existing wins","timestamp":"2025-10-18 19:13:52"}
{"existingModule":"Settings","existingSpecificity":21,"level":"\u001b[33mwarn\u001b[39m","message":"Signal conflict detected:","newModule":"Settings","newSpecificity":21,"pattern":"string:settings_roles_change","resolution":"existing wins","timestamp":"2025-10-18 19:13:52"}
{"existingModule":"Settings","existingSpecificity":26,"level":"\u001b[33mwarn\u001b[39m","message":"Signal conflict detected:","newModule":"Settings","newSpecificity":26,"pattern":"string:settings_currencies_change","resolution":"existing wins","timestamp":"2025-10-18 19:13:52"}
{"existingModule":"Settings","existingSpecificity":14,"level":"\u001b[33mwarn\u001b[39m","message":"Signal conflict detected:","newModule":"Settings","newSpecificity":14,"pattern":"string:add_federation","resolution":"existing wins","timestamp":"2025-10-18 19:13:52"}
{"existingModule":"Settings","existingSpecificity":22,"level":"\u001b[33mwarn\u001b[39m","message":"Signal conflict detected:","newModule":"Settings","newSpecificity":22,"pattern":"string:settings_values_change","resolution":"existing wins","timestamp":"2025-10-18 19:13:52"}
{"existingModule":"Settings","existingSpecificity":23,"level":"\u001b[33mwarn\u001b[39m","message":"Signal conflict detected:","newModule":"Settings","newSpecificity":23,"pattern":"string:settings_domains_change","resolution":"existing wins","timestamp":"2025-10-18 19:13:52"}
{"existingModule":"Settings","existingSpecificity":21,"level":"\u001b[33mwarn\u001b[39m","message":"Signal conflict detected:","newModule":"Settings","newSpecificity":21,"pattern":"string:settings_roles_change","resolution":"existing wins","timestamp":"2025-10-18 19:13:52"}
{"existingModule":"Settings","existingSpecificity":26,"level":"\u001b[33mwarn\u001b[39m","message":"Signal conflict detected:","newModule":"Settings","newSpecificity":26,"pattern":"string:settings_currencies_change","resolution":"existing wins","timestamp":"2025-10-18 19:13:52"}
{"existingModule":"Settings","existingSpecificity":12,"level":"\u001b[33mwarn\u001b[39m","message":"Signal conflict detected:","newModule":"Settings","newSpecificity":12,"pattern":"string:help_add_hex","resolution":"existing wins","timestamp":"2025-10-18 19:13:52"}
{"level":"\u001b[32minfo\u001b[39m","message":"InputScene utility initialized and registered","timestamp":"2025-10-18 19:13:53"}
{"existingModule":"Checklists","existingSpecificity":23,"level":"\u001b[33mwarn\u001b[39m","message":"Signal conflict detected:","newModule":"Roles","newSpecificity":23,"pattern":"regex:back_to_role_(.+)","resolution":"existing wins","timestamp":"2025-10-18 19:13:53"}
{"existingModule":"Checklists","existingSpecificity":6,"level":"\u001b[33mwarn\u001b[39m","message":"Signal conflict detected:","newModule":"Quests","newSpecificity":6,"pattern":"regex:check_(.+)","resolution":"existing wins","timestamp":"2025-10-18 19:13:53"}
{"existingModule":"Checklists","existingSpecificity":12,"level":"\u001b[33mwarn\u001b[39m","message":"Signal conflict detected:","newModule":"Quests","newSpecificity":12,"pattern":"regex:add_item_to_(.+)","resolution":"existing wins","timestamp":"2025-10-18 19:13:53"}
{"existingModule":"Calendar","existingSpecificity":3,"level":"\u001b[33mwarn\u001b[39m","message":"Signal conflict detected:","newModule":"Calendar","newSpecificity":3,"pattern":"regex:n_(.+)_(?:--|\\+\\+|\\+|-|0)","resolution":"existing wins","timestamp":"2025-10-18 19:13:53"}
{"existingModule":"Quests","existingSpecificity":15,"level":"\u001b[33mwarn\u001b[39m","message":"Signal conflict detected:","newModule":"Scheduler","newSpecificity":15,"pattern":"regex:schedule_quest_(.+)","resolution":"existing wins","timestamp":"2025-10-18 19:13:53"}
{"level":"\u001b[32minfo\u001b[39m","message":"SIGINT received, shutting down gracefully","timestamp":"2025-10-18 19:18:21"}
{"level":"\u001b[32minfo\u001b[39m","message":"Starting HolonsBot","timestamp":"2025-10-18 19:18:22"}
{"appname":"Holons","level":"\u001b[32minfo\u001b[39m","message":"Starting HolonsBot initialization","timestamp":"2025-10-18 19:18:23"}
{"level":"\u001b[32minfo\u001b[39m","message":"Telegram bot initialized (not yet launched)","timestamp":"2025-10-18 19:18:23"}
{"level":"\u001b[32minfo\u001b[39m","message":"SignalManager initialized","timestamp":"2025-10-18 19:18:23"}
{"appname":"Holons","level":"\u001b[32minfo\u001b[39m","message":"Database initialized","timestamp":"2025-10-18 19:18:23"}
{"existingModule":"Settings","existingSpecificity":13,"level":"\u001b[33mwarn\u001b[39m","message":"Signal conflict detected:","newModule":"Settings","newSpecificity":13,"pattern":"regex:timezone_set_(.+)","resolution":"existing wins","timestamp":"2025-10-18 19:18:24"}
{"existingModule":"Settings","existingSpecificity":13,"level":"\u001b[33mwarn\u001b[39m","message":"Signal conflict detected:","newModule":"Settings","newSpecificity":13,"pattern":"string:settings_back","resolution":"existing wins","timestamp":"2025-10-18 19:18:24"}
{"existingModule":"Settings","existingSpecificity":22,"level":"\u001b[33mwarn\u001b[39m","message":"Signal conflict detected:","newModule":"Settings","newSpecificity":22,"pattern":"string:settings_values_change","resolution":"existing wins","timestamp":"2025-10-18 19:18:24"}
{"existingModule":"Settings","existingSpecificity":23,"level":"\u001b[33mwarn\u001b[39m","message":"Signal conflict detected:","newModule":"Settings","newSpecificity":23,"pattern":"string:settings_domains_change","resolution":"existing wins","timestamp":"2025-10-18 19:18:24"}
{"existingModule":"Settings","existingSpecificity":21,"level":"\u001b[33mwarn\u001b[39m","message":"Signal conflict detected:","newModule":"Settings","newSpecificity":21,"pattern":"string:settings_roles_change","resolution":"existing wins","timestamp":"2025-10-18 19:18:24"}
{"existingModule":"Settings","existingSpecificity":26,"level":"\u001b[33mwarn\u001b[39m","message":"Signal conflict detected:","newModule":"Settings","newSpecificity":26,"pattern":"string:settings_currencies_change","resolution":"existing wins","timestamp":"2025-10-18 19:18:24"}
{"existingModule":"Settings","existingSpecificity":14,"level":"\u001b[33mwarn\u001b[39m","message":"Signal conflict detected:","newModule":"Settings","newSpecificity":14,"pattern":"string:add_federation","resolution":"existing wins","timestamp":"2025-10-18 19:18:24"}
{"existingModule":"Settings","existingSpecificity":22,"level":"\u001b[33mwarn\u001b[39m","message":"Signal conflict detected:","newModule":"Settings","newSpecificity":22,"pattern":"string:settings_values_change","resolution":"existing wins","timestamp":"2025-10-18 19:18:24"}
{"existingModule":"Settings","existingSpecificity":23,"level":"\u001b[33mwarn\u001b[39m","message":"Signal conflict detected:","newModule":"Settings","newSpecificity":23,"pattern":"string:settings_domains_change","resolution":"existing wins","timestamp":"2025-10-18 19:18:24"}
{"existingModule":"Settings","existingSpecificity":21,"level":"\u001b[33mwarn\u001b[39m","message":"Signal conflict detected:","newModule":"Settings","newSpecificity":21,"pattern":"string:settings_roles_change","resolution":"existing wins","timestamp":"2025-10-18 19:18:24"}
{"existingModule":"Settings","existingSpecificity":26,"level":"\u001b[33mwarn\u001b[39m","message":"Signal conflict detected:","newModule":"Settings","newSpecificity":26,"pattern":"string:settings_currencies_change","resolution":"existing wins","timestamp":"2025-10-18 19:18:24"}
{"existingModule":"Settings","existingSpecificity":12,"level":"\u001b[33mwarn\u001b[39m","message":"Signal conflict detected:","newModule":"Settings","newSpecificity":12,"pattern":"string:help_add_hex","resolution":"existing wins","timestamp":"2025-10-18 19:18:24"}
{"level":"\u001b[32minfo\u001b[39m","message":"InputScene utility initialized and registered","timestamp":"2025-10-18 19:18:25"}
{"existingModule":"Checklists","existingSpecificity":23,"level":"\u001b[33mwarn\u001b[39m","message":"Signal conflict detected:","newModule":"Roles","newSpecificity":23,"pattern":"regex:back_to_role_(.+)","resolution":"existing wins","timestamp":"2025-10-18 19:18:26"}
{"existingModule":"Checklists","existingSpecificity":6,"level":"\u001b[33mwarn\u001b[39m","message":"Signal conflict detected:","newModule":"Quests","newSpecificity":6,"pattern":"regex:check_(.+)","resolution":"existing wins","timestamp":"2025-10-18 19:18:26"}
{"existingModule":"Checklists","existingSpecificity":12,"level":"\u001b[33mwarn\u001b[39m","message":"Signal conflict detected:","newModule":"Quests","newSpecificity":12,"pattern":"regex:add_item_to_(.+)","resolution":"existing wins","timestamp":"2025-10-18 19:18:26"}
{"existingModule":"Calendar","existingSpecificity":3,"level":"\u001b[33mwarn\u001b[39m","message":"Signal conflict detected:","newModule":"Calendar","newSpecificity":3,"pattern":"regex:n_(.+)_(?:--|\\+\\+|\\+|-|0)","resolution":"existing wins","timestamp":"2025-10-18 19:18:26"}
{"existingModule":"Quests","existingSpecificity":15,"level":"\u001b[33mwarn\u001b[39m","message":"Signal conflict detected:","newModule":"Scheduler","newSpecificity":15,"pattern":"regex:schedule_quest_(.+)","resolution":"existing wins","timestamp":"2025-10-18 19:18:26"}
{"level":"\u001b[32minfo\u001b[39m","message":"Starting HolonsBot","timestamp":"2025-10-18 19:19:15"}
{"appname":"Holons","level":"\u001b[32minfo\u001b[39m","message":"Starting HolonsBot initialization","timestamp":"2025-10-18 19:19:16"}
{"level":"\u001b[32minfo\u001b[39m","message":"Telegram bot initialized (not yet launched)","timestamp":"2025-10-18 19:19:16"}
{"level":"\u001b[32minfo\u001b[39m","message":"SignalManager initialized","timestamp":"2025-10-18 19:19:16"}
{"appname":"Holons","level":"\u001b[32minfo\u001b[39m","message":"Database initialized","timestamp":"2025-10-18 19:19:16"}
{"existingModule":"Settings","existingSpecificity":13,"level":"\u001b[33mwarn\u001b[39m","message":"Signal conflict detected:","newModule":"Settings","newSpecificity":13,"pattern":"regex:timezone_set_(.+)","resolution":"existing wins","timestamp":"2025-10-18 19:19:16"}
{"existingModule":"Settings","existingSpecificity":13,"level":"\u001b[33mwarn\u001b[39m","message":"Signal conflict detected:","newModule":"Settings","newSpecificity":13,"pattern":"string:settings_back","resolution":"existing wins","timestamp":"2025-10-18 19:19:16"}
{"existingModule":"Settings","existingSpecificity":22,"level":"\u001b[33mwarn\u001b[39m","message":"Signal conflict detected:","newModule":"Settings","newSpecificity":22,"pattern":"string:settings_values_change","resolution":"existing wins","timestamp":"2025-10-18 19:19:16"}
{"existingModule":"Settings","existingSpecificity":23,"level":"\u001b[33mwarn\u001b[39m","message":"Signal conflict detected:","newModule":"Settings","newSpecificity":23,"pattern":"string:settings_domains_change","resolution":"existing wins","timestamp":"2025-10-18 19:19:16"}
{"existingModule":"Settings","existingSpecificity":21,"level":"\u001b[33mwarn\u001b[39m","message":"Signal conflict detected:","newModule":"Settings","newSpecificity":21,"pattern":"string:settings_roles_change","resolution":"existing wins","timestamp":"2025-10-18 19:19:16"}
{"existingModule":"Settings","existingSpecificity":26,"level":"\u001b[33mwarn\u001b[39m","message":"Signal conflict detected:","newModule":"Settings","newSpecificity":26,"pattern":"string:settings_currencies_change","resolution":"existing wins","timestamp":"2025-10-18 19:19:16"}
{"existingModule":"Settings","existingSpecificity":14,"level":"\u001b[33mwarn\u001b[39m","message":"Signal conflict detected:","newModule":"Settings","newSpecificity":14,"pattern":"string:add_federation","resolution":"existing wins","timestamp":"2025-10-18 19:19:16"}
{"existingModule":"Settings","existingSpecificity":22,"level":"\u001b[33mwarn\u001b[39m","message":"Signal conflict detected:","newModule":"Settings","newSpecificity":22,"pattern":"string:settings_values_change","resolution":"existing wins","timestamp":"2025-10-18 19:19:16"}
{"existingModule":"Settings","existingSpecificity":23,"level":"\u001b[33mwarn\u001b[39m","message":"Signal conflict detected:","newModule":"Settings","newSpecificity":23,"pattern":"string:settings_domains_change","resolution":"existing wins","timestamp":"2025-10-18 19:19:16"}
{"existingModule":"Settings","existingSpecificity":21,"level":"\u001b[33mwarn\u001b[39m","message":"Signal conflict detected:","newModule":"Settings","newSpecificity":21,"pattern":"string:settings_roles_change","resolution":"existing wins","timestamp":"2025-10-18 19:19:16"}
{"existingModule":"Settings","existingSpecificity":26,"level":"\u001b[33mwarn\u001b[39m","message":"Signal conflict detected:","newModule":"Settings","newSpecificity":26,"pattern":"string:settings_currencies_change","resolution":"existing wins","timestamp":"2025-10-18 19:19:16"}
{"existingModule":"Settings","existingSpecificity":12,"level":"\u001b[33mwarn\u001b[39m","message":"Signal conflict detected:","newModule":"Settings","newSpecificity":12,"pattern":"string:help_add_hex","resolution":"existing wins","timestamp":"2025-10-18 19:19:16"}
{"level":"\u001b[32minfo\u001b[39m","message":"InputScene utility initialized and registered","timestamp":"2025-10-18 19:19:16"}
{"existingModule":"Checklists","existingSpecificity":23,"level":"\u001b[33mwarn\u001b[39m","message":"Signal conflict detected:","newModule":"Roles","newSpecificity":23,"pattern":"regex:back_to_role_(.+)","resolution":"existing wins","timestamp":"2025-10-18 19:19:16"}
{"existingModule":"Checklists","existingSpecificity":6,"level":"\u001b[33mwarn\u001b[39m","message":"Signal conflict detected:","newModule":"Quests","newSpecificity":6,"pattern":"regex:check_(.+)","resolution":"existing wins","timestamp":"2025-10-18 19:19:16"}
{"existingModule":"Checklists","existingSpecificity":12,"level":"\u001b[33mwarn\u001b[39m","message":"Signal conflict detected:","newModule":"Quests","newSpecificity":12,"pattern":"regex:add_item_to_(.+)","resolution":"existing wins","timestamp":"2025-10-18 19:19:16"}
{"existingModule":"Calendar","existingSpecificity":3,"level":"\u001b[33mwarn\u001b[39m","message":"Signal conflict detected:","newModule":"Calendar","newSpecificity":3,"pattern":"regex:n_(.+)_(?:--|\\+\\+|\\+|-|0)","resolution":"existing wins","timestamp":"2025-10-18 19:19:16"}
{"existingModule":"Quests","existingSpecificity":15,"level":"\u001b[33mwarn\u001b[39m","message":"Signal conflict detected:","newModule":"Scheduler","newSpecificity":15,"pattern":"regex:schedule_quest_(.+)","resolution":"existing wins","timestamp":"2025-10-18 19:19:16"}
{"level":"\u001b[32minfo\u001b[39m","message":"Starting HolonsBot","timestamp":"2025-10-18 19:19:25"}
{"appname":"Holons","level":"\u001b[32minfo\u001b[39m","message":"Starting HolonsBot initialization","timestamp":"2025-10-18 19:19:26"}
{"level":"\u001b[32minfo\u001b[39m","message":"Telegram bot initialized (not yet launched)","timestamp":"2025-10-18 19:19:26"}
{"level":"\u001b[32minfo\u001b[39m","message":"SignalManager initialized","timestamp":"2025-10-18 19:19:26"}
{"appname":"Holons","level":"\u001b[32minfo\u001b[39m","message":"Database initialized","timestamp":"2025-10-18 19:19:26"}
{"existingModule":"Settings","existingSpecificity":13,"level":"\u001b[33mwarn\u001b[39m","message":"Signal conflict detected:","newModule":"Settings","newSpecificity":13,"pattern":"regex:timezone_set_(.+)","resolution":"existing wins","timestamp":"2025-10-18 19:19:26"}
{"existingModule":"Settings","existingSpecificity":13,"level":"\u001b[33mwarn\u001b[39m","message":"Signal conflict detected:","newModule":"Settings","newSpecificity":13,"pattern":"string:settings_back","resolution":"existing wins","timestamp":"2025-10-18 19:19:26"}
{"existingModule":"Settings","existingSpecificity":22,"level":"\u001b[33mwarn\u001b[39m","message":"Signal conflict detected:","newModule":"Settings","newSpecificity":22,"pattern":"string:settings_values_change","resolution":"existing wins","timestamp":"2025-10-18 19:19:26"}
{"existingModule":"Settings","existingSpecificity":23,"level":"\u001b[33mwarn\u001b[39m","message":"Signal conflict detected:","newModule":"Settings","newSpecificity":23,"pattern":"string:settings_domains_change","resolution":"existing wins","timestamp":"2025-10-18 19:19:26"}
{"existingModule":"Settings","existingSpecificity":21,"level":"\u001b[33mwarn\u001b[39m","message":"Signal conflict detected:","newModule":"Settings","newSpecificity":21,"pattern":"string:settings_roles_change","resolution":"existing wins","timestamp":"2025-10-18 19:19:26"}
{"existingModule":"Settings","existingSpecificity":26,"level":"\u001b[33mwarn\u001b[39m","message":"Signal conflict detected:","newModule":"Settings","newSpecificity":26,"pattern":"string:settings_currencies_change","resolution":"existing wins","timestamp":"2025-10-18 19:19:26"}
{"existingModule":"Settings","existingSpecificity":14,"level":"\u001b[33mwarn\u001b[39m","message":"Signal conflict detected:","newModule":"Settings","newSpecificity":14,"pattern":"string:add_federation","resolution":"existing wins","timestamp":"2025-10-18 19:19:26"}
{"existingModule":"Settings","existingSpecificity":22,"level":"\u001b[33mwarn\u001b[39m","message":"Signal conflict detected:","newModule":"Settings","newSpecificity":22,"pattern":"string:settings_values_change","resolution":"existing wins","timestamp":"2025-10-18 19:19:26"}
{"existingModule":"Settings","existingSpecificity":23,"level":"\u001b[33mwarn\u001b[39m","message":"Signal conflict detected:","newModule":"Settings","newSpecificity":23,"pattern":"string:settings_domains_change","resolution":"existing wins","timestamp":"2025-10-18 19:19:26"}
{"existingModule":"Settings","existingSpecificity":21,"level":"\u001b[33mwarn\u001b[39m","message":"Signal conflict detected:","newModule":"Settings","newSpecificity":21,"pattern":"string:settings_roles_change","resolution":"existing wins","timestamp":"2025-10-18 19:19:26"}
{"existingModule":"Settings","existingSpecificity":26,"level":"\u001b[33mwarn\u001b[39m","message":"Signal conflict detected:","newModule":"Settings","newSpecificity":26,"pattern":"string:settings_currencies_change","resolution":"existing wins","timestamp":"2025-10-18 19:19:26"}
{"existingModule":"Settings","existingSpecificity":12,"level":"\u001b[33mwarn\u001b[39m","message":"Signal conflict detected:","newModule":"Settings","newSpecificity":12,"pattern":"string:help_add_hex","resolution":"existing wins","timestamp":"2025-10-18 19:19:26"}
{"level":"\u001b[32minfo\u001b[39m","message":"InputScene utility initialized and registered","timestamp":"2025-10-18 19:19:27"}
{"existingModule":"Checklists","existingSpecificity":23,"level":"\u001b[33mwarn\u001b[39m","message":"Signal conflict detected:","newModule":"Roles","newSpecificity":23,"pattern":"regex:back_to_role_(.+)","resolution":"existing wins","timestamp":"2025-10-18 19:19:27"}
{"existingModule":"Checklists","existingSpecificity":6,"level":"\u001b[33mwarn\u001b[39m","message":"Signal conflict detected:","newModule":"Quests","newSpecificity":6,"pattern":"regex:check_(.+)","resolution":"existing wins","timestamp":"2025-10-18 19:19:27"}
{"existingModule":"Checklists","existingSpecificity":12,"level":"\u001b[33mwarn\u001b[39m","message":"Signal conflict detected:","newModule":"Quests","newSpecificity":12,"pattern":"regex:add_item_to_(.+)","resolution":"existing wins","timestamp":"2025-10-18 19:19:27"}
{"existingModule":"Calendar","existingSpecificity":3,"level":"\u001b[33mwarn\u001b[39m","message":"Signal conflict detected:","newModule":"Calendar","newSpecificity":3,"pattern":"regex:n_(.+)_(?:--|\\+\\+|\\+|-|0)","resolution":"existing wins","timestamp":"2025-10-18 19:19:27"}
{"existingModule":"Quests","existingSpecificity":15,"level":"\u001b[33mwarn\u001b[39m","message":"Signal conflict detected:","newModule":"Scheduler","newSpecificity":15,"pattern":"regex:schedule_quest_(.+)","resolution":"existing wins","timestamp":"2025-10-18 19:19:27"}
{"level":"\u001b[32minfo\u001b[39m","message":"Starting HolonsBot","timestamp":"2025-10-18 19:19:31"}
{"appname":"Holons","level":"\u001b[32minfo\u001b[39m","message":"Starting HolonsBot initialization","timestamp":"2025-10-18 19:19:32"}
{"level":"\u001b[32minfo\u001b[39m","message":"Telegram bot initialized (not yet launched)","timestamp":"2025-10-18 19:19:32"}
{"level":"\u001b[32minfo\u001b[39m","message":"SignalManager initialized","timestamp":"2025-10-18 19:19:32"}
{"appname":"Holons","level":"\u001b[32minfo\u001b[39m","message":"Database initialized","timestamp":"2025-10-18 19:19:32"}
{"existingModule":"Settings","existingSpecificity":13,"level":"\u001b[33mwarn\u001b[39m","message":"Signal conflict detected:","newModule":"Settings","newSpecificity":13,"pattern":"regex:timezone_set_(.+)","resolution":"existing wins","timestamp":"2025-10-18 19:19:32"}
{"existingModule":"Settings","existingSpecificity":13,"level":"\u001b[33mwarn\u001b[39m","message":"Signal conflict detected:","newModule":"Settings","newSpecificity":13,"pattern":"string:settings_back","resolution":"existing wins","timestamp":"2025-10-18 19:19:32"}
{"existingModule":"Settings","existingSpecificity":22,"level":"\u001b[33mwarn\u001b[39m","message":"Signal conflict detected:","newModule":"Settings","newSpecificity":22,"pattern":"string:settings_values_change","resolution":"existing wins","timestamp":"2025-10-18 19:19:32"}
{"existingModule":"Settings","existingSpecificity":23,"level":"\u001b[33mwarn\u001b[39m","message":"Signal conflict detected:","newModule":"Settings","newSpecificity":23,"pattern":"string:settings_domains_change","resolution":"existing wins","timestamp":"2025-10-18 19:19:32"}
{"existingModule":"Settings","existingSpecificity":21,"level":"\u001b[33mwarn\u001b[39m","message":"Signal conflict detected:","newModule":"Settings","newSpecificity":21,"pattern":"string:settings_roles_change","resolution":"existing wins","timestamp":"2025-10-18 19:19:32"}
{"existingModule":"Settings","existingSpecificity":26,"level":"\u001b[33mwarn\u001b[39m","message":"Signal conflict detected:","newModule":"Settings","newSpecificity":26,"pattern":"string:settings_currencies_change","resolution":"existing wins","timestamp":"2025-10-18 19:19:32"}
{"existingModule":"Settings","existingSpecificity":14,"level":"\u001b[33mwarn\u001b[39m","message":"Signal conflict detected:","newModule":"Settings","newSpecificity":14,"pattern":"string:add_federation","resolution":"existing wins","timestamp":"2025-10-18 19:19:32"}
{"existingModule":"Settings","existingSpecificity":22,"level":"\u001b[33mwarn\u001b[39m","message":"Signal conflict detected:","newModule":"Settings","newSpecificity":22,"pattern":"string:settings_values_change","resolution":"existing wins","timestamp":"2025-10-18 19:19:32"}
{"existingModule":"Settings","existingSpecificity":23,"level":"\u001b[33mwarn\u001b[39m","message":"Signal conflict detected:","newModule":"Settings","newSpecificity":23,"pattern":"string:settings_domains_change","resolution":"existing wins","timestamp":"2025-10-18 19:19:32"}
{"existingModule":"Settings","existingSpecificity":21,"level":"\u001b[33mwarn\u001b[39m","message":"Signal conflict detected:","newModule":"Settings","newSpecificity":21,"pattern":"string:settings_roles_change","resolution":"existing wins","timestamp":"2025-10-18 19:19:32"}
{"existingModule":"Settings","existingSpecificity":26,"level":"\u001b[33mwarn\u001b[39m","message":"Signal conflict detected:","newModule":"Settings","newSpecificity":26,"pattern":"string:settings_currencies_change","resolution":"existing wins","timestamp":"2025-10-18 19:19:32"}
{"existingModule":"Settings","existingSpecificity":12,"level":"\u001b[33mwarn\u001b[39m","message":"Signal conflict detected:","newModule":"Settings","newSpecificity":12,"pattern":"string:help_add_hex","resolution":"existing wins","timestamp":"2025-10-18 19:19:32"}
{"level":"\u001b[32minfo\u001b[39m","message":"InputScene utility initialized and registered","timestamp":"2025-10-18 19:19:33"}
{"existingModule":"Checklists","existingSpecificity":23,"level":"\u001b[33mwarn\u001b[39m","message":"Signal conflict detected:","newModule":"Roles","newSpecificity":23,"pattern":"regex:back_to_role_(.+)","resolution":"existing wins","timestamp":"2025-10-18 19:19:33"}
{"existingModule":"Checklists","existingSpecificity":6,"level":"\u001b[33mwarn\u001b[39m","message":"Signal conflict detected:","newModule":"Quests","newSpecificity":6,"pattern":"regex:check_(.+)","resolution":"existing wins","timestamp":"2025-10-18 19:19:33"}
{"existingModule":"Checklists","existingSpecificity":12,"level":"\u001b[33mwarn\u001b[39m","message":"Signal conflict detected:","newModule":"Quests","newSpecificity":12,"pattern":"regex:add_item_to_(.+)","resolution":"existing wins","timestamp":"2025-10-18 19:19:33"}
{"existingModule":"Calendar","existingSpecificity":3,"level":"\u001b[33mwarn\u001b[39m","message":"Signal conflict detected:","newModule":"Calendar","newSpecificity":3,"pattern":"regex:n_(.+)_(?:--|\\+\\+|\\+|-|0)","resolution":"existing wins","timestamp":"2025-10-18 19:19:33"}
{"existingModule":"Quests","existingSpecificity":15,"level":"\u001b[33mwarn\u001b[39m","message":"Signal conflict detected:","newModule":"Scheduler","newSpecificity":15,"pattern":"regex:schedule_quest_(.+)","resolution":"existing wins","timestamp":"2025-10-18 19:19:33"}
{"level":"\u001b[32minfo\u001b[39m","message":"Starting HolonsBot","timestamp":"2025-10-18 19:21:59"}
{"appname":"Holons","level":"\u001b[32minfo\u001b[39m","message":"Starting HolonsBot initialization","timestamp":"2025-10-18 19:22:00"}
{"level":"\u001b[32minfo\u001b[39m","message":"Telegram bot initialized (not yet launched)","timestamp":"2025-10-18 19:22:00"}
{"level":"\u001b[32minfo\u001b[39m","message":"SignalManager initialized","timestamp":"2025-10-18 19:22:00"}
{"appname":"Holons","level":"\u001b[32minfo\u001b[39m","message":"Database initialized","timestamp":"2025-10-18 19:22:00"}
{"existingModule":"Settings","existingSpecificity":13,"level":"\u001b[33mwarn\u001b[39m","message":"Signal conflict detected:","newModule":"Settings","newSpecificity":13,"pattern":"regex:timezone_set_(.+)","resolution":"existing wins","timestamp":"2025-10-18 19:22:00"}
{"existingModule":"Settings","existingSpecificity":13,"level":"\u001b[33mwarn\u001b[39m","message":"Signal conflict detected:","newModule":"Settings","newSpecificity":13,"pattern":"string:settings_back","resolution":"existing wins","timestamp":"2025-10-18 19:22:00"}
{"existingModule":"Settings","existingSpecificity":22,"level":"\u001b[33mwarn\u001b[39m","message":"Signal conflict detected:","newModule":"Settings","newSpecificity":22,"pattern":"string:settings_values_change","resolution":"existing wins","timestamp":"2025-10-18 19:22:00"}
{"existingModule":"Settings","existingSpecificity":23,"level":"\u001b[33mwarn\u001b[39m","message":"Signal conflict detected:","newModule":"Settings","newSpecificity":23,"pattern":"string:settings_domains_change","resolution":"existing wins","timestamp":"2025-10-18 19:22:00"}
{"existingModule":"Settings","existingSpecificity":21,"level":"\u001b[33mwarn\u001b[39m","message":"Signal conflict detected:","newModule":"Settings","newSpecificity":21,"pattern":"string:settings_roles_change","resolution":"existing wins","timestamp":"2025-10-18 19:22:00"}
{"existingModule":"Settings","existingSpecificity":26,"level":"\u001b[33mwarn\u001b[39m","message":"Signal conflict detected:","newModule":"Settings","newSpecificity":26,"pattern":"string:settings_currencies_change","resolution":"existing wins","timestamp":"2025-10-18 19:22:00"}
{"existingModule":"Settings","existingSpecificity":14,"level":"\u001b[33mwarn\u001b[39m","message":"Signal conflict detected:","newModule":"Settings","newSpecificity":14,"pattern":"string:add_federation","resolution":"existing wins","timestamp":"2025-10-18 19:22:00"}
{"existingModule":"Settings","existingSpecificity":22,"level":"\u001b[33mwarn\u001b[39m","message":"Signal conflict detected:","newModule":"Settings","newSpecificity":22,"pattern":"string:settings_values_change","resolution":"existing wins","timestamp":"2025-10-18 19:22:00"}
{"existingModule":"Settings","existingSpecificity":23,"level":"\u001b[33mwarn\u001b[39m","message":"Signal conflict detected:","newModule":"Settings","newSpecificity":23,"pattern":"string:settings_domains_change","resolution":"existing wins","timestamp":"2025-10-18 19:22:00"}
{"existingModule":"Settings","existingSpecificity":21,"level":"\u001b[33mwarn\u001b[39m","message":"Signal conflict detected:","newModule":"Settings","newSpecificity":21,"pattern":"string:settings_roles_change","resolution":"existing wins","timestamp":"2025-10-18 19:22:00"}
{"existingModule":"Settings","existingSpecificity":26,"level":"\u001b[33mwarn\u001b[39m","message":"Signal conflict detected:","newModule":"Settings","newSpecificity":26,"pattern":"string:settings_currencies_change","resolution":"existing wins","timestamp":"2025-10-18 19:22:00"}
{"existingModule":"Settings","existingSpecificity":12,"level":"\u001b[33mwarn\u001b[39m","message":"Signal conflict detected:","newModule":"Settings","newSpecificity":12,"pattern":"string:help_add_hex","resolution":"existing wins","timestamp":"2025-10-18 19:22:00"}
{"level":"\u001b[32minfo\u001b[39m","message":"InputScene utility initialized and registered","timestamp":"2025-10-18 19:22:01"}
{"existingModule":"Checklists","existingSpecificity":23,"level":"\u001b[33mwarn\u001b[39m","message":"Signal conflict detected:","newModule":"Roles","newSpecificity":23,"pattern":"regex:back_to_role_(.+)","resolution":"existing wins","timestamp":"2025-10-18 19:22:01"}
{"existingModule":"Checklists","existingSpecificity":6,"level":"\u001b[33mwarn\u001b[39m","message":"Signal conflict detected:","newModule":"Quests","newSpecificity":6,"pattern":"regex:check_(.+)","resolution":"existing wins","timestamp":"2025-10-18 19:22:01"}
{"existingModule":"Checklists","existingSpecificity":12,"level":"\u001b[33mwarn\u001b[39m","message":"Signal conflict detected:","newModule":"Quests","newSpecificity":12,"pattern":"regex:add_item_to_(.+)","resolution":"existing wins","timestamp":"2025-10-18 19:22:01"}
{"existingModule":"Calendar","existingSpecificity":3,"level":"\u001b[33mwarn\u001b[39m","message":"Signal conflict detected:","newModule":"Calendar","newSpecificity":3,"pattern":"regex:n_(.+)_(?:--|\\+\\+|\\+|-|0)","resolution":"existing wins","timestamp":"2025-10-18 19:22:01"}
{"existingModule":"Quests","existingSpecificity":15,"level":"\u001b[33mwarn\u001b[39m","message":"Signal conflict detected:","newModule":"Scheduler","newSpecificity":15,"pattern":"regex:schedule_quest_(.+)","resolution":"existing wins","timestamp":"2025-10-18 19:22:01"}
{"level":"\u001b[32minfo\u001b[39m","message":"Starting HolonsBot","timestamp":"2025-10-18 19:22:06"}
{"appname":"Holons","level":"\u001b[32minfo\u001b[39m","message":"Starting HolonsBot initialization","timestamp":"2025-10-18 19:22:07"}
{"level":"\u001b[32minfo\u001b[39m","message":"Telegram bot initialized (not yet launched)","timestamp":"2025-10-18 19:22:07"}
{"level":"\u001b[32minfo\u001b[39m","message":"SignalManager initialized","timestamp":"2025-10-18 19:22:07"}
{"appname":"Holons","level":"\u001b[32minfo\u001b[39m","message":"Database initialized","timestamp":"2025-10-18 19:22:07"}
{"existingModule":"Settings","existingSpecificity":13,"level":"\u001b[33mwarn\u001b[39m","message":"Signal conflict detected:","newModule":"Settings","newSpecificity":13,"pattern":"regex:timezone_set_(.+)","resolution":"existing wins","timestamp":"2025-10-18 19:22:07"}
{"existingModule":"Settings","existingSpecificity":13,"level":"\u001b[33mwarn\u001b[39m","message":"Signal conflict detected:","newModule":"Settings","newSpecificity":13,"pattern":"string:settings_back","resolution":"existing wins","timestamp":"2025-10-18 19:22:07"}
{"existingModule":"Settings","existingSpecificity":22,"level":"\u001b[33mwarn\u001b[39m","message":"Signal conflict detected:","newModule":"Settings","newSpecificity":22,"pattern":"string:settings_values_change","resolution":"existing wins","timestamp":"2025-10-18 19:22:07"}
{"existingModule":"Settings","existingSpecificity":23,"level":"\u001b[33mwarn\u001b[39m","message":"Signal conflict detected:","newModule":"Settings","newSpecificity":23,"pattern":"string:settings_domains_change","resolution":"existing wins","timestamp":"2025-10-18 19:22:07"}
{"existingModule":"Settings","existingSpecificity":21,"level":"\u001b[33mwarn\u001b[39m","message":"Signal conflict detected:","newModule":"Settings","newSpecificity":21,"pattern":"string:settings_roles_change","resolution":"existing wins","timestamp":"2025-10-18 19:22:07"}
{"existingModule":"Settings","existingSpecificity":26,"level":"\u001b[33mwarn\u001b[39m","message":"Signal conflict detected:","newModule":"Settings","newSpecificity":26,"pattern":"string:settings_currencies_change","resolution":"existing wins","timestamp":"2025-10-18 19:22:07"}
{"existingModule":"Settings","existingSpecificity":14,"level":"\u001b[33mwarn\u001b[39m","message":"Signal conflict detected:","newModule":"Settings","newSpecificity":14,"pattern":"string:add_federation","resolution":"existing wins","timestamp":"2025-10-18 19:22:07"}
{"existingModule":"Settings","existingSpecificity":22,"level":"\u001b[33mwarn\u001b[39m","message":"Signal conflict detected:","newModule":"Settings","newSpecificity":22,"pattern":"string:settings_values_change","resolution":"existing wins","timestamp":"2025-10-18 19:22:07"}
{"existingModule":"Settings","existingSpecificity":23,"level":"\u001b[33mwarn\u001b[39m","message":"Signal conflict detected:","newModule":"Settings","newSpecificity":23,"pattern":"string:settings_domains_change","resolution":"existing wins","timestamp":"2025-10-18 19:22:07"}
{"existingModule":"Settings","existingSpecificity":21,"level":"\u001b[33mwarn\u001b[39m","message":"Signal conflict detected:","newModule":"Settings","newSpecificity":21,"pattern":"string:settings_roles_change","resolution":"existing wins","timestamp":"2025-10-18 19:22:07"}
{"existingModule":"Settings","existingSpecificity":26,"level":"\u001b[33mwarn\u001b[39m","message":"Signal conflict detected:","newModule":"Settings","newSpecificity":26,"pattern":"string:settings_currencies_change","resolution":"existing wins","timestamp":"2025-10-18 19:22:07"}
{"existingModule":"Settings","existingSpecificity":12,"level":"\u001b[33mwarn\u001b[39m","message":"Signal conflict detected:","newModule":"Settings","newSpecificity":12,"pattern":"string:help_add_hex","resolution":"existing wins","timestamp":"2025-10-18 19:22:07"}
{"level":"\u001b[32minfo\u001b[39m","message":"InputScene utility initialized and registered","timestamp":"2025-10-18 19:22:07"}
{"existingModule":"Checklists","existingSpecificity":23,"level":"\u001b[33mwarn\u001b[39m","message":"Signal conflict detected:","newModule":"Roles","newSpecificity":23,"pattern":"regex:back_to_role_(.+)","resolution":"existing wins","timestamp":"2025-10-18 19:22:07"}
{"existingModule":"Checklists","existingSpecificity":6,"level":"\u001b[33mwarn\u001b[39m","message":"Signal conflict detected:","newModule":"Quests","newSpecificity":6,"pattern":"regex:check_(.+)","resolution":"existing wins","timestamp":"2025-10-18 19:22:07"}
{"existingModule":"Checklists","existingSpecificity":12,"level":"\u001b[33mwarn\u001b[39m","message":"Signal conflict detected:","newModule":"Quests","newSpecificity":12,"pattern":"regex:add_item_to_(.+)","resolution":"existing wins","timestamp":"2025-10-18 19:22:07"}
{"existingModule":"Calendar","existingSpecificity":3,"level":"\u001b[33mwarn\u001b[39m","message":"Signal conflict detected:","newModule":"Calendar","newSpecificity":3,"pattern":"regex:n_(.+)_(?:--|\\+\\+|\\+|-|0)","resolution":"existing wins","timestamp":"2025-10-18 19:22:07"}
{"existingModule":"Quests","existingSpecificity":15,"level":"\u001b[33mwarn\u001b[39m","message":"Signal conflict detected:","newModule":"Scheduler","newSpecificity":15,"pattern":"regex:schedule_quest_(.+)","resolution":"existing wins","timestamp":"2025-10-18 19:22:07"}
{"level":"\u001b[32minfo\u001b[39m","message":"Starting HolonsBot","timestamp":"2025-10-18 19:22:48"}
{"appname":"Holons","level":"\u001b[32minfo\u001b[39m","message":"Starting HolonsBot initialization","timestamp":"2025-10-18 19:22:49"}
{"level":"\u001b[32minfo\u001b[39m","message":"Telegram bot initialized (not yet launched)","timestamp":"2025-10-18 19:22:49"}
{"level":"\u001b[32minfo\u001b[39m","message":"SignalManager initialized","timestamp":"2025-10-18 19:22:49"}
{"appname":"Holons","level":"\u001b[32minfo\u001b[39m","message":"Database initialized","timestamp":"2025-10-18 19:22:50"}
{"existingModule":"Settings","existingSpecificity":13,"level":"\u001b[33mwarn\u001b[39m","message":"Signal conflict detected:","newModule":"Settings","newSpecificity":13,"pattern":"regex:timezone_set_(.+)","resolution":"existing wins","timestamp":"2025-10-18 19:22:50"}
{"existingModule":"Settings","existingSpecificity":13,"level":"\u001b[33mwarn\u001b[39m","message":"Signal conflict detected:","newModule":"Settings","newSpecificity":13,"pattern":"string:settings_back","resolution":"existing wins","timestamp":"2025-10-18 19:22:50"}
{"existingModule":"Settings","existingSpecificity":22,"level":"\u001b[33mwarn\u001b[39m","message":"Signal conflict detected:","newModule":"Settings","newSpecificity":22,"pattern":"string:settings_values_change","resolution":"existing wins","timestamp":"2025-10-18 19:22:50"}
{"existingModule":"Settings","existingSpecificity":23,"level":"\u001b[33mwarn\u001b[39m","message":"Signal conflict detected:","newModule":"Settings","newSpecificity":23,"pattern":"string:settings_domains_change","resolution":"existing wins","timestamp":"2025-10-18 19:22:50"}
{"existingModule":"Settings","existingSpecificity":21,"level":"\u001b[33mwarn\u001b[39m","message":"Signal conflict detected:","newModule":"Settings","newSpecificity":21,"pattern":"string:settings_roles_change","resolution":"existing wins","timestamp":"2025-10-18 19:22:50"}
{"existingModule":"Settings","existingSpecificity":26,"level":"\u001b[33mwarn\u001b[39m","message":"Signal conflict detected:","newModule":"Settings","newSpecificity":26,"pattern":"string:settings_currencies_change","resolution":"existing wins","timestamp":"2025-10-18 19:22:50"}
{"existingModule":"Settings","existingSpecificity":14,"level":"\u001b[33mwarn\u001b[39m","message":"Signal conflict detected:","newModule":"Settings","newSpecificity":14,"pattern":"string:add_federation","resolution":"existing wins","timestamp":"2025-10-18 19:22:50"}
{"existingModule":"Settings","existingSpecificity":22,"level":"\u001b[33mwarn\u001b[39m","message":"Signal conflict detected:","newModule":"Settings","newSpecificity":22,"pattern":"string:settings_values_change","resolution":"existing wins","timestamp":"2025-10-18 19:22:50"}
{"existingModule":"Settings","existingSpecificity":23,"level":"\u001b[33mwarn\u001b[39m","message":"Signal conflict detected:","newModule":"Settings","newSpecificity":23,"pattern":"string:settings_domains_change","resolution":"existing wins","timestamp":"2025-10-18 19:22:50"}
{"existingModule":"Settings","existingSpecificity":21,"level":"\u001b[33mwarn\u001b[39m","message":"Signal conflict detected:","newModule":"Settings","newSpecificity":21,"pattern":"string:settings_roles_change","resolution":"existing wins","timestamp":"2025-10-18 19:22:50"}
{"existingModule":"Settings","existingSpecificity":26,"level":"\u001b[33mwarn\u001b[39m","message":"Signal conflict detected:","newModule":"Settings","newSpecificity":26,"pattern":"string:settings_currencies_change","resolution":"existing wins","timestamp":"2025-10-18 19:22:50"}
{"existingModule":"Settings","existingSpecificity":12,"level":"\u001b[33mwarn\u001b[39m","message":"Signal conflict detected:","newModule":"Settings","newSpecificity":12,"pattern":"string:help_add_hex","resolution":"existing wins","timestamp":"2025-10-18 19:22:50"}
{"level":"\u001b[32minfo\u001b[39m","message":"InputScene utility initialized and registered","timestamp":"2025-10-18 19:22:50"}
{"existingModule":"Checklists","existingSpecificity":23,"level":"\u001b[33mwarn\u001b[39m","message":"Signal conflict detected:","newModule":"Roles","newSpecificity":23,"pattern":"regex:back_to_role_(.+)","resolution":"existing wins","timestamp":"2025-10-18 19:22:50"}
{"existingModule":"Checklists","existingSpecificity":6,"level":"\u001b[33mwarn\u001b[39m","message":"Signal conflict detected:","newModule":"Quests","newSpecificity":6,"pattern":"regex:check_(.+)","resolution":"existing wins","timestamp":"2025-10-18 19:22:50"}
{"existingModule":"Checklists","existingSpecificity":12,"level":"\u001b[33mwarn\u001b[39m","message":"Signal conflict detected:","newModule":"Quests","newSpecificity":12,"pattern":"regex:add_item_to_(.+)","resolution":"existing wins","timestamp":"2025-10-18 19:22:50"}
{"existingModule":"Calendar","existingSpecificity":3,"level":"\u001b[33mwarn\u001b[39m","message":"Signal conflict detected:","newModule":"Calendar","newSpecificity":3,"pattern":"regex:n_(.+)_(?:--|\\+\\+|\\+|-|0)","resolution":"existing wins","timestamp":"2025-10-18 19:22:50"}
{"existingModule":"Quests","existingSpecificity":15,"level":"\u001b[33mwarn\u001b[39m","message":"Signal conflict detected:","newModule":"Scheduler","newSpecificity":15,"pattern":"regex:schedule_quest_(.+)","resolution":"existing wins","timestamp":"2025-10-18 19:22:50"}
{"level":"\u001b[32minfo\u001b[39m","message":"SIGINT received, shutting down gracefully","timestamp":"2025-10-18 19:23:06"}
{"level":"\u001b[32minfo\u001b[39m","message":"Starting HolonsBot","timestamp":"2025-10-18 19:23:07"}
{"appname":"Holons","level":"\u001b[32minfo\u001b[39m","message":"Starting HolonsBot initialization","timestamp":"2025-10-18 19:23:08"}
{"level":"\u001b[32minfo\u001b[39m","message":"Telegram bot initialized (not yet launched)","timestamp":"2025-10-18 19:23:08"}
{"level":"\u001b[32minfo\u001b[39m","message":"SignalManager initialized","timestamp":"2025-10-18 19:23:08"}
{"appname":"Holons","level":"\u001b[32minfo\u001b[39m","message":"Database initialized","timestamp":"2025-10-18 19:23:08"}
{"existingModule":"Settings","existingSpecificity":13,"level":"\u001b[33mwarn\u001b[39m","message":"Signal conflict detected:","newModule":"Settings","newSpecificity":13,"pattern":"regex:timezone_set_(.+)","resolution":"existing wins","timestamp":"2025-10-18 19:23:08"}
{"existingModule":"Settings","existingSpecificity":13,"level":"\u001b[33mwarn\u001b[39m","message":"Signal conflict detected:","newModule":"Settings","newSpecificity":13,"pattern":"string:settings_back","resolution":"existing wins","timestamp":"2025-10-18 19:23:08"}
{"existingModule":"Settings","existingSpecificity":22,"level":"\u001b[33mwarn\u001b[39m","message":"Signal conflict detected:","newModule":"Settings","newSpecificity":22,"pattern":"string:settings_values_change","resolution":"existing wins","timestamp":"2025-10-18 19:23:08"}
{"existingModule":"Settings","existingSpecificity":23,"level":"\u001b[33mwarn\u001b[39m","message":"Signal conflict detected:","newModule":"Settings","newSpecificity":23,"pattern":"string:settings_domains_change","resolution":"existing wins","timestamp":"2025-10-18 19:23:08"}
{"existingModule":"Settings","existingSpecificity":21,"level":"\u001b[33mwarn\u001b[39m","message":"Signal conflict detected:","newModule":"Settings","newSpecificity":21,"pattern":"string:settings_roles_change","resolution":"existing wins","timestamp":"2025-10-18 19:23:08"}
{"existingModule":"Settings","existingSpecificity":26,"level":"\u001b[33mwarn\u001b[39m","message":"Signal conflict detected:","newModule":"Settings","newSpecificity":26,"pattern":"string:settings_currencies_change","resolution":"existing wins","timestamp":"2025-10-18 19:23:08"}
{"existingModule":"Settings","existingSpecificity":14,"level":"\u001b[33mwarn\u001b[39m","message":"Signal conflict detected:","newModule":"Settings","newSpecificity":14,"pattern":"string:add_federation","resolution":"existing wins","timestamp":"2025-10-18 19:23:08"}
{"existingModule":"Settings","existingSpecificity":22,"level":"\u001b[33mwarn\u001b[39m","message":"Signal conflict detected:","newModule":"Settings","newSpecificity":22,"pattern":"string:settings_values_change","resolution":"existing wins","timestamp":"2025-10-18 19:23:08"}
{"existingModule":"Settings","existingSpecificity":23,"level":"\u001b[33mwarn\u001b[39m","message":"Signal conflict detected:","newModule":"Settings","newSpecificity":23,"pattern":"string:settings_domains_change","resolution":"existing wins","timestamp":"2025-10-18 19:23:08"}
{"existingModule":"Settings","existingSpecificity":21,"level":"\u001b[33mwarn\u001b[39m","message":"Signal conflict detected:","newModule":"Settings","newSpecificity":21,"pattern":"string:settings_roles_change","resolution":"existing wins","timestamp":"2025-10-18 19:23:08"}
{"existingModule":"Settings","existingSpecificity":26,"level":"\u001b[33mwarn\u001b[39m","message":"Signal conflict detected:","newModule":"Settings","newSpecificity":26,"pattern":"string:settings_currencies_change","resolution":"existing wins","timestamp":"2025-10-18 19:23:08"}
{"existingModule":"Settings","existingSpecificity":12,"level":"\u001b[33mwarn\u001b[39m","message":"Signal conflict detected:","newModule":"Settings","newSpecificity":12,"pattern":"string:help_add_hex","resolution":"existing wins","timestamp":"2025-10-18 19:23:08"}
{"level":"\u001b[32minfo\u001b[39m","message":"InputScene utility initialized and registered","timestamp":"2025-10-18 19:23:08"}
{"existingModule":"Checklists","existingSpecificity":23,"level":"\u001b[33mwarn\u001b[39m","message":"Signal conflict detected:","newModule":"Roles","newSpecificity":23,"pattern":"regex:back_to_role_(.+)","resolution":"existing wins","timestamp":"2025-10-18 19:23:08"}
{"existingModule":"Checklists","existingSpecificity":6,"level":"\u001b[33mwarn\u001b[39m","message":"Signal conflict detected:","newModule":"Quests","newSpecificity":6,"pattern":"regex:check_(.+)","resolution":"existing wins","timestamp":"2025-10-18 19:23:08"}
{"existingModule":"Checklists","existingSpecificity":12,"level":"\u001b[33mwarn\u001b[39m","message":"Signal conflict detected:","newModule":"Quests","newSpecificity":12,"pattern":"regex:add_item_to_(.+)","resolution":"existing wins","timestamp":"2025-10-18 19:23:08"}
{"existingModule":"Calendar","existingSpecificity":3,"level":"\u001b[33mwarn\u001b[39m","message":"Signal conflict detected:","newModule":"Calendar","newSpecificity":3,"pattern":"regex:n_(.+)_(?:--|\\+\\+|\\+|-|0)","resolution":"existing wins","timestamp":"2025-10-18 19:23:08"}
{"existingModule":"Quests","existingSpecificity":15,"level":"\u001b[33mwarn\u001b[39m","message":"Signal conflict detected:","newModule":"Scheduler","newSpecificity":15,"pattern":"regex:schedule_quest_(.+)","resolution":"existing wins","timestamp":"2025-10-18 19:23:08"}
{"level":"\u001b[32minfo\u001b[39m","message":"Starting HolonsBot","timestamp":"2025-10-18 19:23:15"}
{"appname":"Holons","level":"\u001b[32minfo\u001b[39m","message":"Starting HolonsBot initialization","timestamp":"2025-10-18 19:23:16"}
{"level":"\u001b[32minfo\u001b[39m","message":"Telegram bot initialized (not yet launched)","timestamp":"2025-10-18 19:23:16"}
{"level":"\u001b[32minfo\u001b[39m","message":"SignalManager initialized","timestamp":"2025-10-18 19:23:16"}
{"appname":"Holons","level":"\u001b[32minfo\u001b[39m","message":"Database initialized","timestamp":"2025-10-18 19:23:16"}
{"existingModule":"Settings","existingSpecificity":13,"level":"\u001b[33mwarn\u001b[39m","message":"Signal conflict detected:","newModule":"Settings","newSpecificity":13,"pattern":"regex:timezone_set_(.+)","resolution":"existing wins","timestamp":"2025-10-18 19:23:16"}
{"existingModule":"Settings","existingSpecificity":13,"level":"\u001b[33mwarn\u001b[39m","message":"Signal conflict detected:","newModule":"Settings","newSpecificity":13,"pattern":"string:settings_back","resolution":"existing wins","timestamp":"2025-10-18 19:23:16"}
{"existingModule":"Settings","existingSpecificity":22,"level":"\u001b[33mwarn\u001b[39m","message":"Signal conflict detected:","newModule":"Settings","newSpecificity":22,"pattern":"string:settings_values_change","resolution":"existing wins","timestamp":"2025-10-18 19:23:16"}
{"existingModule":"Settings","existingSpecificity":23,"level":"\u001b[33mwarn\u001b[39m","message":"Signal conflict detected:","newModule":"Settings","newSpecificity":23,"pattern":"string:settings_domains_change","resolution":"existing wins","timestamp":"2025-10-18 19:23:16"}
{"existingModule":"Settings","existingSpecificity":21,"level":"\u001b[33mwarn\u001b[39m","message":"Signal conflict detected:","newModule":"Settings","newSpecificity":21,"pattern":"string:settings_roles_change","resolution":"existing wins","timestamp":"2025-10-18 19:23:16"}
{"existingModule":"Settings","existingSpecificity":26,"level":"\u001b[33mwarn\u001b[39m","message":"Signal conflict detected:","newModule":"Settings","newSpecificity":26,"pattern":"string:settings_currencies_change","resolution":"existing wins","timestamp":"2025-10-18 19:23:16"}
{"existingModule":"Settings","existingSpecificity":14,"level":"\u001b[33mwarn\u001b[39m","message":"Signal conflict detected:","newModule":"Settings","newSpecificity":14,"pattern":"string:add_federation","resolution":"existing wins","timestamp":"2025-10-18 19:23:16"}
{"existingModule":"Settings","existingSpecificity":22,"level":"\u001b[33mwarn\u001b[39m","message":"Signal conflict detected:","newModule":"Settings","newSpecificity":22,"pattern":"string:settings_values_change","resolution":"existing wins","timestamp":"2025-10-18 19:23:16"}
{"existingModule":"Settings","existingSpecificity":23,"level":"\u001b[33mwarn\u001b[39m","message":"Signal conflict detected:","newModule":"Settings","newSpecificity":23,"pattern":"string:settings_domains_change","resolution":"existing wins","timestamp":"2025-10-18 19:23:16"}
{"existingModule":"Settings","existingSpecificity":21,"level":"\u001b[33mwarn\u001b[39m","message":"Signal conflict detected:","newModule":"Settings","newSpecificity":21,"pattern":"string:settings_roles_change","resolution":"existing wins","timestamp":"2025-10-18 19:23:16"}
{"existingModule":"Settings","existingSpecificity":26,"level":"\u001b[33mwarn\u001b[39m","message":"Signal conflict detected:","newModule":"Settings","newSpecificity":26,"pattern":"string:settings_currencies_change","resolution":"existing wins","timestamp":"2025-10-18 19:23:16"}
{"existingModule":"Settings","existingSpecificity":12,"level":"\u001b[33mwarn\u001b[39m","message":"Signal conflict detected:","newModule":"Settings","newSpecificity":12,"pattern":"string:help_add_hex","resolution":"existing wins","timestamp":"2025-10-18 19:23:16"}
{"level":"\u001b[32minfo\u001b[39m","message":"InputScene utility initialized and registered","timestamp":"2025-10-18 19:23:16"}
{"existingModule":"Checklists","existingSpecificity":23,"level":"\u001b[33mwarn\u001b[39m","message":"Signal conflict detected:","newModule":"Roles","newSpecificity":23,"pattern":"regex:back_to_role_(.+)","resolution":"existing wins","timestamp":"2025-10-18 19:23:16"}
{"existingModule":"Checklists","existingSpecificity":6,"level":"\u001b[33mwarn\u001b[39m","message":"Signal conflict detected:","newModule":"Quests","newSpecificity":6,"pattern":"regex:check_(.+)","resolution":"existing wins","timestamp":"2025-10-18 19:23:16"}
{"existingModule":"Checklists","existingSpecificity":12,"level":"\u001b[33mwarn\u001b[39m","message":"Signal conflict detected:","newModule":"Quests","newSpecificity":12,"pattern":"regex:add_item_to_(.+)","resolution":"existing wins","timestamp":"2025-10-18 19:23:16"}
{"existingModule":"Calendar","existingSpecificity":3,"level":"\u001b[33mwarn\u001b[39m","message":"Signal conflict detected:","newModule":"Calendar","newSpecificity":3,"pattern":"regex:n_(.+)_(?:--|\\+\\+|\\+|-|0)","resolution":"existing wins","timestamp":"2025-10-18 19:23:16"}
{"existingModule":"Quests","existingSpecificity":15,"level":"\u001b[33mwarn\u001b[39m","message":"Signal conflict detected:","newModule":"Scheduler","newSpecificity":15,"pattern":"regex:schedule_quest_(.+)","resolution":"existing wins","timestamp":"2025-10-18 19:23:16"}
{"level":"\u001b[32minfo\u001b[39m","message":"Starting HolonsBot","timestamp":"2025-10-18 19:24:37"}
{"appname":"Holons","level":"\u001b[32minfo\u001b[39m","message":"Starting HolonsBot initialization","timestamp":"2025-10-18 19:24:37"}
{"level":"\u001b[32minfo\u001b[39m","message":"Telegram bot initialized (not yet launched)","timestamp":"2025-10-18 19:24:37"}
{"level":"\u001b[32minfo\u001b[39m","message":"SignalManager initialized","timestamp":"2025-10-18 19:24:37"}
{"appname":"Holons","level":"\u001b[32minfo\u001b[39m","message":"Database initialized","timestamp":"2025-10-18 19:24:37"}
{"existingModule":"Settings","existingSpecificity":13,"level":"\u001b[33mwarn\u001b[39m","message":"Signal conflict detected:","newModule":"Settings","newSpecificity":13,"pattern":"regex:timezone_set_(.+)","resolution":"existing wins","timestamp":"2025-10-18 19:24:38"}
{"existingModule":"Settings","existingSpecificity":13,"level":"\u001b[33mwarn\u001b[39m","message":"Signal conflict detected:","newModule":"Settings","newSpecificity":13,"pattern":"string:settings_back","resolution":"existing wins","timestamp":"2025-10-18 19:24:38"}
{"existingModule":"Settings","existingSpecificity":22,"level":"\u001b[33mwarn\u001b[39m","message":"Signal conflict detected:","newModule":"Settings","newSpecificity":22,"pattern":"string:settings_values_change","resolution":"existing wins","timestamp":"2025-10-18 19:24:38"}
{"existingModule":"Settings","existingSpecificity":23,"level":"\u001b[33mwarn\u001b[39m","message":"Signal conflict detected:","newModule":"Settings","newSpecificity":23,"pattern":"string:settings_domains_change","resolution":"existing wins","timestamp":"2025-10-18 19:24:38"}
{"existingModule":"Settings","existingSpecificity":21,"level":"\u001b[33mwarn\u001b[39m","message":"Signal conflict detected:","newModule":"Settings","newSpecificity":21,"pattern":"string:settings_roles_change","resolution":"existing wins","timestamp":"2025-10-18 19:24:38"}
{"existingModule":"Settings","existingSpecificity":26,"level":"\u001b[33mwarn\u001b[39m","message":"Signal conflict detected:","newModule":"Settings","newSpecificity":26,"pattern":"string:settings_currencies_change","resolution":"existing wins","timestamp":"2025-10-18 19:24:38"}
{"existingModule":"Settings","existingSpecificity":14,"level":"\u001b[33mwarn\u001b[39m","message":"Signal conflict detected:","newModule":"Settings","newSpecificity":14,"pattern":"string:add_federation","resolution":"existing wins","timestamp":"2025-10-18 19:24:38"}
{"existingModule":"Settings","existingSpecificity":22,"level":"\u001b[33mwarn\u001b[39m","message":"Signal conflict detected:","newModule":"Settings","newSpecificity":22,"pattern":"string:settings_values_change","resolution":"existing wins","timestamp":"2025-10-18 19:24:38"}
{"existingModule":"Settings","existingSpecificity":23,"level":"\u001b[33mwarn\u001b[39m","message":"Signal conflict detected:","newModule":"Settings","newSpecificity":23,"pattern":"string:settings_domains_change","resolution":"existing wins","timestamp":"2025-10-18 19:24:38"}
{"existingModule":"Settings","existingSpecificity":21,"level":"\u001b[33mwarn\u001b[39m","message":"Signal conflict detected:","newModule":"Settings","newSpecificity":21,"pattern":"string:settings_roles_change","resolution":"existing wins","timestamp":"2025-10-18 19:24:38"}
{"existingModule":"Settings","existingSpecificity":26,"level":"\u001b[33mwarn\u001b[39m","message":"Signal conflict detected:","newModule":"Settings","newSpecificity":26,"pattern":"string:settings_currencies_change","resolution":"existing wins","timestamp":"2025-10-18 19:24:38"}
{"existingModule":"Settings","existingSpecificity":12,"level":"\u001b[33mwarn\u001b[39m","message":"Signal conflict detected:","newModule":"Settings","newSpecificity":12,"pattern":"string:help_add_hex","resolution":"existing wins","timestamp":"2025-10-18 19:24:38"}
{"level":"\u001b[32minfo\u001b[39m","message":"InputScene utility initialized and registered","timestamp":"2025-10-18 19:24:38"}
{"existingModule":"Checklists","existingSpecificity":23,"level":"\u001b[33mwarn\u001b[39m","message":"Signal conflict detected:","newModule":"Roles","newSpecificity":23,"pattern":"regex:back_to_role_(.+)","resolution":"existing wins","timestamp":"2025-10-18 19:24:38"}
{"existingModule":"Checklists","existingSpecificity":6,"level":"\u001b[33mwarn\u001b[39m","message":"Signal conflict detected:","newModule":"Quests","newSpecificity":6,"pattern":"regex:check_(.+)","resolution":"existing wins","timestamp":"2025-10-18 19:24:38"}
{"existingModule":"Checklists","existingSpecificity":12,"level":"\u001b[33mwarn\u001b[39m","message":"Signal conflict detected:","newModule":"Quests","newSpecificity":12,"pattern":"regex:add_item_to_(.+)","resolution":"existing wins","timestamp":"2025-10-18 19:24:38"}
{"existingModule":"Calendar","existingSpecificity":3,"level":"\u001b[33mwarn\u001b[39m","message":"Signal conflict detected:","newModule":"Calendar","newSpecificity":3,"pattern":"regex:n_(.+)_(?:--|\\+\\+|\\+|-|0)","resolution":"existing wins","timestamp":"2025-10-18 19:24:38"}
{"existingModule":"Quests","existingSpecificity":15,"level":"\u001b[33mwarn\u001b[39m","message":"Signal conflict detected:","newModule":"Scheduler","newSpecificity":15,"pattern":"regex:schedule_quest_(.+)","resolution":"existing wins","timestamp":"2025-10-18 19:24:38"}
{"level":"\u001b[32minfo\u001b[39m","message":"SIGINT received, shutting down gracefully","timestamp":"2025-10-18 20:25:24"}
{"level":"\u001b[32minfo\u001b[39m","message":"Starting HolonsBot","timestamp":"2025-10-18 20:25:25"}
{"appname":"Holons","level":"\u001b[32minfo\u001b[39m","message":"Starting HolonsBot initialization","timestamp":"2025-10-18 20:25:26"}
{"level":"\u001b[32minfo\u001b[39m","message":"Telegram bot initialized (not yet launched)","timestamp":"2025-10-18 20:25:26"}
{"level":"\u001b[32minfo\u001b[39m","message":"SignalManager initialized","timestamp":"2025-10-18 20:25:26"}
{"appname":"Holons","level":"\u001b[32minfo\u001b[39m","message":"Database initialized","timestamp":"2025-10-18 20:25:26"}
{"existingModule":"Settings","existingSpecificity":13,"level":"\u001b[33mwarn\u001b[39m","message":"Signal conflict detected:","newModule":"Settings","newSpecificity":13,"pattern":"regex:timezone_set_(.+)","resolution":"existing wins","timestamp":"2025-10-18 20:25:26"}
{"existingModule":"Settings","existingSpecificity":13,"level":"\u001b[33mwarn\u001b[39m","message":"Signal conflict detected:","newModule":"Settings","newSpecificity":13,"pattern":"string:settings_back","resolution":"existing wins","timestamp":"2025-10-18 20:25:26"}
{"existingModule":"Settings","existingSpecificity":22,"level":"\u001b[33mwarn\u001b[39m","message":"Signal conflict detected:","newModule":"Settings","newSpecificity":22,"pattern":"string:settings_values_change","resolution":"existing wins","timestamp":"2025-10-18 20:25:26"}
{"existingModule":"Settings","existingSpecificity":23,"level":"\u001b[33mwarn\u001b[39m","message":"Signal conflict detected:","newModule":"Settings","newSpecificity":23,"pattern":"string:settings_domains_change","resolution":"existing wins","timestamp":"2025-10-18 20:25:26"}
{"existingModule":"Settings","existingSpecificity":21,"level":"\u001b[33mwarn\u001b[39m","message":"Signal conflict detected:","newModule":"Settings","newSpecificity":21,"pattern":"string:settings_roles_change","resolution":"existing wins","timestamp":"2025-10-18 20:25:26"}
{"existingModule":"Settings","existingSpecificity":26,"level":"\u001b[33mwarn\u001b[39m","message":"Signal conflict detected:","newModule":"Settings","newSpecificity":26,"pattern":"string:settings_currencies_change","resolution":"existing wins","timestamp":"2025-10-18 20:25:26"}
{"existingModule":"Settings","existingSpecificity":14,"level":"\u001b[33mwarn\u001b[39m","message":"Signal conflict detected:","newModule":"Settings","newSpecificity":14,"pattern":"string:add_federation","resolution":"existing wins","timestamp":"2025-10-18 20:25:26"}
{"existingModule":"Settings","existingSpecificity":22,"level":"\u001b[33mwarn\u001b[39m","message":"Signal conflict detected:","newModule":"Settings","newSpecificity":22,"pattern":"string:settings_values_change","resolution":"existing wins","timestamp":"2025-10-18 20:25:26"}
{"existingModule":"Settings","existingSpecificity":23,"level":"\u001b[33mwarn\u001b[39m","message":"Signal conflict detected:","newModule":"Settings","newSpecificity":23,"pattern":"string:settings_domains_change","resolution":"existing wins","timestamp":"2025-10-18 20:25:26"}
{"existingModule":"Settings","existingSpecificity":21,"level":"\u001b[33mwarn\u001b[39m","message":"Signal conflict detected:","newModule":"Settings","newSpecificity":21,"pattern":"string:settings_roles_change","resolution":"existing wins","timestamp":"2025-10-18 20:25:26"}
{"existingModule":"Settings","existingSpecificity":26,"level":"\u001b[33mwarn\u001b[39m","message":"Signal conflict detected:","newModule":"Settings","newSpecificity":26,"pattern":"string:settings_currencies_change","resolution":"existing wins","timestamp":"2025-10-18 20:25:26"}
{"existingModule":"Settings","existingSpecificity":12,"level":"\u001b[33mwarn\u001b[39m","message":"Signal conflict detected:","newModule":"Settings","newSpecificity":12,"pattern":"string:help_add_hex","resolution":"existing wins","timestamp":"2025-10-18 20:25:26"}
{"level":"\u001b[32minfo\u001b[39m","message":"InputScene utility initialized and registered","timestamp":"2025-10-18 20:25:27"}
{"existingModule":"Checklists","existingSpecificity":23,"level":"\u001b[33mwarn\u001b[39m","message":"Signal conflict detected:","newModule":"Roles","newSpecificity":23,"pattern":"regex:back_to_role_(.+)","resolution":"existing wins","timestamp":"2025-10-18 20:25:27"}
{"existingModule":"Checklists","existingSpecificity":6,"level":"\u001b[33mwarn\u001b[39m","message":"Signal conflict detected:","newModule":"Quests","newSpecificity":6,"pattern":"regex:check_(.+)","resolution":"existing wins","timestamp":"2025-10-18 20:25:27"}
{"existingModule":"Checklists","existingSpecificity":12,"level":"\u001b[33mwarn\u001b[39m","message":"Signal conflict detected:","newModule":"Quests","newSpecificity":12,"pattern":"regex:add_item_to_(.+)","resolution":"existing wins","timestamp":"2025-10-18 20:25:27"}
{"existingModule":"Calendar","existingSpecificity":3,"level":"\u001b[33mwarn\u001b[39m","message":"Signal conflict detected:","newModule":"Calendar","newSpecificity":3,"pattern":"regex:n_(.+)_(?:--|\\+\\+|\\+|-|0)","resolution":"existing wins","timestamp":"2025-10-18 20:25:27"}
{"existingModule":"Quests","existingSpecificity":15,"level":"\u001b[33mwarn\u001b[39m","message":"Signal conflict detected:","newModule":"Scheduler","newSpecificity":15,"pattern":"regex:schedule_quest_(.+)","resolution":"existing wins","timestamp":"2025-10-18 20:25:28"}
{"level":"\u001b[32minfo\u001b[39m","message":"SIGINT received, shutting down gracefully","timestamp":"2025-10-18 20:26:31"}
{"level":"\u001b[32minfo\u001b[39m","message":"Starting HolonsBot","timestamp":"2025-10-18 20:30:16"}
{"appname":"Holons","level":"\u001b[32minfo\u001b[39m","message":"Starting HolonsBot initialization","timestamp":"2025-10-18 20:30:17"}
{"level":"\u001b[32minfo\u001b[39m","message":"Telegram bot initialized (not yet launched)","timestamp":"2025-10-18 20:30:17"}
{"level":"\u001b[32minfo\u001b[39m","message":"SignalManager initialized","timestamp":"2025-10-18 20:30:17"}
{"appname":"Holons","level":"\u001b[32minfo\u001b[39m","message":"Database initialized","timestamp":"2025-10-18 20:30:18"}
{"existingModule":"Settings","existingSpecificity":13,"level":"\u001b[33mwarn\u001b[39m","message":"Signal conflict detected:","newModule":"Settings","newSpecificity":13,"pattern":"regex:timezone_set_(.+)","resolution":"existing wins","timestamp":"2025-10-18 20:30:18"}
{"existingModule":"Settings","existingSpecificity":13,"level":"\u001b[33mwarn\u001b[39m","message":"Signal conflict detected:","newModule":"Settings","newSpecificity":13,"pattern":"string:settings_back","resolution":"existing wins","timestamp":"2025-10-18 20:30:18"}
{"existingModule":"Settings","existingSpecificity":22,"level":"\u001b[33mwarn\u001b[39m","message":"Signal conflict detected:","newModule":"Settings","newSpecificity":22,"pattern":"string:settings_values_change","resolution":"existing wins","timestamp":"2025-10-18 20:30:18"}
{"existingModule":"Settings","existingSpecificity":23,"level":"\u001b[33mwarn\u001b[39m","message":"Signal conflict detected:","newModule":"Settings","newSpecificity":23,"pattern":"string:settings_domains_change","resolution":"existing wins","timestamp":"2025-10-18 20:30:18"}
{"existingModule":"Settings","existingSpecificity":21,"level":"\u001b[33mwarn\u001b[39m","message":"Signal conflict detected:","newModule":"Settings","newSpecificity":21,"pattern":"string:settings_roles_change","resolution":"existing wins","timestamp":"2025-10-18 20:30:18"}
{"existingModule":"Settings","existingSpecificity":26,"level":"\u001b[33mwarn\u001b[39m","message":"Signal conflict detected:","newModule":"Settings","newSpecificity":26,"pattern":"string:settings_currencies_change","resolution":"existing wins","timestamp":"2025-10-18 20:30:18"}
{"existingModule":"Settings","existingSpecificity":14,"level":"\u001b[33mwarn\u001b[39m","message":"Signal conflict detected:","newModule":"Settings","newSpecificity":14,"pattern":"string:add_federation","resolution":"existing wins","timestamp":"2025-10-18 20:30:18"}
{"existingModule":"Settings","existingSpecificity":22,"level":"\u001b[33mwarn\u001b[39m","message":"Signal conflict detected:","newModule":"Settings","newSpecificity":22,"pattern":"string:settings_values_change","resolution":"existing wins","timestamp":"2025-10-18 20:30:18"}
{"existingModule":"Settings","existingSpecificity":23,"level":"\u001b[33mwarn\u001b[39m","message":"Signal conflict detected:","newModule":"Settings","newSpecificity":23,"pattern":"string:settings_domains_change","resolution":"existing wins","timestamp":"2025-10-18 20:30:18"}
{"existingModule":"Settings","existingSpecificity":21,"level":"\u001b[33mwarn\u001b[39m","message":"Signal conflict detected:","newModule":"Settings","newSpecificity":21,"pattern":"string:settings_roles_change","resolution":"existing wins","timestamp":"2025-10-18 20:30:18"}
{"existingModule":"Settings","existingSpecificity":26,"level":"\u001b[33mwarn\u001b[39m","message":"Signal conflict detected:","newModule":"Settings","newSpecificity":26,"pattern":"string:settings_currencies_change","resolution":"existing wins","timestamp":"2025-10-18 20:30:18"}
{"existingModule":"Settings","existingSpecificity":12,"level":"\u001b[33mwarn\u001b[39m","message":"Signal conflict detected:","newModule":"Settings","newSpecificity":12,"pattern":"string:help_add_hex","resolution":"existing wins","timestamp":"2025-10-18 20:30:18"}
{"level":"\u001b[32minfo\u001b[39m","message":"InputScene utility initialized and registered","timestamp":"2025-10-18 20:30:19"}
{"existingModule":"Checklists","existingSpecificity":23,"level":"\u001b[33mwarn\u001b[39m","message":"Signal conflict detected:","newModule":"Roles","newSpecificity":23,"pattern":"regex:back_to_role_(.+)","resolution":"existing wins","timestamp":"2025-10-18 20:30:19"}
{"existingModule":"Checklists","existingSpecificity":6,"level":"\u001b[33mwarn\u001b[39m","message":"Signal conflict detected:","newModule":"Quests","newSpecificity":6,"pattern":"regex:check_(.+)","resolution":"existing wins","timestamp":"2025-10-18 20:30:19"}
{"existingModule":"Checklists","existingSpecificity":12,"level":"\u001b[33mwarn\u001b[39m","message":"Signal conflict detected:","newModule":"Quests","newSpecificity":12,"pattern":"regex:add_item_to_(.+)","resolution":"existing wins","timestamp":"2025-10-18 20:30:19"}
{"existingModule":"Calendar","existingSpecificity":3,"level":"\u001b[33mwarn\u001b[39m","message":"Signal conflict detected:","newModule":"Calendar","newSpecificity":3,"pattern":"regex:n_(.+)_(?:--|\\+\\+|\\+|-|0)","resolution":"existing wins","timestamp":"2025-10-18 20:30:19"}
{"existingModule":"Quests","existingSpecificity":15,"level":"\u001b[33mwarn\u001b[39m","message":"Signal conflict detected:","newModule":"Scheduler","newSpecificity":15,"pattern":"regex:schedule_quest_(.+)","resolution":"existing wins","timestamp":"2025-10-18 20:30:19"}
{"level":"\u001b[32minfo\u001b[39m","message":"Starting HolonsBot","timestamp":"2025-10-18 20:31:21"}
{"appname":"Holons","level":"\u001b[32minfo\u001b[39m","message":"Starting HolonsBot initialization","timestamp":"2025-10-18 20:31:22"}
{"level":"\u001b[32minfo\u001b[39m","message":"Telegram bot initialized (not yet launched)","timestamp":"2025-10-18 20:31:22"}
{"level":"\u001b[32minfo\u001b[39m","message":"SignalManager initialized","timestamp":"2025-10-18 20:31:22"}
{"appname":"Holons","level":"\u001b[32minfo\u001b[39m","message":"Database initialized","timestamp":"2025-10-18 20:31:22"}
{"existingModule":"Settings","existingSpecificity":13,"level":"\u001b[33mwarn\u001b[39m","message":"Signal conflict detected:","newModule":"Settings","newSpecificity":13,"pattern":"regex:timezone_set_(.+)","resolution":"existing wins","timestamp":"2025-10-18 20:31:22"}
{"existingModule":"Settings","existingSpecificity":13,"level":"\u001b[33mwarn\u001b[39m","message":"Signal conflict detected:","newModule":"Settings","newSpecificity":13,"pattern":"string:settings_back","resolution":"existing wins","timestamp":"2025-10-18 20:31:22"}
{"existingModule":"Settings","existingSpecificity":22,"level":"\u001b[33mwarn\u001b[39m","message":"Signal conflict detected:","newModule":"Settings","newSpecificity":22,"pattern":"string:settings_values_change","resolution":"existing wins","timestamp":"2025-10-18 20:31:22"}
{"existingModule":"Settings","existingSpecificity":23,"level":"\u001b[33mwarn\u001b[39m","message":"Signal conflict detected:","newModule":"Settings","newSpecificity":23,"pattern":"string:settings_domains_change","resolution":"existing wins","timestamp":"2025-10-18 20:31:22"}
{"existingModule":"Settings","existingSpecificity":21,"level":"\u001b[33mwarn\u001b[39m","message":"Signal conflict detected:","newModule":"Settings","newSpecificity":21,"pattern":"string:settings_roles_change","resolution":"existing wins","timestamp":"2025-10-18 20:31:22"}
{"existingModule":"Settings","existingSpecificity":26,"level":"\u001b[33mwarn\u001b[39m","message":"Signal conflict detected:","newModule":"Settings","newSpecificity":26,"pattern":"string:settings_currencies_change","resolution":"existing wins","timestamp":"2025-10-18 20:31:22"}
{"existingModule":"Settings","existingSpecificity":14,"level":"\u001b[33mwarn\u001b[39m","message":"Signal conflict detected:","newModule":"Settings","newSpecificity":14,"pattern":"string:add_federation","resolution":"existing wins","timestamp":"2025-10-18 20:31:22"}
{"existingModule":"Settings","existingSpecificity":22,"level":"\u001b[33mwarn\u001b[39m","message":"Signal conflict detected:","newModule":"Settings","newSpecificity":22,"pattern":"string:settings_values_change","resolution":"existing wins","timestamp":"2025-10-18 20:31:22"}
{"existingModule":"Settings","existingSpecificity":23,"level":"\u001b[33mwarn\u001b[39m","message":"Signal conflict detected:","newModule":"Settings","newSpecificity":23,"pattern":"string:settings_domains_change","resolution":"existing wins","timestamp":"2025-10-18 20:31:22"}
{"existingModule":"Settings","existingSpecificity":21,"level":"\u001b[33mwarn\u001b[39m","message":"Signal conflict detected:","newModule":"Settings","newSpecificity":21,"pattern":"string:settings_roles_change","resolution":"existing wins","timestamp":"2025-10-18 20:31:22"}
{"existingModule":"Settings","existingSpecificity":26,"level":"\u001b[33mwarn\u001b[39m","message":"Signal conflict detected:","newModule":"Settings","newSpecificity":26,"pattern":"string:settings_currencies_change","resolution":"existing wins","timestamp":"2025-10-18 20:31:22"}
{"existingModule":"Settings","existingSpecificity":12,"level":"\u001b[33mwarn\u001b[39m","message":"Signal conflict detected:","newModule":"Settings","newSpecificity":12,"pattern":"string:help_add_hex","resolution":"existing wins","timestamp":"2025-10-18 20:31:22"}
{"level":"\u001b[32minfo\u001b[39m","message":"InputScene utility initialized and registered","timestamp":"2025-10-18 20:31:22"}
{"existingModule":"Checklists","existingSpecificity":23,"level":"\u001b[33mwarn\u001b[39m","message":"Signal conflict detected:","newModule":"Roles","newSpecificity":23,"pattern":"regex:back_to_role_(.+)","resolution":"existing wins","timestamp":"2025-10-18 20:31:22"}
{"existingModule":"Checklists","existingSpecificity":6,"level":"\u001b[33mwarn\u001b[39m","message":"Signal conflict detected:","newModule":"Quests","newSpecificity":6,"pattern":"regex:check_(.+)","resolution":"existing wins","timestamp":"2025-10-18 20:31:22"}
{"existingModule":"Checklists","existingSpecificity":12,"level":"\u001b[33mwarn\u001b[39m","message":"Signal conflict detected:","newModule":"Quests","newSpecificity":12,"pattern":"regex:add_item_to_(.+)","resolution":"existing wins","timestamp":"2025-10-18 20:31:22"}
{"existingModule":"Calendar","existingSpecificity":3,"level":"\u001b[33mwarn\u001b[39m","message":"Signal conflict detected:","newModule":"Calendar","newSpecificity":3,"pattern":"regex:n_(.+)_(?:--|\\+\\+|\\+|-|0)","resolution":"existing wins","timestamp":"2025-10-18 20:31:22"}
{"existingModule":"Quests","existingSpecificity":15,"level":"\u001b[33mwarn\u001b[39m","message":"Signal conflict detected:","newModule":"Scheduler","newSpecificity":15,"pattern":"regex:schedule_quest_(.+)","resolution":"existing wins","timestamp":"2025-10-18 20:31:22"}
{"level":"\u001b[32minfo\u001b[39m","message":"Starting HolonsBot","timestamp":"2025-10-18 20:31:28"}
{"appname":"Holons","level":"\u001b[32minfo\u001b[39m","message":"Starting HolonsBot initialization","timestamp":"2025-10-18 20:31:29"}
{"level":"\u001b[32minfo\u001b[39m","message":"Telegram bot initialized (not yet launched)","timestamp":"2025-10-18 20:31:29"}
{"level":"\u001b[32minfo\u001b[39m","message":"SignalManager initialized","timestamp":"2025-10-18 20:31:29"}
{"appname":"Holons","level":"\u001b[32minfo\u001b[39m","message":"Database initialized","timestamp":"2025-10-18 20:31:29"}
{"existingModule":"Settings","existingSpecificity":13,"level":"\u001b[33mwarn\u001b[39m","message":"Signal conflict detected:","newModule":"Settings","newSpecificity":13,"pattern":"regex:timezone_set_(.+)","resolution":"existing wins","timestamp":"2025-10-18 20:31:29"}
{"existingModule":"Settings","existingSpecificity":13,"level":"\u001b[33mwarn\u001b[39m","message":"Signal conflict detected:","newModule":"Settings","newSpecificity":13,"pattern":"string:settings_back","resolution":"existing wins","timestamp":"2025-10-18 20:31:29"}
{"existingModule":"Settings","existingSpecificity":22,"level":"\u001b[33mwarn\u001b[39m","message":"Signal conflict detected:","newModule":"Settings","newSpecificity":22,"pattern":"string:settings_values_change","resolution":"existing wins","timestamp":"2025-10-18 20:31:29"}
{"existingModule":"Settings","existingSpecificity":23,"level":"\u001b[33mwarn\u001b[39m","message":"Signal conflict detected:","newModule":"Settings","newSpecificity":23,"pattern":"string:settings_domains_change","resolution":"existing wins","timestamp":"2025-10-18 20:31:29"}
{"existingModule":"Settings","existingSpecificity":21,"level":"\u001b[33mwarn\u001b[39m","message":"Signal conflict detected:","newModule":"Settings","newSpecificity":21,"pattern":"string:settings_roles_change","resolution":"existing wins","timestamp":"2025-10-18 20:31:29"}
{"existingModule":"Settings","existingSpecificity":26,"level":"\u001b[33mwarn\u001b[39m","message":"Signal conflict detected:","newModule":"Settings","newSpecificity":26,"pattern":"string:settings_currencies_change","resolution":"existing wins","timestamp":"2025-10-18 20:31:29"}
{"existingModule":"Settings","existingSpecificity":14,"level":"\u001b[33mwarn\u001b[39m","message":"Signal conflict detected:","newModule":"Settings","newSpecificity":14,"pattern":"string:add_federation","resolution":"existing wins","timestamp":"2025-10-18 20:31:29"}
{"existingModule":"Settings","existingSpecificity":22,"level":"\u001b[33mwarn\u001b[39m","message":"Signal conflict detected:","newModule":"Settings","newSpecificity":22,"pattern":"string:settings_values_change","resolution":"existing wins","timestamp":"2025-10-18 20:31:29"}
{"existingModule":"Settings","existingSpecificity":23,"level":"\u001b[33mwarn\u001b[39m","message":"Signal conflict detected:","newModule":"Settings","newSpecificity":23,"pattern":"string:settings_domains_change","resolution":"existing wins","timestamp":"2025-10-18 20:31:29"}
{"existingModule":"Settings","existingSpecificity":21,"level":"\u001b[33mwarn\u001b[39m","message":"Signal conflict detected:","newModule":"Settings","newSpecificity":21,"pattern":"string:settings_roles_change","resolution":"existing wins","timestamp":"2025-10-18 20:31:29"}
{"existingModule":"Settings","existingSpecificity":26,"level":"\u001b[33mwarn\u001b[39m","message":"Signal conflict detected:","newModule":"Settings","newSpecificity":26,"pattern":"string:settings_currencies_change","resolution":"existing wins","timestamp":"2025-10-18 20:31:29"}
{"existingModule":"Settings","existingSpecificity":12,"level":"\u001b[33mwarn\u001b[39m","message":"Signal conflict detected:","newModule":"Settings","newSpecificity":12,"pattern":"string:help_add_hex","resolution":"existing wins","timestamp":"2025-10-18 20:31:29"}
{"level":"\u001b[32minfo\u001b[39m","message":"InputScene utility initialized and registered","timestamp":"2025-10-18 20:31:30"}
{"existingModule":"Checklists","existingSpecificity":23,"level":"\u001b[33mwarn\u001b[39m","message":"Signal conflict detected:","newModule":"Roles","newSpecificity":23,"pattern":"regex:back_to_role_(.+)","resolution":"existing wins","timestamp":"2025-10-18 20:31:30"}
{"existingModule":"Checklists","existingSpecificity":6,"level":"\u001b[33mwarn\u001b[39m","message":"Signal conflict detected:","newModule":"Quests","newSpecificity":6,"pattern":"regex:check_(.+)","resolution":"existing wins","timestamp":"2025-10-18 20:31:30"}
{"existingModule":"Checklists","existingSpecificity":12,"level":"\u001b[33mwarn\u001b[39m","message":"Signal conflict detected:","newModule":"Quests","newSpecificity":12,"pattern":"regex:add_item_to_(.+)","resolution":"existing wins","timestamp":"2025-10-18 20:31:30"}
{"existingModule":"Calendar","existingSpecificity":3,"level":"\u001b[33mwarn\u001b[39m","message":"Signal conflict detected:","newModule":"Calendar","newSpecificity":3,"pattern":"regex:n_(.+)_(?:--|\\+\\+|\\+|-|0)","resolution":"existing wins","timestamp":"2025-10-18 20:31:30"}
{"existingModule":"Quests","existingSpecificity":15,"level":"\u001b[33mwarn\u001b[39m","message":"Signal conflict detected:","newModule":"Scheduler","newSpecificity":15,"pattern":"regex:schedule_quest_(.+)","resolution":"existing wins","timestamp":"2025-10-18 20:31:30"}
{"level":"\u001b[32minfo\u001b[39m","message":"SIGINT received, shutting down gracefully","timestamp":"2025-10-18 20:31:37"}
{"level":"\u001b[32minfo\u001b[39m","message":"Starting HolonsBot","timestamp":"2025-10-18 20:31:38"}
{"appname":"Holons","level":"\u001b[32minfo\u001b[39m","message":"Starting HolonsBot initialization","timestamp":"2025-10-18 20:31:39"}
{"level":"\u001b[32minfo\u001b[39m","message":"Telegram bot initialized (not yet launched)","timestamp":"2025-10-18 20:31:39"}
{"level":"\u001b[32minfo\u001b[39m","message":"SignalManager initialized","timestamp":"2025-10-18 20:31:39"}
{"appname":"Holons","level":"\u001b[32minfo\u001b[39m","message":"Database initialized","timestamp":"2025-10-18 20:31:39"}
{"existingModule":"Settings","existingSpecificity":13,"level":"\u001b[33mwarn\u001b[39m","message":"Signal conflict detected:","newModule":"Settings","newSpecificity":13,"pattern":"regex:timezone_set_(.+)","resolution":"existing wins","timestamp":"2025-10-18 20:31:39"}
{"existingModule":"Settings","existingSpecificity":13,"level":"\u001b[33mwarn\u001b[39m","message":"Signal conflict detected:","newModule":"Settings","newSpecificity":13,"pattern":"string:settings_back","resolution":"existing wins","timestamp":"2025-10-18 20:31:39"}
{"existingModule":"Settings","existingSpecificity":22,"level":"\u001b[33mwarn\u001b[39m","message":"Signal conflict detected:","newModule":"Settings","newSpecificity":22,"pattern":"string:settings_values_change","resolution":"existing wins","timestamp":"2025-10-18 20:31:39"}
{"existingModule":"Settings","existingSpecificity":23,"level":"\u001b[33mwarn\u001b[39m","message":"Signal conflict detected:","newModule":"Settings","newSpecificity":23,"pattern":"string:settings_domains_change","resolution":"existing wins","timestamp":"2025-10-18 20:31:39"}
{"existingModule":"Settings","existingSpecificity":21,"level":"\u001b[33mwarn\u001b[39m","message":"Signal conflict detected:","newModule":"Settings","newSpecificity":21,"pattern":"string:settings_roles_change","resolution":"existing wins","timestamp":"2025-10-18 20:31:39"}
{"existingModule":"Settings","existingSpecificity":26,"level":"\u001b[33mwarn\u001b[39m","message":"Signal conflict detected:","newModule":"Settings","newSpecificity":26,"pattern":"string:settings_currencies_change","resolution":"existing wins","timestamp":"2025-10-18 20:31:39"}
{"existingModule":"Settings","existingSpecificity":14,"level":"\u001b[33mwarn\u001b[39m","message":"Signal conflict detected:","newModule":"Settings","newSpecificity":14,"pattern":"string:add_federation","resolution":"existing wins","timestamp":"2025-10-18 20:31:39"}
{"existingModule":"Settings","existingSpecificity":22,"level":"\u001b[33mwarn\u001b[39m","message":"Signal conflict detected:","newModule":"Settings","newSpecificity":22,"pattern":"string:settings_values_change","resolution":"existing wins","timestamp":"2025-10-18 20:31:39"}
{"existingModule":"Settings","existingSpecificity":23,"level":"\u001b[33mwarn\u001b[39m","message":"Signal conflict detected:","newModule":"Settings","newSpecificity":23,"pattern":"string:settings_domains_change","resolution":"existing wins","timestamp":"2025-10-18 20:31:39"}
{"existingModule":"Settings","existingSpecificity":21,"level":"\u001b[33mwarn\u001b[39m","message":"Signal conflict detected:","newModule":"Settings","newSpecificity":21,"pattern":"string:settings_roles_change","resolution":"existing wins","timestamp":"2025-10-18 20:31:39"}
{"existingModule":"Settings","existingSpecificity":26,"level":"\u001b[33mwarn\u001b[39m","message":"Signal conflict detected:","newModule":"Settings","newSpecificity":26,"pattern":"string:settings_currencies_change","resolution":"existing wins","timestamp":"2025-10-18 20:31:39"}
{"existingModule":"Settings","existingSpecificity":12,"level":"\u001b[33mwarn\u001b[39m","message":"Signal conflict detected:","newModule":"Settings","newSpecificity":12,"pattern":"string:help_add_hex","resolution":"existing wins","timestamp":"2025-10-18 20:31:39"}
{"level":"\u001b[32minfo\u001b[39m","message":"InputScene utility initialized and registered","timestamp":"2025-10-18 20:31:39"}
{"existingModule":"Checklists","existingSpecificity":23,"level":"\u001b[33mwarn\u001b[39m","message":"Signal conflict detected:","newModule":"Roles","newSpecificity":23,"pattern":"regex:back_to_role_(.+)","resolution":"existing wins","timestamp":"2025-10-18 20:31:39"}
{"existingModule":"Checklists","existingSpecificity":6,"level":"\u001b[33mwarn\u001b[39m","message":"Signal conflict detected:","newModule":"Quests","newSpecificity":6,"pattern":"regex:check_(.+)","resolution":"existing wins","timestamp":"2025-10-18 20:31:39"}
{"existingModule":"Checklists","existingSpecificity":12,"level":"\u001b[33mwarn\u001b[39m","message":"Signal conflict detected:","newModule":"Quests","newSpecificity":12,"pattern":"regex:add_item_to_(.+)","resolution":"existing wins","timestamp":"2025-10-18 20:31:39"}
{"existingModule":"Calendar","existingSpecificity":3,"level":"\u001b[33mwarn\u001b[39m","message":"Signal conflict detected:","newModule":"Calendar","newSpecificity":3,"pattern":"regex:n_(.+)_(?:--|\\+\\+|\\+|-|0)","resolution":"existing wins","timestamp":"2025-10-18 20:31:39"}
{"existingModule":"Quests","existingSpecificity":15,"level":"\u001b[33mwarn\u001b[39m","message":"Signal conflict detected:","newModule":"Scheduler","newSpecificity":15,"pattern":"regex:schedule_quest_(.+)","resolution":"existing wins","timestamp":"2025-10-18 20:31:39"}
{"level":"\u001b[32minfo\u001b[39m","message":"Starting HolonsBot","timestamp":"2025-10-18 20:33:33"}
{"appname":"Holons","level":"\u001b[32minfo\u001b[39m","message":"Starting HolonsBot initialization","timestamp":"2025-10-18 20:33:34"}
{"level":"\u001b[32minfo\u001b[39m","message":"Telegram bot initialized (not yet launched)","timestamp":"2025-10-18 20:33:34"}
{"level":"\u001b[32minfo\u001b[39m","message":"SignalManager initialized","timestamp":"2025-10-18 20:33:34"}
{"appname":"Holons","level":"\u001b[32minfo\u001b[39m","message":"Database initialized","timestamp":"2025-10-18 20:33:34"}
{"existingModule":"Settings","existingSpecificity":13,"level":"\u001b[33mwarn\u001b[39m","message":"Signal conflict detected:","newModule":"Settings","newSpecificity":13,"pattern":"regex:timezone_set_(.+)","resolution":"existing wins","timestamp":"2025-10-18 20:33:34"}
{"existingModule":"Settings","existingSpecificity":13,"level":"\u001b[33mwarn\u001b[39m","message":"Signal conflict detected:","newModule":"Settings","newSpecificity":13,"pattern":"string:settings_back","resolution":"existing wins","timestamp":"2025-10-18 20:33:34"}
{"existingModule":"Settings","existingSpecificity":22,"level":"\u001b[33mwarn\u001b[39m","message":"Signal conflict detected:","newModule":"Settings","newSpecificity":22,"pattern":"string:settings_values_change","resolution":"existing wins","timestamp":"2025-10-18 20:33:34"}
{"existingModule":"Settings","existingSpecificity":23,"level":"\u001b[33mwarn\u001b[39m","message":"Signal conflict detected:","newModule":"Settings","newSpecificity":23,"pattern":"string:settings_domains_change","resolution":"existing wins","timestamp":"2025-10-18 20:33:34"}
{"existingModule":"Settings","existingSpecificity":21,"level":"\u001b[33mwarn\u001b[39m","message":"Signal conflict detected:","newModule":"Settings","newSpecificity":21,"pattern":"string:settings_roles_change","resolution":"existing wins","timestamp":"2025-10-18 20:33:34"}
{"existingModule":"Settings","existingSpecificity":26,"level":"\u001b[33mwarn\u001b[39m","message":"Signal conflict detected:","newModule":"Settings","newSpecificity":26,"pattern":"string:settings_currencies_change","resolution":"existing wins","timestamp":"2025-10-18 20:33:34"}
{"existingModule":"Settings","existingSpecificity":14,"level":"\u001b[33mwarn\u001b[39m","message":"Signal conflict detected:","newModule":"Settings","newSpecificity":14,"pattern":"string:add_federation","resolution":"existing wins","timestamp":"2025-10-18 20:33:34"}
{"existingModule":"Settings","existingSpecificity":22,"level":"\u001b[33mwarn\u001b[39m","message":"Signal conflict detected:","newModule":"Settings","newSpecificity":22,"pattern":"string:settings_values_change","resolution":"existing wins","timestamp":"2025-10-18 20:33:34"}
{"existingModule":"Settings","existingSpecificity":23,"level":"\u001b[33mwarn\u001b[39m","message":"Signal conflict detected:","newModule":"Settings","newSpecificity":23,"pattern":"string:settings_domains_change","resolution":"existing wins","timestamp":"2025-10-18 20:33:34"}
{"existingModule":"Settings","existingSpecificity":21,"level":"\u001b[33mwarn\u001b[39m","message":"Signal conflict detected:","newModule":"Settings","newSpecificity":21,"pattern":"string:settings_roles_change","resolution":"existing wins","timestamp":"2025-10-18 20:33:34"}
{"existingModule":"Settings","existingSpecificity":26,"level":"\u001b[33mwarn\u001b[39m","message":"Signal conflict detected:","newModule":"Settings","newSpecificity":26,"pattern":"string:settings_currencies_change","resolution":"existing wins","timestamp":"2025-10-18 20:33:34"}
{"existingModule":"Settings","existingSpecificity":12,"level":"\u001b[33mwarn\u001b[39m","message":"Signal conflict detected:","newModule":"Settings","newSpecificity":12,"pattern":"string:help_add_hex","resolution":"existing wins","timestamp":"2025-10-18 20:33:34"}
{"level":"\u001b[32minfo\u001b[39m","message":"InputScene utility initialized and registered","timestamp":"2025-10-18 20:33:35"}
{"existingModule":"Checklists","existingSpecificity":23,"level":"\u001b[33mwarn\u001b[39m","message":"Signal conflict detected:","newModule":"Roles","newSpecificity":23,"pattern":"regex:back_to_role_(.+)","resolution":"existing wins","timestamp":"2025-10-18 20:33:35"}
{"existingModule":"Checklists","existingSpecificity":6,"level":"\u001b[33mwarn\u001b[39m","message":"Signal conflict detected:","newModule":"Quests","newSpecificity":6,"pattern":"regex:check_(.+)","resolution":"existing wins","timestamp":"2025-10-18 20:33:35"}
{"existingModule":"Checklists","existingSpecificity":12,"level":"\u001b[33mwarn\u001b[39m","message":"Signal conflict detected:","newModule":"Quests","newSpecificity":12,"pattern":"regex:add_item_to_(.+)","resolution":"existing wins","timestamp":"2025-10-18 20:33:35"}
{"existingModule":"Calendar","existingSpecificity":3,"level":"\u001b[33mwarn\u001b[39m","message":"Signal conflict detected:","newModule":"Calendar","newSpecificity":3,"pattern":"regex:n_(.+)_(?:--|\\+\\+|\\+|-|0)","resolution":"existing wins","timestamp":"2025-10-18 20:33:35"}
{"existingModule":"Quests","existingSpecificity":15,"level":"\u001b[33mwarn\u001b[39m","message":"Signal conflict detected:","newModule":"Scheduler","newSpecificity":15,"pattern":"regex:schedule_quest_(.+)","resolution":"existing wins","timestamp":"2025-10-18 20:33:35"}
{"level":"\u001b[32minfo\u001b[39m","message":"SIGINT received, shutting down gracefully","timestamp":"2025-10-18 20:33:45"}
{"level":"\u001b[32minfo\u001b[39m","message":"Starting HolonsBot","timestamp":"2025-10-18 20:33:46"}
{"appname":"Holons","level":"\u001b[32minfo\u001b[39m","message":"Starting HolonsBot initialization","timestamp":"2025-10-18 20:33:47"}
{"level":"\u001b[32minfo\u001b[39m","message":"Telegram bot initialized (not yet launched)","timestamp":"2025-10-18 20:33:47"}
{"level":"\u001b[32minfo\u001b[39m","message":"SignalManager initialized","timestamp":"2025-10-18 20:33:47"}
{"appname":"Holons","level":"\u001b[32minfo\u001b[39m","message":"Database initialized","timestamp":"2025-10-18 20:33:47"}
{"existingModule":"Settings","existingSpecificity":13,"level":"\u001b[33mwarn\u001b[39m","message":"Signal conflict detected:","newModule":"Settings","newSpecificity":13,"pattern":"regex:timezone_set_(.+)","resolution":"existing wins","timestamp":"2025-10-18 20:33:47"}
{"existingModule":"Settings","existingSpecificity":13,"level":"\u001b[33mwarn\u001b[39m","message":"Signal conflict detected:","newModule":"Settings","newSpecificity":13,"pattern":"string:settings_back","resolution":"existing wins","timestamp":"2025-10-18 20:33:47"}
{"existingModule":"Settings","existingSpecificity":22,"level":"\u001b[33mwarn\u001b[39m","message":"Signal conflict detected:","newModule":"Settings","newSpecificity":22,"pattern":"string:settings_values_change","resolution":"existing wins","timestamp":"2025-10-18 20:33:47"}
{"existingModule":"Settings","existingSpecificity":23,"level":"\u001b[33mwarn\u001b[39m","message":"Signal conflict detected:","newModule":"Settings","newSpecificity":23,"pattern":"string:settings_domains_change","resolution":"existing wins","timestamp":"2025-10-18 20:33:47"}
{"existingModule":"Settings","existingSpecificity":21,"level":"\u001b[33mwarn\u001b[39m","message":"Signal conflict detected:","newModule":"Settings","newSpecificity":21,"pattern":"string:settings_roles_change","resolution":"existing wins","timestamp":"2025-10-18 20:33:47"}
{"existingModule":"Settings","existingSpecificity":26,"level":"\u001b[33mwarn\u001b[39m","message":"Signal conflict detected:","newModule":"Settings","newSpecificity":26,"pattern":"string:settings_currencies_change","resolution":"existing wins","timestamp":"2025-10-18 20:33:47"}
{"existingModule":"Settings","existingSpecificity":14,"level":"\u001b[33mwarn\u001b[39m","message":"Signal conflict detected:","newModule":"Settings","newSpecificity":14,"pattern":"string:add_federation","resolution":"existing wins","timestamp":"2025-10-18 20:33:47"}
{"existingModule":"Settings","existingSpecificity":22,"level":"\u001b[33mwarn\u001b[39m","message":"Signal conflict detected:","newModule":"Settings","newSpecificity":22,"pattern":"string:settings_values_change","resolution":"existing wins","timestamp":"2025-10-18 20:33:47"}
{"existingModule":"Settings","existingSpecificity":23,"level":"\u001b[33mwarn\u001b[39m","message":"Signal conflict detected:","newModule":"Settings","newSpecificity":23,"pattern":"string:settings_domains_change","resolution":"existing wins","timestamp":"2025-10-18 20:33:47"}
{"existingModule":"Settings","existingSpecificity":21,"level":"\u001b[33mwarn\u001b[39m","message":"Signal conflict detected:","newModule":"Settings","newSpecificity":21,"pattern":"string:settings_roles_change","resolution":"existing wins","timestamp":"2025-10-18 20:33:47"}
{"existingModule":"Settings","existingSpecificity":26,"level":"\u001b[33mwarn\u001b[39m","message":"Signal conflict detected:","newModule":"Settings","newSpecificity":26,"pattern":"string:settings_currencies_change","resolution":"existing wins","timestamp":"2025-10-18 20:33:47"}
{"existingModule":"Settings","existingSpecificity":12,"level":"\u001b[33mwarn\u001b[39m","message":"Signal conflict detected:","newModule":"Settings","newSpecificity":12,"pattern":"string:help_add_hex","resolution":"existing wins","timestamp":"2025-10-18 20:33:47"}
{"level":"\u001b[32minfo\u001b[39m","message":"InputScene utility initialized and registered","timestamp":"2025-10-18 20:33:47"}
{"existingModule":"Checklists","existingSpecificity":23,"level":"\u001b[33mwarn\u001b[39m","message":"Signal conflict detected:","newModule":"Roles","newSpecificity":23,"pattern":"regex:back_to_role_(.+)","resolution":"existing wins","timestamp":"2025-10-18 20:33:47"}
{"existingModule":"Checklists","existingSpecificity":6,"level":"\u001b[33mwarn\u001b[39m","message":"Signal conflict detected:","newModule":"Quests","newSpecificity":6,"pattern":"regex:check_(.+)","resolution":"existing wins","timestamp":"2025-10-18 20:33:47"}
{"existingModule":"Checklists","existingSpecificity":12,"level":"\u001b[33mwarn\u001b[39m","message":"Signal conflict detected:","newModule":"Quests","newSpecificity":12,"pattern":"regex:add_item_to_(.+)","resolution":"existing wins","timestamp":"2025-10-18 20:33:47"}
{"existingModule":"Calendar","existingSpecificity":3,"level":"\u001b[33mwarn\u001b[39m","message":"Signal conflict detected:","newModule":"Calendar","newSpecificity":3,"pattern":"regex:n_(.+)_(?:--|\\+\\+|\\+|-|0)","resolution":"existing wins","timestamp":"2025-10-18 20:33:47"}
{"existingModule":"Quests","existingSpecificity":15,"level":"\u001b[33mwarn\u001b[39m","message":"Signal conflict detected:","newModule":"Scheduler","newSpecificity":15,"pattern":"regex:schedule_quest_(.+)","resolution":"existing wins","timestamp":"2025-10-18 20:33:47"}
{"level":"\u001b[32minfo\u001b[39m","message":"SIGINT received, shutting down gracefully","timestamp":"2025-10-18 20:34:48"}
{"level":"\u001b[32minfo\u001b[39m","message":"Starting HolonsBot","timestamp":"2025-10-18 20:34:50"}
{"appname":"Holons","level":"\u001b[32minfo\u001b[39m","message":"Starting HolonsBot initialization","timestamp":"2025-10-18 20:34:51"}
{"level":"\u001b[32minfo\u001b[39m","message":"Telegram bot initialized (not yet launched)","timestamp":"2025-10-18 20:34:51"}
{"level":"\u001b[32minfo\u001b[39m","message":"SignalManager initialized","timestamp":"2025-10-18 20:34:51"}
{"appname":"Holons","level":"\u001b[32minfo\u001b[39m","message":"Database initialized","timestamp":"2025-10-18 20:34:51"}
{"existingModule":"Settings","existingSpecificity":13,"level":"\u001b[33mwarn\u001b[39m","message":"Signal conflict detected:","newModule":"Settings","newSpecificity":13,"pattern":"regex:timezone_set_(.+)","resolution":"existing wins","timestamp":"2025-10-18 20:34:51"}
{"existingModule":"Settings","existingSpecificity":13,"level":"\u001b[33mwarn\u001b[39m","message":"Signal conflict detected:","newModule":"Settings","newSpecificity":13,"pattern":"string:settings_back","resolution":"existing wins","timestamp":"2025-10-18 20:34:51"}
{"existingModule":"Settings","existingSpecificity":22,"level":"\u001b[33mwarn\u001b[39m","message":"Signal conflict detected:","newModule":"Settings","newSpecificity":22,"pattern":"string:settings_values_change","resolution":"existing wins","timestamp":"2025-10-18 20:34:51"}
{"existingModule":"Settings","existingSpecificity":23,"level":"\u001b[33mwarn\u001b[39m","message":"Signal conflict detected:","newModule":"Settings","newSpecificity":23,"pattern":"string:settings_domains_change","resolution":"existing wins","timestamp":"2025-10-18 20:34:51"}
{"existingModule":"Settings","existingSpecificity":21,"level":"\u001b[33mwarn\u001b[39m","message":"Signal conflict detected:","newModule":"Settings","newSpecificity":21,"pattern":"string:settings_roles_change","resolution":"existing wins","timestamp":"2025-10-18 20:34:51"}
{"existingModule":"Settings","existingSpecificity":26,"level":"\u001b[33mwarn\u001b[39m","message":"Signal conflict detected:","newModule":"Settings","newSpecificity":26,"pattern":"string:settings_currencies_change","resolution":"existing wins","timestamp":"2025-10-18 20:34:51"}
{"existingModule":"Settings","existingSpecificity":14,"level":"\u001b[33mwarn\u001b[39m","message":"Signal conflict detected:","newModule":"Settings","newSpecificity":14,"pattern":"string:add_federation","resolution":"existing wins","timestamp":"2025-10-18 20:34:51"}
{"existingModule":"Settings","existingSpecificity":22,"level":"\u001b[33mwarn\u001b[39m","message":"Signal conflict detected:","newModule":"Settings","newSpecificity":22,"pattern":"string:settings_values_change","resolution":"existing wins","timestamp":"2025-10-18 20:34:51"}
{"existingModule":"Settings","existingSpecificity":23,"level":"\u001b[33mwarn\u001b[39m","message":"Signal conflict detected:","newModule":"Settings","newSpecificity":23,"pattern":"string:settings_domains_change","resolution":"existing wins","timestamp":"2025-10-18 20:34:51"}
{"existingModule":"Settings","existingSpecificity":21,"level":"\u001b[33mwarn\u001b[39m","message":"Signal conflict detected:","newModule":"Settings","newSpecificity":21,"pattern":"string:settings_roles_change","resolution":"existing wins","timestamp":"2025-10-18 20:34:51"}
{"existingModule":"Settings","existingSpecificity":26,"level":"\u001b[33mwarn\u001b[39m","message":"Signal conflict detected:","newModule":"Settings","newSpecificity":26,"pattern":"string:settings_currencies_change","resolution":"existing wins","timestamp":"2025-10-18 20:34:51"}
{"existingModule":"Settings","existingSpecificity":12,"level":"\u001b[33mwarn\u001b[39m","message":"Signal conflict detected:","newModule":"Settings","newSpecificity":12,"pattern":"string:help_add_hex","resolution":"existing wins","timestamp":"2025-10-18 20:34:51"}
{"level":"\u001b[32minfo\u001b[39m","message":"InputScene utility initialized and registered","timestamp":"2025-10-18 20:34:51"}
{"existingModule":"Checklists","existingSpecificity":23,"level":"\u001b[33mwarn\u001b[39m","message":"Signal conflict detected:","newModule":"Roles","newSpecificity":23,"pattern":"regex:back_to_role_(.+)","resolution":"existing wins","timestamp":"2025-10-18 20:34:51"}
{"existingModule":"Checklists","existingSpecificity":6,"level":"\u001b[33mwarn\u001b[39m","message":"Signal conflict detected:","newModule":"Quests","newSpecificity":6,"pattern":"regex:check_(.+)","resolution":"existing wins","timestamp":"2025-10-18 20:34:51"}
{"existingModule":"Checklists","existingSpecificity":12,"level":"\u001b[33mwarn\u001b[39m","message":"Signal conflict detected:","newModule":"Quests","newSpecificity":12,"pattern":"regex:add_item_to_(.+)","resolution":"existing wins","timestamp":"2025-10-18 20:34:51"}
{"existingModule":"Calendar","existingSpecificity":3,"level":"\u001b[33mwarn\u001b[39m","message":"Signal conflict detected:","newModule":"Calendar","newSpecificity":3,"pattern":"regex:n_(.+)_(?:--|\\+\\+|\\+|-|0)","resolution":"existing wins","timestamp":"2025-10-18 20:34:51"}
{"existingModule":"Quests","existingSpecificity":15,"level":"\u001b[33mwarn\u001b[39m","message":"Signal conflict detected:","newModule":"Scheduler","newSpecificity":15,"pattern":"regex:schedule_quest_(.+)","resolution":"existing wins","timestamp":"2025-10-18 20:34:51"}
{"level":"\u001b[32minfo\u001b[39m","message":"Starting HolonsBot","timestamp":"2025-10-18 20:35:31"}
{"appname":"Holons","level":"\u001b[32minfo\u001b[39m","message":"Starting HolonsBot initialization","timestamp":"2025-10-18 20:35:32"}
{"level":"\u001b[32minfo\u001b[39m","message":"Telegram bot initialized (not yet launched)","timestamp":"2025-10-18 20:35:32"}
{"level":"\u001b[32minfo\u001b[39m","message":"SignalManager initialized","timestamp":"2025-10-18 20:35:32"}
{"appname":"Holons","level":"\u001b[32minfo\u001b[39m","message":"Database initialized","timestamp":"2025-10-18 20:35:32"}
{"existingModule":"Settings","existingSpecificity":13,"level":"\u001b[33mwarn\u001b[39m","message":"Signal conflict detected:","newModule":"Settings","newSpecificity":13,"pattern":"regex:timezone_set_(.+)","resolution":"existing wins","timestamp":"2025-10-18 20:35:32"}
{"existingModule":"Settings","existingSpecificity":13,"level":"\u001b[33mwarn\u001b[39m","message":"Signal conflict detected:","newModule":"Settings","newSpecificity":13,"pattern":"string:settings_back","resolution":"existing wins","timestamp":"2025-10-18 20:35:32"}
{"existingModule":"Settings","existingSpecificity":22,"level":"\u001b[33mwarn\u001b[39m","message":"Signal conflict detected:","newModule":"Settings","newSpecificity":22,"pattern":"string:settings_values_change","resolution":"existing wins","timestamp":"2025-10-18 20:35:32"}
{"existingModule":"Settings","existingSpecificity":23,"level":"\u001b[33mwarn\u001b[39m","message":"Signal conflict detected:","newModule":"Settings","newSpecificity":23,"pattern":"string:settings_domains_change","resolution":"existing wins","timestamp":"2025-10-18 20:35:32"}
{"existingModule":"Settings","existingSpecificity":21,"level":"\u001b[33mwarn\u001b[39m","message":"Signal conflict detected:","newModule":"Settings","newSpecificity":21,"pattern":"string:settings_roles_change","resolution":"existing wins","timestamp":"2025-10-18 20:35:32"}
{"existingModule":"Settings","existingSpecificity":26,"level":"\u001b[33mwarn\u001b[39m","message":"Signal conflict detected:","newModule":"Settings","newSpecificity":26,"pattern":"string:settings_currencies_change","resolution":"existing wins","timestamp":"2025-10-18 20:35:32"}
{"existingModule":"Settings","existingSpecificity":14,"level":"\u001b[33mwarn\u001b[39m","message":"Signal conflict detected:","newModule":"Settings","newSpecificity":14,"pattern":"string:add_federation","resolution":"existing wins","timestamp":"2025-10-18 20:35:32"}
{"existingModule":"Settings","existingSpecificity":22,"level":"\u001b[33mwarn\u001b[39m","message":"Signal conflict detected:","newModule":"Settings","newSpecificity":22,"pattern":"string:settings_values_change","resolution":"existing wins","timestamp":"2025-10-18 20:35:32"}
{"existingModule":"Settings","existingSpecificity":23,"level":"\u001b[33mwarn\u001b[39m","message":"Signal conflict detected:","newModule":"Settings","newSpecificity":23,"pattern":"string:settings_domains_change","resolution":"existing wins","timestamp":"2025-10-18 20:35:32"}
{"existingModule":"Settings","existingSpecificity":21,"level":"\u001b[33mwarn\u001b[39m","message":"Signal conflict detected:","newModule":"Settings","newSpecificity":21,"pattern":"string:settings_roles_change","resolution":"existing wins","timestamp":"2025-10-18 20:35:32"}
{"existingModule":"Settings","existingSpecificity":26,"level":"\u001b[33mwarn\u001b[39m","message":"Signal conflict detected:","newModule":"Settings","newSpecificity":26,"pattern":"string:settings_currencies_change","resolution":"existing wins","timestamp":"2025-10-18 20:35:32"}
{"existingModule":"Settings","existingSpecificity":12,"level":"\u001b[33mwarn\u001b[39m","message":"Signal conflict detected:","newModule":"Settings","newSpecificity":12,"pattern":"string:help_add_hex","resolution":"existing wins","timestamp":"2025-10-18 20:35:32"}
{"level":"\u001b[32minfo\u001b[39m","message":"InputScene utility initialized and registered","timestamp":"2025-10-18 20:35:32"}
{"existingModule":"Checklists","existingSpecificity":23,"level":"\u001b[33mwarn\u001b[39m","message":"Signal conflict detected:","newModule":"Roles","newSpecificity":23,"pattern":"regex:back_to_role_(.+)","resolution":"existing wins","timestamp":"2025-10-18 20:35:32"}
{"existingModule":"Checklists","existingSpecificity":6,"level":"\u001b[33mwarn\u001b[39m","message":"Signal conflict detected:","newModule":"Quests","newSpecificity":6,"pattern":"regex:check_(.+)","resolution":"existing wins","timestamp":"2025-10-18 20:35:32"}
{"existingModule":"Checklists","existingSpecificity":12,"level":"\u001b[33mwarn\u001b[39m","message":"Signal conflict detected:","newModule":"Quests","newSpecificity":12,"pattern":"regex:add_item_to_(.+)","resolution":"existing wins","timestamp":"2025-10-18 20:35:32"}
{"existingModule":"Calendar","existingSpecificity":3,"level":"\u001b[33mwarn\u001b[39m","message":"Signal conflict detected:","newModule":"Calendar","newSpecificity":3,"pattern":"regex:n_(.+)_(?:--|\\+\\+|\\+|-|0)","resolution":"existing wins","timestamp":"2025-10-18 20:35:32"}
{"existingModule":"Quests","existingSpecificity":15,"level":"\u001b[33mwarn\u001b[39m","message":"Signal conflict detected:","newModule":"Scheduler","newSpecificity":15,"pattern":"regex:schedule_quest_(.+)","resolution":"existing wins","timestamp":"2025-10-18 20:35:32"}
{"level":"\u001b[32minfo\u001b[39m","message":"SIGINT received, shutting down gracefully","timestamp":"2025-10-18 20:35:43"}
{"level":"\u001b[32minfo\u001b[39m","message":"Starting HolonsBot","timestamp":"2025-10-18 20:35:44"}
{"appname":"Holons","level":"\u001b[32minfo\u001b[39m","message":"Starting HolonsBot initialization","timestamp":"2025-10-18 20:35:45"}
{"level":"\u001b[32minfo\u001b[39m","message":"Telegram bot initialized (not yet launched)","timestamp":"2025-10-18 20:35:45"}
{"level":"\u001b[32minfo\u001b[39m","message":"SignalManager initialized","timestamp":"2025-10-18 20:35:45"}
{"appname":"Holons","level":"\u001b[32minfo\u001b[39m","message":"Database initialized","timestamp":"2025-10-18 20:35:45"}
{"existingModule":"Settings","existingSpecificity":13,"level":"\u001b[33mwarn\u001b[39m","message":"Signal conflict detected:","newModule":"Settings","newSpecificity":13,"pattern":"regex:timezone_set_(.+)","resolution":"existing wins","timestamp":"2025-10-18 20:35:45"}
{"existingModule":"Settings","existingSpecificity":13,"level":"\u001b[33mwarn\u001b[39m","message":"Signal conflict detected:","newModule":"Settings","newSpecificity":13,"pattern":"string:settings_back","resolution":"existing wins","timestamp":"2025-10-18 20:35:45"}
{"existingModule":"Settings","existingSpecificity":22,"level":"\u001b[33mwarn\u001b[39m","message":"Signal conflict detected:","newModule":"Settings","newSpecificity":22,"pattern":"string:settings_values_change","resolution":"existing wins","timestamp":"2025-10-18 20:35:45"}
{"existingModule":"Settings","existingSpecificity":23,"level":"\u001b[33mwarn\u001b[39m","message":"Signal conflict detected:","newModule":"Settings","newSpecificity":23,"pattern":"string:settings_domains_change","resolution":"existing wins","timestamp":"2025-10-18 20:35:45"}
{"existingModule":"Settings","existingSpecificity":21,"level":"\u001b[33mwarn\u001b[39m","message":"Signal conflict detected:","newModule":"Settings","newSpecificity":21,"pattern":"string:settings_roles_change","resolution":"existing wins","timestamp":"2025-10-18 20:35:45"}
{"existingModule":"Settings","existingSpecificity":26,"level":"\u001b[33mwarn\u001b[39m","message":"Signal conflict detected:","newModule":"Settings","newSpecificity":26,"pattern":"string:settings_currencies_change","resolution":"existing wins","timestamp":"2025-10-18 20:35:45"}
{"existingModule":"Settings","existingSpecificity":14,"level":"\u001b[33mwarn\u001b[39m","message":"Signal conflict detected:","newModule":"Settings","newSpecificity":14,"pattern":"string:add_federation","resolution":"existing wins","timestamp":"2025-10-18 20:35:45"}
{"existingModule":"Settings","existingSpecificity":22,"level":"\u001b[33mwarn\u001b[39m","message":"Signal conflict detected:","newModule":"Settings","newSpecificity":22,"pattern":"string:settings_values_change","resolution":"existing wins","timestamp":"2025-10-18 20:35:45"}
{"existingModule":"Settings","existingSpecificity":23,"level":"\u001b[33mwarn\u001b[39m","message":"Signal conflict detected:","newModule":"Settings","newSpecificity":23,"pattern":"string:settings_domains_change","resolution":"existing wins","timestamp":"2025-10-18 20:35:45"}
{"existingModule":"Settings","existingSpecificity":21,"level":"\u001b[33mwarn\u001b[39m","message":"Signal conflict detected:","newModule":"Settings","newSpecificity":21,"pattern":"string:settings_roles_change","resolution":"existing wins","timestamp":"2025-10-18 20:35:45"}
{"existingModule":"Settings","existingSpecificity":26,"level":"\u001b[33mwarn\u001b[39m","message":"Signal conflict detected:","newModule":"Settings","newSpecificity":26,"pattern":"string:settings_currencies_change","resolution":"existing wins","timestamp":"2025-10-18 20:35:45"}
{"existingModule":"Settings","existingSpecificity":12,"level":"\u001b[33mwarn\u001b[39m","message":"Signal conflict detected:","newModule":"Settings","newSpecificity":12,"pattern":"string:help_add_hex","resolution":"existing wins","timestamp":"2025-10-18 20:35:45"}
{"level":"\u001b[32minfo\u001b[39m","message":"InputScene utility initialized and registered","timestamp":"2025-10-18 20:35:46"}
{"existingModule":"Checklists","existingSpecificity":23,"level":"\u001b[33mwarn\u001b[39m","message":"Signal conflict detected:","newModule":"Roles","newSpecificity":23,"pattern":"regex:back_to_role_(.+)","resolution":"existing wins","timestamp":"2025-10-18 20:35:46"}
{"existingModule":"Checklists","existingSpecificity":6,"level":"\u001b[33mwarn\u001b[39m","message":"Signal conflict detected:","newModule":"Quests","newSpecificity":6,"pattern":"regex:check_(.+)","resolution":"existing wins","timestamp":"2025-10-18 20:35:46"}
{"existingModule":"Checklists","existingSpecificity":12,"level":"\u001b[33mwarn\u001b[39m","message":"Signal conflict detected:","newModule":"Quests","newSpecificity":12,"pattern":"regex:add_item_to_(.+)","resolution":"existing wins","timestamp":"2025-10-18 20:35:46"}
{"existingModule":"Calendar","existingSpecificity":3,"level":"\u001b[33mwarn\u001b[39m","message":"Signal conflict detected:","newModule":"Calendar","newSpecificity":3,"pattern":"regex:n_(.+)_(?:--|\\+\\+|\\+|-|0)","resolution":"existing wins","timestamp":"2025-10-18 20:35:46"}
{"existingModule":"Quests","existingSpecificity":15,"level":"\u001b[33mwarn\u001b[39m","message":"Signal conflict detected:","newModule":"Scheduler","newSpecificity":15,"pattern":"regex:schedule_quest_(.+)","resolution":"existing wins","timestamp":"2025-10-18 20:35:46"}
{"level":"\u001b[32minfo\u001b[39m","message":"Starting HolonsBot","timestamp":"2025-10-18 20:36:49"}
{"appname":"Holons","level":"\u001b[32minfo\u001b[39m","message":"Starting HolonsBot initialization","timestamp":"2025-10-18 20:36:50"}
{"level":"\u001b[32minfo\u001b[39m","message":"Telegram bot initialized (not yet launched)","timestamp":"2025-10-18 20:36:50"}
{"level":"\u001b[32minfo\u001b[39m","message":"SignalManager initialized","timestamp":"2025-10-18 20:36:50"}
{"appname":"Holons","level":"\u001b[32minfo\u001b[39m","message":"Database initialized","timestamp":"2025-10-18 20:36:50"}
{"existingModule":"Settings","existingSpecificity":13,"level":"\u001b[33mwarn\u001b[39m","message":"Signal conflict detected:","newModule":"Settings","newSpecificity":13,"pattern":"regex:timezone_set_(.+)","resolution":"existing wins","timestamp":"2025-10-18 20:36:50"}
{"existingModule":"Settings","existingSpecificity":13,"level":"\u001b[33mwarn\u001b[39m","message":"Signal conflict detected:","newModule":"Settings","newSpecificity":13,"pattern":"string:settings_back","resolution":"existing wins","timestamp":"2025-10-18 20:36:50"}
{"existingModule":"Settings","existingSpecificity":22,"level":"\u001b[33mwarn\u001b[39m","message":"Signal conflict detected:","newModule":"Settings","newSpecificity":22,"pattern":"string:settings_values_change","resolution":"existing wins","timestamp":"2025-10-18 20:36:50"}
{"existingModule":"Settings","existingSpecificity":23,"level":"\u001b[33mwarn\u001b[39m","message":"Signal conflict detected:","newModule":"Settings","newSpecificity":23,"pattern":"string:settings_domains_change","resolution":"existing wins","timestamp":"2025-10-18 20:36:50"}
{"existingModule":"Settings","existingSpecificity":21,"level":"\u001b[33mwarn\u001b[39m","message":"Signal conflict detected:","newModule":"Settings","newSpecificity":21,"pattern":"string:settings_roles_change","resolution":"existing wins","timestamp":"2025-10-18 20:36:50"}
{"existingModule":"Settings","existingSpecificity":26,"level":"\u001b[33mwarn\u001b[39m","message":"Signal conflict detected:","newModule":"Settings","newSpecificity":26,"pattern":"string:settings_currencies_change","resolution":"existing wins","timestamp":"2025-10-18 20:36:50"}
{"existingModule":"Settings","existingSpecificity":14,"level":"\u001b[33mwarn\u001b[39m","message":"Signal conflict detected:","newModule":"Settings","newSpecificity":14,"pattern":"string:add_federation","resolution":"existing wins","timestamp":"2025-10-18 20:36:50"}
{"existingModule":"Settings","existingSpecificity":22,"level":"\u001b[33mwarn\u001b[39m","message":"Signal conflict detected:","newModule":"Settings","newSpecificity":22,"pattern":"string:settings_values_change","resolution":"existing wins","timestamp":"2025-10-18 20:36:50"}
{"existingModule":"Settings","existingSpecificity":23,"level":"\u001b[33mwarn\u001b[39m","message":"Signal conflict detected:","newModule":"Settings","newSpecificity":23,"pattern":"string:settings_domains_change","resolution":"existing wins","timestamp":"2025-10-18 20:36:50"}
{"existingModule":"Settings","existingSpecificity":21,"level":"\u001b[33mwarn\u001b[39m","message":"Signal conflict detected:","newModule":"Settings","newSpecificity":21,"pattern":"string:settings_roles_change","resolution":"existing wins","timestamp":"2025-10-18 20:36:50"}
{"existingModule":"Settings","existingSpecificity":26,"level":"\u001b[33mwarn\u001b[39m","message":"Signal conflict detected:","newModule":"Settings","newSpecificity":26,"pattern":"string:settings_currencies_change","resolution":"existing wins","timestamp":"2025-10-18 20:36:50"}
{"existingModule":"Settings","existingSpecificity":12,"level":"\u001b[33mwarn\u001b[39m","message":"Signal conflict detected:","newModule":"Settings","newSpecificity":12,"pattern":"string:help_add_hex","resolution":"existing wins","timestamp":"2025-10-18 20:36:50"}
{"level":"\u001b[32minfo\u001b[39m","message":"InputScene utility initialized and registered","timestamp":"2025-10-18 20:36:51"}
{"existingModule":"Checklists","existingSpecificity":23,"level":"\u001b[33mwarn\u001b[39m","message":"Signal conflict detected:","newModule":"Roles","newSpecificity":23,"pattern":"regex:back_to_role_(.+)","resolution":"existing wins","timestamp":"2025-10-18 20:36:51"}
{"existingModule":"Checklists","existingSpecificity":6,"level":"\u001b[33mwarn\u001b[39m","message":"Signal conflict detected:","newModule":"Quests","newSpecificity":6,"pattern":"regex:check_(.+)","resolution":"existing wins","timestamp":"2025-10-18 20:36:51"}
{"existingModule":"Checklists","existingSpecificity":12,"level":"\u001b[33mwarn\u001b[39m","message":"Signal conflict detected:","newModule":"Quests","newSpecificity":12,"pattern":"regex:add_item_to_(.+)","resolution":"existing wins","timestamp":"2025-10-18 20:36:51"}
{"existingModule":"Calendar","existingSpecificity":3,"level":"\u001b[33mwarn\u001b[39m","message":"Signal conflict detected:","newModule":"Calendar","newSpecificity":3,"pattern":"regex:n_(.+)_(?:--|\\+\\+|\\+|-|0)","resolution":"existing wins","timestamp":"2025-10-18 20:36:51"}
{"existingModule":"Quests","existingSpecificity":15,"level":"\u001b[33mwarn\u001b[39m","message":"Signal conflict detected:","newModule":"Scheduler","newSpecificity":15,"pattern":"regex:schedule_quest_(.+)","resolution":"existing wins","timestamp":"2025-10-18 20:36:51"}
{"level":"\u001b[32minfo\u001b[39m","message":"Starting HolonsBot","timestamp":"2025-10-18 20:37:50"}
{"appname":"Holons","level":"\u001b[32minfo\u001b[39m","message":"Starting HolonsBot initialization","timestamp":"2025-10-18 20:37:51"}
{"level":"\u001b[32minfo\u001b[39m","message":"Telegram bot initialized (not yet launched)","timestamp":"2025-10-18 20:37:51"}
{"level":"\u001b[32minfo\u001b[39m","message":"SignalManager initialized","timestamp":"2025-10-18 20:37:51"}
{"appname":"Holons","level":"\u001b[32minfo\u001b[39m","message":"Database initialized","timestamp":"2025-10-18 20:37:51"}
{"existingModule":"Settings","existingSpecificity":13,"level":"\u001b[33mwarn\u001b[39m","message":"Signal conflict detected:","newModule":"Settings","newSpecificity":13,"pattern":"regex:timezone_set_(.+)","resolution":"existing wins","timestamp":"2025-10-18 20:37:51"}
{"existingModule":"Settings","existingSpecificity":13,"level":"\u001b[33mwarn\u001b[39m","message":"Signal conflict detected:","newModule":"Settings","newSpecificity":13,"pattern":"string:settings_back","resolution":"existing wins","timestamp":"2025-10-18 20:37:51"}
{"existingModule":"Settings","existingSpecificity":22,"level":"\u001b[33mwarn\u001b[39m","message":"Signal conflict detected:","newModule":"Settings","newSpecificity":22,"pattern":"string:settings_values_change","resolution":"existing wins","timestamp":"2025-10-18 20:37:51"}
{"existingModule":"Settings","existingSpecificity":23,"level":"\u001b[33mwarn\u001b[39m","message":"Signal conflict detected:","newModule":"Settings","newSpecificity":23,"pattern":"string:settings_domains_change","resolution":"existing wins","timestamp":"2025-10-18 20:37:51"}
{"existingModule":"Settings","existingSpecificity":21,"level":"\u001b[33mwarn\u001b[39m","message":"Signal conflict detected:","newModule":"Settings","newSpecificity":21,"pattern":"string:settings_roles_change","resolution":"existing wins","timestamp":"2025-10-18 20:37:51"}
{"existingModule":"Settings","existingSpecificity":26,"level":"\u001b[33mwarn\u001b[39m","message":"Signal conflict detected:","newModule":"Settings","newSpecificity":26,"pattern":"string:settings_currencies_change","resolution":"existing wins","timestamp":"2025-10-18 20:37:51"}
{"existingModule":"Settings","existingSpecificity":14,"level":"\u001b[33mwarn\u001b[39m","message":"Signal conflict detected:","newModule":"Settings","newSpecificity":14,"pattern":"string:add_federation","resolution":"existing wins","timestamp":"2025-10-18 20:37:51"}
{"existingModule":"Settings","existingSpecificity":22,"level":"\u001b[33mwarn\u001b[39m","message":"Signal conflict detected:","newModule":"Settings","newSpecificity":22,"pattern":"string:settings_values_change","resolution":"existing wins","timestamp":"2025-10-18 20:37:51"}
{"existingModule":"Settings","existingSpecificity":23,"level":"\u001b[33mwarn\u001b[39m","message":"Signal conflict detected:","newModule":"Settings","newSpecificity":23,"pattern":"string:settings_domains_change","resolution":"existing wins","timestamp":"2025-10-18 20:37:51"}
{"existingModule":"Settings","existingSpecificity":21,"level":"\u001b[33mwarn\u001b[39m","message":"Signal conflict detected:","newModule":"Settings","newSpecificity":21,"pattern":"string:settings_roles_change","resolution":"existing wins","timestamp":"2025-10-18 20:37:51"}
{"existingModule":"Settings","existingSpecificity":26,"level":"\u001b[33mwarn\u001b[39m","message":"Signal conflict detected:","newModule":"Settings","newSpecificity":26,"pattern":"string:settings_currencies_change","resolution":"existing wins","timestamp":"2025-10-18 20:37:51"}
{"existingModule":"Settings","existingSpecificity":12,"level":"\u001b[33mwarn\u001b[39m","message":"Signal conflict detected:","newModule":"Settings","newSpecificity":12,"pattern":"string:help_add_hex","resolution":"existing wins","timestamp":"2025-10-18 20:37:51"}
{"level":"\u001b[32minfo\u001b[39m","message":"InputScene utility initialized and registered","timestamp":"2025-10-18 20:37:52"}
{"existingModule":"Checklists","existingSpecificity":23,"level":"\u001b[33mwarn\u001b[39m","message":"Signal conflict detected:","newModule":"Roles","newSpecificity":23,"pattern":"regex:back_to_role_(.+)","resolution":"existing wins","timestamp":"2025-10-18 20:37:52"}
{"existingModule":"Checklists","existingSpecificity":6,"level":"\u001b[33mwarn\u001b[39m","message":"Signal conflict detected:","newModule":"Quests","newSpecificity":6,"pattern":"regex:check_(.+)","resolution":"existing wins","timestamp":"2025-10-18 20:37:52"}
{"existingModule":"Checklists","existingSpecificity":12,"level":"\u001b[33mwarn\u001b[39m","message":"Signal conflict detected:","newModule":"Quests","newSpecificity":12,"pattern":"regex:add_item_to_(.+)","resolution":"existing wins","timestamp":"2025-10-18 20:37:52"}
{"existingModule":"Calendar","existingSpecificity":3,"level":"\u001b[33mwarn\u001b[39m","message":"Signal conflict detected:","newModule":"Calendar","newSpecificity":3,"pattern":"regex:n_(.+)_(?:--|\\+\\+|\\+|-|0)","resolution":"existing wins","timestamp":"2025-10-18 20:37:52"}
{"existingModule":"Quests","existingSpecificity":15,"level":"\u001b[33mwarn\u001b[39m","message":"Signal conflict detected:","newModule":"Scheduler","newSpecificity":15,"pattern":"regex:schedule_quest_(.+)","resolution":"existing wins","timestamp":"2025-10-18 20:37:52"}
{"level":"\u001b[32minfo\u001b[39m","message":"Starting HolonsBot","timestamp":"2025-10-18 20:38:00"}
{"appname":"Holons","level":"\u001b[32minfo\u001b[39m","message":"Starting HolonsBot initialization","timestamp":"2025-10-18 20:38:01"}
{"level":"\u001b[32minfo\u001b[39m","message":"Telegram bot initialized (not yet launched)","timestamp":"2025-10-18 20:38:01"}
{"level":"\u001b[32minfo\u001b[39m","message":"SignalManager initialized","timestamp":"2025-10-18 20:38:01"}
{"appname":"Holons","level":"\u001b[32minfo\u001b[39m","message":"Database initialized","timestamp":"2025-10-18 20:38:01"}
{"existingModule":"Settings","existingSpecificity":13,"level":"\u001b[33mwarn\u001b[39m","message":"Signal conflict detected:","newModule":"Settings","newSpecificity":13,"pattern":"regex:timezone_set_(.+)","resolution":"existing wins","timestamp":"2025-10-18 20:38:01"}
{"existingModule":"Settings","existingSpecificity":13,"level":"\u001b[33mwarn\u001b[39m","message":"Signal conflict detected:","newModule":"Settings","newSpecificity":13,"pattern":"string:settings_back","resolution":"existing wins","timestamp":"2025-10-18 20:38:01"}
{"existingModule":"Settings","existingSpecificity":22,"level":"\u001b[33mwarn\u001b[39m","message":"Signal conflict detected:","newModule":"Settings","newSpecificity":22,"pattern":"string:settings_values_change","resolution":"existing wins","timestamp":"2025-10-18 20:38:01"}
{"existingModule":"Settings","existingSpecificity":23,"level":"\u001b[33mwarn\u001b[39m","message":"Signal conflict detected:","newModule":"Settings","newSpecificity":23,"pattern":"string:settings_domains_change","resolution":"existing wins","timestamp":"2025-10-18 20:38:01"}
{"existingModule":"Settings","existingSpecificity":21,"level":"\u001b[33mwarn\u001b[39m","message":"Signal conflict detected:","newModule":"Settings","newSpecificity":21,"pattern":"string:settings_roles_change","resolution":"existing wins","timestamp":"2025-10-18 20:38:01"}
{"existingModule":"Settings","existingSpecificity":26,"level":"\u001b[33mwarn\u001b[39m","message":"Signal conflict detected:","newModule":"Settings","newSpecificity":26,"pattern":"string:settings_currencies_change","resolution":"existing wins","timestamp":"2025-10-18 20:38:01"}
{"existingModule":"Settings","existingSpecificity":14,"level":"\u001b[33mwarn\u001b[39m","message":"Signal conflict detected:","newModule":"Settings","newSpecificity":14,"pattern":"string:add_federation","resolution":"existing wins","timestamp":"2025-10-18 20:38:01"}
{"existingModule":"Settings","existingSpecificity":22,"level":"\u001b[33mwarn\u001b[39m","message":"Signal conflict detected:","newModule":"Settings","newSpecificity":22,"pattern":"string:settings_values_change","resolution":"existing wins","timestamp":"2025-10-18 20:38:01"}
{"existingModule":"Settings","existingSpecificity":23,"level":"\u001b[33mwarn\u001b[39m","message":"Signal conflict detected:","newModule":"Settings","newSpecificity":23,"pattern":"string:settings_domains_change","resolution":"existing wins","timestamp":"2025-10-18 20:38:01"}
{"existingModule":"Settings","existingSpecificity":21,"level":"\u001b[33mwarn\u001b[39m","message":"Signal conflict detected:","newModule":"Settings","newSpecificity":21,"pattern":"string:settings_roles_change","resolution":"existing wins","timestamp":"2025-10-18 20:38:01"}
{"existingModule":"Settings","existingSpecificity":26,"level":"\u001b[33mwarn\u001b[39m","message":"Signal conflict detected:","newModule":"Settings","newSpecificity":26,"pattern":"string:settings_currencies_change","resolution":"existing wins","timestamp":"2025-10-18 20:38:01"}
{"existingModule":"Settings","existingSpecificity":12,"level":"\u001b[33mwarn\u001b[39m","message":"Signal conflict detected:","newModule":"Settings","newSpecificity":12,"pattern":"string:help_add_hex","resolution":"existing wins","timestamp":"2025-10-18 20:38:01"}
{"level":"\u001b[32minfo\u001b[39m","message":"InputScene utility initialized and registered","timestamp":"2025-10-18 20:38:02"}
{"existingModule":"Checklists","existingSpecificity":23,"level":"\u001b[33mwarn\u001b[39m","message":"Signal conflict detected:","newModule":"Roles","newSpecificity":23,"pattern":"regex:back_to_role_(.+)","resolution":"existing wins","timestamp":"2025-10-18 20:38:02"}
{"existingModule":"Checklists","existingSpecificity":6,"level":"\u001b[33mwarn\u001b[39m","message":"Signal conflict detected:","newModule":"Quests","newSpecificity":6,"pattern":"regex:check_(.+)","resolution":"existing wins","timestamp":"2025-10-18 20:38:02"}
{"existingModule":"Checklists","existingSpecificity":12,"level":"\u001b[33mwarn\u001b[39m","message":"Signal conflict detected:","newModule":"Quests","newSpecificity":12,"pattern":"regex:add_item_to_(.+)","resolution":"existing wins","timestamp":"2025-10-18 20:38:02"}
{"existingModule":"Calendar","existingSpecificity":3,"level":"\u001b[33mwarn\u001b[39m","message":"Signal conflict detected:","newModule":"Calendar","newSpecificity":3,"pattern":"regex:n_(.+)_(?:--|\\+\\+|\\+|-|0)","resolution":"existing wins","timestamp":"2025-10-18 20:38:02"}
{"existingModule":"Quests","existingSpecificity":15,"level":"\u001b[33mwarn\u001b[39m","message":"Signal conflict detected:","newModule":"Scheduler","newSpecificity":15,"pattern":"regex:schedule_quest_(.+)","resolution":"existing wins","timestamp":"2025-10-18 20:38:02"}
{"level":"\u001b[32minfo\u001b[39m","message":"Starting HolonsBot","timestamp":"2025-10-18 20:38:10"}
{"appname":"Holons","level":"\u001b[32minfo\u001b[39m","message":"Starting HolonsBot initialization","timestamp":"2025-10-18 20:38:11"}
{"level":"\u001b[32minfo\u001b[39m","message":"Telegram bot initialized (not yet launched)","timestamp":"2025-10-18 20:38:11"}
{"level":"\u001b[32minfo\u001b[39m","message":"SignalManager initialized","timestamp":"2025-10-18 20:38:11"}
{"appname":"Holons","level":"\u001b[32minfo\u001b[39m","message":"Database initialized","timestamp":"2025-10-18 20:38:11"}
{"existingModule":"Settings","existingSpecificity":13,"level":"\u001b[33mwarn\u001b[39m","message":"Signal conflict detected:","newModule":"Settings","newSpecificity":13,"pattern":"regex:timezone_set_(.+)","resolution":"existing wins","timestamp":"2025-10-18 20:38:11"}
{"existingModule":"Settings","existingSpecificity":13,"level":"\u001b[33mwarn\u001b[39m","message":"Signal conflict detected:","newModule":"Settings","newSpecificity":13,"pattern":"string:settings_back","resolution":"existing wins","timestamp":"2025-10-18 20:38:11"}
{"existingModule":"Settings","existingSpecificity":22,"level":"\u001b[33mwarn\u001b[39m","message":"Signal conflict detected:","newModule":"Settings","newSpecificity":22,"pattern":"string:settings_values_change","resolution":"existing wins","timestamp":"2025-10-18 20:38:11"}
{"existingModule":"Settings","existingSpecificity":23,"level":"\u001b[33mwarn\u001b[39m","message":"Signal conflict detected:","newModule":"Settings","newSpecificity":23,"pattern":"string:settings_domains_change","resolution":"existing wins","timestamp":"2025-10-18 20:38:11"}
{"existingModule":"Settings","existingSpecificity":21,"level":"\u001b[33mwarn\u001b[39m","message":"Signal conflict detected:","newModule":"Settings","newSpecificity":21,"pattern":"string:settings_roles_change","resolution":"existing wins","timestamp":"2025-10-18 20:38:11"}
{"existingModule":"Settings","existingSpecificity":26,"level":"\u001b[33mwarn\u001b[39m","message":"Signal conflict detected:","newModule":"Settings","newSpecificity":26,"pattern":"string:settings_currencies_change","resolution":"existing wins","timestamp":"2025-10-18 20:38:11"}
{"existingModule":"Settings","existingSpecificity":14,"level":"\u001b[33mwarn\u001b[39m","message":"Signal conflict detected:","newModule":"Settings","newSpecificity":14,"pattern":"string:add_federation","resolution":"existing wins","timestamp":"2025-10-18 20:38:11"}
{"existingModule":"Settings","existingSpecificity":22,"level":"\u001b[33mwarn\u001b[39m","message":"Signal conflict detected:","newModule":"Settings","newSpecificity":22,"pattern":"string:settings_values_change","resolution":"existing wins","timestamp":"2025-10-18 20:38:11"}
{"existingModule":"Settings","existingSpecificity":23,"level":"\u001b[33mwarn\u001b[39m","message":"Signal conflict detected:","newModule":"Settings","newSpecificity":23,"pattern":"string:settings_domains_change","resolution":"existing wins","timestamp":"2025-10-18 20:38:11"}
{"existingModule":"Settings","existingSpecificity":21,"level":"\u001b[33mwarn\u001b[39m","message":"Signal conflict detected:","newModule":"Settings","newSpecificity":21,"pattern":"string:settings_roles_change","resolution":"existing wins","timestamp":"2025-10-18 20:38:11"}
{"existingModule":"Settings","existingSpecificity":26,"level":"\u001b[33mwarn\u001b[39m","message":"Signal conflict detected:","newModule":"Settings","newSpecificity":26,"pattern":"string:settings_currencies_change","resolution":"existing wins","timestamp":"2025-10-18 20:38:11"}
{"existingModule":"Settings","existingSpecificity":12,"level":"\u001b[33mwarn\u001b[39m","message":"Signal conflict detected:","newModule":"Settings","newSpecificity":12,"pattern":"string:help_add_hex","resolution":"existing wins","timestamp":"2025-10-18 20:38:11"}
{"level":"\u001b[32minfo\u001b[39m","message":"InputScene utility initialized and registered","timestamp":"2025-10-18 20:38:12"}
{"existingModule":"Checklists","existingSpecificity":23,"level":"\u001b[33mwarn\u001b[39m","message":"Signal conflict detected:","newModule":"Roles","newSpecificity":23,"pattern":"regex:back_to_role_(.+)","resolution":"existing wins","timestamp":"2025-10-18 20:38:12"}
{"existingModule":"Checklists","existingSpecificity":6,"level":"\u001b[33mwarn\u001b[39m","message":"Signal conflict detected:","newModule":"Quests","newSpecificity":6,"pattern":"regex:check_(.+)","resolution":"existing wins","timestamp":"2025-10-18 20:38:12"}
{"existingModule":"Checklists","existingSpecificity":12,"level":"\u001b[33mwarn\u001b[39m","message":"Signal conflict detected:","newModule":"Quests","newSpecificity":12,"pattern":"regex:add_item_to_(.+)","resolution":"existing wins","timestamp":"2025-10-18 20:38:12"}
{"existingModule":"Calendar","existingSpecificity":3,"level":"\u001b[33mwarn\u001b[39m","message":"Signal conflict detected:","newModule":"Calendar","newSpecificity":3,"pattern":"regex:n_(.+)_(?:--|\\+\\+|\\+|-|0)","resolution":"existing wins","timestamp":"2025-10-18 20:38:12"}
{"existingModule":"Quests","existingSpecificity":15,"level":"\u001b[33mwarn\u001b[39m","message":"Signal conflict detected:","newModule":"Scheduler","newSpecificity":15,"pattern":"regex:schedule_quest_(.+)","resolution":"existing wins","timestamp":"2025-10-18 20:38:12"}
{"level":"\u001b[32minfo\u001b[39m","message":"Starting HolonsBot","timestamp":"2025-10-18 20:38:27"}
{"appname":"Holons","level":"\u001b[32minfo\u001b[39m","message":"Starting HolonsBot initialization","timestamp":"2025-10-18 20:38:28"}
{"level":"\u001b[32minfo\u001b[39m","message":"Telegram bot initialized (not yet launched)","timestamp":"2025-10-18 20:38:28"}
{"level":"\u001b[32minfo\u001b[39m","message":"SignalManager initialized","timestamp":"2025-10-18 20:38:28"}
{"appname":"Holons","level":"\u001b[32minfo\u001b[39m","message":"Database initialized","timestamp":"2025-10-18 20:38:28"}
{"existingModule":"Settings","existingSpecificity":13,"level":"\u001b[33mwarn\u001b[39m","message":"Signal conflict detected:","newModule":"Settings","newSpecificity":13,"pattern":"regex:timezone_set_(.+)","resolution":"existing wins","timestamp":"2025-10-18 20:38:28"}
{"existingModule":"Settings","existingSpecificity":13,"level":"\u001b[33mwarn\u001b[39m","message":"Signal conflict detected:","newModule":"Settings","newSpecificity":13,"pattern":"string:settings_back","resolution":"existing wins","timestamp":"2025-10-18 20:38:28"}
{"existingModule":"Settings","existingSpecificity":22,"level":"\u001b[33mwarn\u001b[39m","message":"Signal conflict detected:","newModule":"Settings","newSpecificity":22,"pattern":"string:settings_values_change","resolution":"existing wins","timestamp":"2025-10-18 20:38:28"}
{"existingModule":"Settings","existingSpecificity":23,"level":"\u001b[33mwarn\u001b[39m","message":"Signal conflict detected:","newModule":"Settings","newSpecificity":23,"pattern":"string:settings_domains_change","resolution":"existing wins","timestamp":"2025-10-18 20:38:28"}
{"existingModule":"Settings","existingSpecificity":21,"level":"\u001b[33mwarn\u001b[39m","message":"Signal conflict detected:","newModule":"Settings","newSpecificity":21,"pattern":"string:settings_roles_change","resolution":"existing wins","timestamp":"2025-10-18 20:38:28"}
{"existingModule":"Settings","existingSpecificity":26,"level":"\u001b[33mwarn\u001b[39m","message":"Signal conflict detected:","newModule":"Settings","newSpecificity":26,"pattern":"string:settings_currencies_change","resolution":"existing wins","timestamp":"2025-10-18 20:38:28"}
{"existingModule":"Settings","existingSpecificity":14,"level":"\u001b[33mwarn\u001b[39m","message":"Signal conflict detected:","newModule":"Settings","newSpecificity":14,"pattern":"string:add_federation","resolution":"existing wins","timestamp":"2025-10-18 20:38:28"}
{"existingModule":"Settings","existingSpecificity":22,"level":"\u001b[33mwarn\u001b[39m","message":"Signal conflict detected:","newModule":"Settings","newSpecificity":22,"pattern":"string:settings_values_change","resolution":"existing wins","timestamp":"2025-10-18 20:38:28"}
{"existingModule":"Settings","existingSpecificity":23,"level":"\u001b[33mwarn\u001b[39m","message":"Signal conflict detected:","newModule":"Settings","newSpecificity":23,"pattern":"string:settings_domains_change","resolution":"existing wins","timestamp":"2025-10-18 20:38:28"}
{"existingModule":"Settings","existingSpecificity":21,"level":"\u001b[33mwarn\u001b[39m","message":"Signal conflict detected:","newModule":"Settings","newSpecificity":21,"pattern":"string:settings_roles_change","resolution":"existing wins","timestamp":"2025-10-18 20:38:28"}
{"existingModule":"Settings","existingSpecificity":26,"level":"\u001b[33mwarn\u001b[39m","message":"Signal conflict detected:","newModule":"Settings","newSpecificity":26,"pattern":"string:settings_currencies_change","resolution":"existing wins","timestamp":"2025-10-18 20:38:28"}
{"existingModule":"Settings","existingSpecificity":12,"level":"\u001b[33mwarn\u001b[39m","message":"Signal conflict detected:","newModule":"Settings","newSpecificity":12,"pattern":"string:help_add_hex","resolution":"existing wins","timestamp":"2025-10-18 20:38:28"}
{"level":"\u001b[32minfo\u001b[39m","message":"InputScene utility initialized and registered","timestamp":"2025-10-18 20:38:29"}
{"existingModule":"Checklists","existingSpecificity":23,"level":"\u001b[33mwarn\u001b[39m","message":"Signal conflict detected:","newModule":"Roles","newSpecificity":23,"pattern":"regex:back_to_role_(.+)","resolution":"existing wins","timestamp":"2025-10-18 20:38:29"}
{"existingModule":"Checklists","existingSpecificity":6,"level":"\u001b[33mwarn\u001b[39m","message":"Signal conflict detected:","newModule":"Quests","newSpecificity":6,"pattern":"regex:check_(.+)","resolution":"existing wins","timestamp":"2025-10-18 20:38:29"}
{"existingModule":"Checklists","existingSpecificity":12,"level":"\u001b[33mwarn\u001b[39m","message":"Signal conflict detected:","newModule":"Quests","newSpecificity":12,"pattern":"regex:add_item_to_(.+)","resolution":"existing wins","timestamp":"2025-10-18 20:38:29"}
{"existingModule":"Calendar","existingSpecificity":3,"level":"\u001b[33mwarn\u001b[39m","message":"Signal conflict detected:","newModule":"Calendar","newSpecificity":3,"pattern":"regex:n_(.+)_(?:--|\\+\\+|\\+|-|0)","resolution":"existing wins","timestamp":"2025-10-18 20:38:29"}
{"existingModule":"Quests","existingSpecificity":15,"level":"\u001b[33mwarn\u001b[39m","message":"Signal conflict detected:","newModule":"Scheduler","newSpecificity":15,"pattern":"regex:schedule_quest_(.+)","resolution":"existing wins","timestamp":"2025-10-18 20:38:29"}
{"level":"\u001b[32minfo\u001b[39m","message":"Starting HolonsBot","timestamp":"2025-10-18 20:41:14"}
{"appname":"Holons","level":"\u001b[32minfo\u001b[39m","message":"Starting HolonsBot initialization","timestamp":"2025-10-18 20:41:16"}
{"level":"\u001b[32minfo\u001b[39m","message":"Telegram bot initialized (not yet launched)","timestamp":"2025-10-18 20:41:16"}
{"level":"\u001b[32minfo\u001b[39m","message":"SignalManager initialized","timestamp":"2025-10-18 20:41:16"}
{"appname":"Holons","level":"\u001b[32minfo\u001b[39m","message":"Database initialized","timestamp":"2025-10-18 20:41:16"}
{"existingModule":"Settings","existingSpecificity":13,"level":"\u001b[33mwarn\u001b[39m","message":"Signal conflict detected:","newModule":"Settings","newSpecificity":13,"pattern":"regex:timezone_set_(.+)","resolution":"existing wins","timestamp":"2025-10-18 20:41:16"}
{"existingModule":"Settings","existingSpecificity":13,"level":"\u001b[33mwarn\u001b[39m","message":"Signal conflict detected:","newModule":"Settings","newSpecificity":13,"pattern":"string:settings_back","resolution":"existing wins","timestamp":"2025-10-18 20:41:16"}
{"existingModule":"Settings","existingSpecificity":22,"level":"\u001b[33mwarn\u001b[39m","message":"Signal conflict detected:","newModule":"Settings","newSpecificity":22,"pattern":"string:settings_values_change","resolution":"existing wins","timestamp":"2025-10-18 20:41:16"}
{"existingModule":"Settings","existingSpecificity":23,"level":"\u001b[33mwarn\u001b[39m","message":"Signal conflict detected:","newModule":"Settings","newSpecificity":23,"pattern":"string:settings_domains_change","resolution":"existing wins","timestamp":"2025-10-18 20:41:16"}
{"existingModule":"Settings","existingSpecificity":21,"level":"\u001b[33mwarn\u001b[39m","message":"Signal conflict detected:","newModule":"Settings","newSpecificity":21,"pattern":"string:settings_roles_change","resolution":"existing wins","timestamp":"2025-10-18 20:41:16"}
{"existingModule":"Settings","existingSpecificity":26,"level":"\u001b[33mwarn\u001b[39m","message":"Signal conflict detected:","newModule":"Settings","newSpecificity":26,"pattern":"string:settings_currencies_change","resolution":"existing wins","timestamp":"2025-10-18 20:41:16"}
{"existingModule":"Settings","existingSpecificity":14,"level":"\u001b[33mwarn\u001b[39m","message":"Signal conflict detected:","newModule":"Settings","newSpecificity":14,"pattern":"string:add_federation","resolution":"existing wins","timestamp":"2025-10-18 20:41:16"}
{"existingModule":"Settings","existingSpecificity":22,"level":"\u001b[33mwarn\u001b[39m","message":"Signal conflict detected:","newModule":"Settings","newSpecificity":22,"pattern":"string:settings_values_change","resolution":"existing wins","timestamp":"2025-10-18 20:41:16"}
{"existingModule":"Settings","existingSpecificity":23,"level":"\u001b[33mwarn\u001b[39m","message":"Signal conflict detected:","newModule":"Settings","newSpecificity":23,"pattern":"string:settings_domains_change","resolution":"existing wins","timestamp":"2025-10-18 20:41:16"}
{"existingModule":"Settings","existingSpecificity":21,"level":"\u001b[33mwarn\u001b[39m","message":"Signal conflict detected:","newModule":"Settings","newSpecificity":21,"pattern":"string:settings_roles_change","resolution":"existing wins","timestamp":"2025-10-18 20:41:16"}
{"existingModule":"Settings","existingSpecificity":26,"level":"\u001b[33mwarn\u001b[39m","message":"Signal conflict detected:","newModule":"Settings","newSpecificity":26,"pattern":"string:settings_currencies_change","resolution":"existing wins","timestamp":"2025-10-18 20:41:16"}
{"existingModule":"Settings","existingSpecificity":12,"level":"\u001b[33mwarn\u001b[39m","message":"Signal conflict detected:","newModule":"Settings","newSpecificity":12,"pattern":"string:help_add_hex","resolution":"existing wins","timestamp":"2025-10-18 20:41:16"}
{"level":"\u001b[32minfo\u001b[39m","message":"InputScene utility initialized and registered","timestamp":"2025-10-18 20:41:16"}
{"existingModule":"Checklists","existingSpecificity":23,"level":"\u001b[33mwarn\u001b[39m","message":"Signal conflict detected:","newModule":"Roles","newSpecificity":23,"pattern":"regex:back_to_role_(.+)","resolution":"existing wins","timestamp":"2025-10-18 20:41:16"}
{"existingModule":"Checklists","existingSpecificity":6,"level":"\u001b[33mwarn\u001b[39m","message":"Signal conflict detected:","newModule":"Quests","newSpecificity":6,"pattern":"regex:check_(.+)","resolution":"existing wins","timestamp":"2025-10-18 20:41:16"}
{"existingModule":"Checklists","existingSpecificity":12,"level":"\u001b[33mwarn\u001b[39m","message":"Signal conflict detected:","newModule":"Quests","newSpecificity":12,"pattern":"regex:add_item_to_(.+)","resolution":"existing wins","timestamp":"2025-10-18 20:41:16"}
{"existingModule":"Calendar","existingSpecificity":3,"level":"\u001b[33mwarn\u001b[39m","message":"Signal conflict detected:","newModule":"Calendar","newSpecificity":3,"pattern":"regex:n_(.+)_(?:--|\\+\\+|\\+|-|0)","resolution":"existing wins","timestamp":"2025-10-18 20:41:16"}
{"existingModule":"Quests","existingSpecificity":15,"level":"\u001b[33mwarn\u001b[39m","message":"Signal conflict detected:","newModule":"Scheduler","newSpecificity":15,"pattern":"regex:schedule_quest_(.+)","resolution":"existing wins","timestamp":"2025-10-18 20:41:16"}
{"level":"\u001b[32minfo\u001b[39m","message":"SIGINT received, shutting down gracefully","timestamp":"2025-10-18 20:41:28"}
{"level":"\u001b[32minfo\u001b[39m","message":"Starting HolonsBot","timestamp":"2025-10-18 20:41:29"}
{"appname":"Holons","level":"\u001b[32minfo\u001b[39m","message":"Starting HolonsBot initialization","timestamp":"2025-10-18 20:41:30"}
{"level":"\u001b[32minfo\u001b[39m","message":"Telegram bot initialized (not yet launched)","timestamp":"2025-10-18 20:41:30"}
{"level":"\u001b[32minfo\u001b[39m","message":"SignalManager initialized","timestamp":"2025-10-18 20:41:30"}
{"appname":"Holons","level":"\u001b[32minfo\u001b[39m","message":"Database initialized","timestamp":"2025-10-18 20:41:30"}
{"existingModule":"Settings","existingSpecificity":13,"level":"\u001b[33mwarn\u001b[39m","message":"Signal conflict detected:","newModule":"Settings","newSpecificity":13,"pattern":"regex:timezone_set_(.+)","resolution":"existing wins","timestamp":"2025-10-18 20:41:30"}
{"existingModule":"Settings","existingSpecificity":13,"level":"\u001b[33mwarn\u001b[39m","message":"Signal conflict detected:","newModule":"Settings","newSpecificity":13,"pattern":"string:settings_back","resolution":"existing wins","timestamp":"2025-10-18 20:41:30"}
{"existingModule":"Settings","existingSpecificity":22,"level":"\u001b[33mwarn\u001b[39m","message":"Signal conflict detected:","newModule":"Settings","newSpecificity":22,"pattern":"string:settings_values_change","resolution":"existing wins","timestamp":"2025-10-18 20:41:30"}
{"existingModule":"Settings","existingSpecificity":23,"level":"\u001b[33mwarn\u001b[39m","message":"Signal conflict detected:","newModule":"Settings","newSpecificity":23,"pattern":"string:settings_domains_change","resolution":"existing wins","timestamp":"2025-10-18 20:41:30"}
{"existingModule":"Settings","existingSpecificity":21,"level":"\u001b[33mwarn\u001b[39m","message":"Signal conflict detected:","newModule":"Settings","newSpecificity":21,"pattern":"string:settings_roles_change","resolution":"existing wins","timestamp":"2025-10-18 20:41:30"}
{"existingModule":"Settings","existingSpecificity":26,"level":"\u001b[33mwarn\u001b[39m","message":"Signal conflict detected:","newModule":"Settings","newSpecificity":26,"pattern":"string:settings_currencies_change","resolution":"existing wins","timestamp":"2025-10-18 20:41:30"}
{"existingModule":"Settings","existingSpecificity":14,"level":"\u001b[33mwarn\u001b[39m","message":"Signal conflict detected:","newModule":"Settings","newSpecificity":14,"pattern":"string:add_federation","resolution":"existing wins","timestamp":"2025-10-18 20:41:30"}
{"existingModule":"Settings","existingSpecificity":22,"level":"\u001b[33mwarn\u001b[39m","message":"Signal conflict detected:","newModule":"Settings","newSpecificity":22,"pattern":"string:settings_values_change","resolution":"existing wins","timestamp":"2025-10-18 20:41:30"}
{"existingModule":"Settings","existingSpecificity":23,"level":"\u001b[33mwarn\u001b[39m","message":"Signal conflict detected:","newModule":"Settings","newSpecificity":23,"pattern":"string:settings_domains_change","resolution":"existing wins","timestamp":"2025-10-18 20:41:30"}
{"existingModule":"Settings","existingSpecificity":21,"level":"\u001b[33mwarn\u001b[39m","message":"Signal conflict detected:","newModule":"Settings","newSpecificity":21,"pattern":"string:settings_roles_change","resolution":"existing wins","timestamp":"2025-10-18 20:41:30"}
{"existingModule":"Settings","existingSpecificity":26,"level":"\u001b[33mwarn\u001b[39m","message":"Signal conflict detected:","newModule":"Settings","newSpecificity":26,"pattern":"string:settings_currencies_change","resolution":"existing wins","timestamp":"2025-10-18 20:41:30"}
{"existingModule":"Settings","existingSpecificity":12,"level":"\u001b[33mwarn\u001b[39m","message":"Signal conflict detected:","newModule":"Settings","newSpecificity":12,"pattern":"string:help_add_hex","resolution":"existing wins","timestamp":"2025-10-18 20:41:30"}
{"level":"\u001b[32minfo\u001b[39m","message":"InputScene utility initialized and registered","timestamp":"2025-10-18 20:41:31"}
{"existingModule":"Checklists","existingSpecificity":23,"level":"\u001b[33mwarn\u001b[39m","message":"Signal conflict detected:","newModule":"Roles","newSpecificity":23,"pattern":"regex:back_to_role_(.+)","resolution":"existing wins","timestamp":"2025-10-18 20:41:31"}
{"existingModule":"Checklists","existingSpecificity":6,"level":"\u001b[33mwarn\u001b[39m","message":"Signal conflict detected:","newModule":"Quests","newSpecificity":6,"pattern":"regex:check_(.+)","resolution":"existing wins","timestamp":"2025-10-18 20:41:31"}
{"existingModule":"Checklists","existingSpecificity":12,"level":"\u001b[33mwarn\u001b[39m","message":"Signal conflict detected:","newModule":"Quests","newSpecificity":12,"pattern":"regex:add_item_to_(.+)","resolution":"existing wins","timestamp":"2025-10-18 20:41:31"}
{"existingModule":"Calendar","existingSpecificity":3,"level":"\u001b[33mwarn\u001b[39m","message":"Signal conflict detected:","newModule":"Calendar","newSpecificity":3,"pattern":"regex:n_(.+)_(?:--|\\+\\+|\\+|-|0)","resolution":"existing wins","timestamp":"2025-10-18 20:41:31"}
{"existingModule":"Quests","existingSpecificity":15,"level":"\u001b[33mwarn\u001b[39m","message":"Signal conflict detected:","newModule":"Scheduler","newSpecificity":15,"pattern":"regex:schedule_quest_(.+)","resolution":"existing wins","timestamp":"2025-10-18 20:41:31"}
{"level":"\u001b[32minfo\u001b[39m","message":"Starting HolonsBot","timestamp":"2025-10-18 20:42:40"}
{"appname":"Holons","level":"\u001b[32minfo\u001b[39m","message":"Starting HolonsBot initialization","timestamp":"2025-10-18 20:42:41"}
{"level":"\u001b[32minfo\u001b[39m","message":"Telegram bot initialized (not yet launched)","timestamp":"2025-10-18 20:42:41"}
{"level":"\u001b[32minfo\u001b[39m","message":"SignalManager initialized","timestamp":"2025-10-18 20:42:41"}
{"appname":"Holons","level":"\u001b[32minfo\u001b[39m","message":"Database initialized","timestamp":"2025-10-18 20:42:41"}
{"existingModule":"Settings","existingSpecificity":13,"level":"\u001b[33mwarn\u001b[39m","message":"Signal conflict detected: regex:timezone_set_(.+) - Settings vs Settings -> existing wins","newModule":"Settings","newSpecificity":13,"pattern":"regex:timezone_set_(.+)","resolution":"existing wins","timestamp":"2025-10-18 20:42:41"}
{"existingModule":"Settings","existingSpecificity":13,"level":"\u001b[33mwarn\u001b[39m","message":"Signal conflict detected: string:settings_back - Settings vs Settings -> existing wins","newModule":"Settings","newSpecificity":13,"pattern":"string:settings_back","resolution":"existing wins","timestamp":"2025-10-18 20:42:41"}
{"existingModule":"Settings","existingSpecificity":22,"level":"\u001b[33mwarn\u001b[39m","message":"Signal conflict detected: string:settings_values_change - Settings vs Settings -> existing wins","newModule":"Settings","newSpecificity":22,"pattern":"string:settings_values_change","resolution":"existing wins","timestamp":"2025-10-18 20:42:41"}
{"existingModule":"Settings","existingSpecificity":23,"level":"\u001b[33mwarn\u001b[39m","message":"Signal conflict detected: string:settings_domains_change - Settings vs Settings -> existing wins","newModule":"Settings","newSpecificity":23,"pattern":"string:settings_domains_change","resolution":"existing wins","timestamp":"2025-10-18 20:42:41"}
{"existingModule":"Settings","existingSpecificity":21,"level":"\u001b[33mwarn\u001b[39m","message":"Signal conflict detected: string:settings_roles_change - Settings vs Settings -> existing wins","newModule":"Settings","newSpecificity":21,"pattern":"string:settings_roles_change","resolution":"existing wins","timestamp":"2025-10-18 20:42:41"}
{"existingModule":"Settings","existingSpecificity":26,"level":"\u001b[33mwarn\u001b[39m","message":"Signal conflict detected: string:settings_currencies_change - Settings vs Settings -> existing wins","newModule":"Settings","newSpecificity":26,"pattern":"string:settings_currencies_change","resolution":"existing wins","timestamp":"2025-10-18 20:42:41"}
{"existingModule":"Settings","existingSpecificity":14,"level":"\u001b[33mwarn\u001b[39m","message":"Signal conflict detected: string:add_federation - Settings vs Settings -> existing wins","newModule":"Settings","newSpecificity":14,"pattern":"string:add_federation","resolution":"existing wins","timestamp":"2025-10-18 20:42:41"}
{"existingModule":"Settings","existingSpecificity":22,"level":"\u001b[33mwarn\u001b[39m","message":"Signal conflict detected: string:settings_values_change - Settings vs Settings -> existing wins","newModule":"Settings","newSpecificity":22,"pattern":"string:settings_values_change","resolution":"existing wins","timestamp":"2025-10-18 20:42:41"}
{"existingModule":"Settings","existingSpecificity":23,"level":"\u001b[33mwarn\u001b[39m","message":"Signal conflict detected: string:settings_domains_change - Settings vs Settings -> existing wins","newModule":"Settings","newSpecificity":23,"pattern":"string:settings_domains_change","resolution":"existing wins","timestamp":"2025-10-18 20:42:41"}
{"existingModule":"Settings","existingSpecificity":21,"level":"\u001b[33mwarn\u001b[39m","message":"Signal conflict detected: string:settings_roles_change - Settings vs Settings -> existing wins","newModule":"Settings","newSpecificity":21,"pattern":"string:settings_roles_change","resolution":"existing wins","timestamp":"2025-10-18 20:42:41"}
{"existingModule":"Settings","existingSpecificity":26,"level":"\u001b[33mwarn\u001b[39m","message":"Signal conflict detected: string:settings_currencies_change - Settings vs Settings -> existing wins","newModule":"Settings","newSpecificity":26,"pattern":"string:settings_currencies_change","resolution":"existing wins","timestamp":"2025-10-18 20:42:41"}
{"existingModule":"Settings","existingSpecificity":12,"level":"\u001b[33mwarn\u001b[39m","message":"Signal conflict detected: string:help_add_hex - Settings vs Settings -> existing wins","newModule":"Settings","newSpecificity":12,"pattern":"string:help_add_hex","resolution":"existing wins","timestamp":"2025-10-18 20:42:41"}
{"level":"\u001b[32minfo\u001b[39m","message":"InputScene utility initialized and registered","timestamp":"2025-10-18 20:42:42"}
{"existingModule":"Checklists","existingSpecificity":23,"level":"\u001b[33mwarn\u001b[39m","message":"Signal conflict detected: regex:back_to_role_(.+) - Checklists vs Roles -> existing wins","newModule":"Roles","newSpecificity":23,"pattern":"regex:back_to_role_(.+)","resolution":"existing wins","timestamp":"2025-10-18 20:42:42"}
{"existingModule":"Checklists","existingSpecificity":6,"level":"\u001b[33mwarn\u001b[39m","message":"Signal conflict detected: regex:check_(.+) - Checklists vs Quests -> existing wins","newModule":"Quests","newSpecificity":6,"pattern":"regex:check_(.+)","resolution":"existing wins","timestamp":"2025-10-18 20:42:42"}
{"existingModule":"Checklists","existingSpecificity":12,"level":"\u001b[33mwarn\u001b[39m","message":"Signal conflict detected: regex:add_item_to_(.+) - Checklists vs Quests -> existing wins","newModule":"Quests","newSpecificity":12,"pattern":"regex:add_item_to_(.+)","resolution":"existing wins","timestamp":"2025-10-18 20:42:42"}
{"existingModule":"Calendar","existingSpecificity":3,"level":"\u001b[33mwarn\u001b[39m","message":"Signal conflict detected: regex:n_(.+)_(?:--|\\+\\+|\\+|-|0) - Calendar vs Calendar -> existing wins","newModule":"Calendar","newSpecificity":3,"pattern":"regex:n_(.+)_(?:--|\\+\\+|\\+|-|0)","resolution":"existing wins","timestamp":"2025-10-18 20:42:42"}
{"existingModule":"Quests","existingSpecificity":15,"level":"\u001b[33mwarn\u001b[39m","message":"Signal conflict detected: regex:schedule_quest_(.+) - Quests vs Scheduler -> existing wins","newModule":"Scheduler","newSpecificity":15,"pattern":"regex:schedule_quest_(.+)","resolution":"existing wins","timestamp":"2025-10-18 20:42:42"}
{"level":"\u001b[32minfo\u001b[39m","message":"SIGINT received, shutting down gracefully","timestamp":"2025-10-18 20:42:55"}
{"level":"\u001b[32minfo\u001b[39m","message":"Starting HolonsBot","timestamp":"2025-10-18 20:42:56"}
{"appname":"Holons","level":"\u001b[32minfo\u001b[39m","message":"Starting HolonsBot initialization","timestamp":"2025-10-18 20:42:57"}
{"level":"\u001b[32minfo\u001b[39m","message":"Telegram bot initialized (not yet launched)","timestamp":"2025-10-18 20:42:57"}
{"level":"\u001b[32minfo\u001b[39m","message":"SignalManager initialized","timestamp":"2025-10-18 20:42:57"}
{"appname":"Holons","level":"\u001b[32minfo\u001b[39m","message":"Database initialized","timestamp":"2025-10-18 20:42:57"}
{"existingModule":"Settings","existingSpecificity":13,"level":"\u001b[33mwarn\u001b[39m","message":"Signal conflict detected: regex:timezone_set_(.+) - Settings vs Settings -> existing wins","newModule":"Settings","newSpecificity":13,"pattern":"regex:timezone_set_(.+)","resolution":"existing wins","timestamp":"2025-10-18 20:42:57"}
{"existingModule":"Settings","existingSpecificity":13,"level":"\u001b[33mwarn\u001b[39m","message":"Signal conflict detected: string:settings_back - Settings vs Settings -> existing wins","newModule":"Settings","newSpecificity":13,"pattern":"string:settings_back","resolution":"existing wins","timestamp":"2025-10-18 20:42:57"}
{"existingModule":"Settings","existingSpecificity":22,"level":"\u001b[33mwarn\u001b[39m","message":"Signal conflict detected: string:settings_values_change - Settings vs Settings -> existing wins","newModule":"Settings","newSpecificity":22,"pattern":"string:settings_values_change","resolution":"existing wins","timestamp":"2025-10-18 20:42:57"}
{"existingModule":"Settings","existingSpecificity":23,"level":"\u001b[33mwarn\u001b[39m","message":"Signal conflict detected: string:settings_domains_change - Settings vs Settings -> existing wins","newModule":"Settings","newSpecificity":23,"pattern":"string:settings_domains_change","resolution":"existing wins","timestamp":"2025-10-18 20:42:57"}
{"existingModule":"Settings","existingSpecificity":21,"level":"\u001b[33mwarn\u001b[39m","message":"Signal conflict detected: string:settings_roles_change - Settings vs Settings -> existing wins","newModule":"Settings","newSpecificity":21,"pattern":"string:settings_roles_change","resolution":"existing wins","timestamp":"2025-10-18 20:42:57"}
{"existingModule":"Settings","existingSpecificity":26,"level":"\u001b[33mwarn\u001b[39m","message":"Signal conflict detected: string:settings_currencies_change - Settings vs Settings -> existing wins","newModule":"Settings","newSpecificity":26,"pattern":"string:settings_currencies_change","resolution":"existing wins","timestamp":"2025-10-18 20:42:57"}
{"existingModule":"Settings","existingSpecificity":14,"level":"\u001b[33mwarn\u001b[39m","message":"Signal conflict detected: string:add_federation - Settings vs Settings -> existing wins","newModule":"Settings","newSpecificity":14,"pattern":"string:add_federation","resolution":"existing wins","timestamp":"2025-10-18 20:42:57"}
{"existingModule":"Settings","existingSpecificity":22,"level":"\u001b[33mwarn\u001b[39m","message":"Signal conflict detected: string:settings_values_change - Settings vs Settings -> existing wins","newModule":"Settings","newSpecificity":22,"pattern":"string:settings_values_change","resolution":"existing wins","timestamp":"2025-10-18 20:42:57"}
{"existingModule":"Settings","existingSpecificity":23,"level":"\u001b[33mwarn\u001b[39m","message":"Signal conflict detected: string:settings_domains_change - Settings vs Settings -> existing wins","newModule":"Settings","newSpecificity":23,"pattern":"string:settings_domains_change","resolution":"existing wins","timestamp":"2025-10-18 20:42:57"}
{"existingModule":"Settings","existingSpecificity":21,"level":"\u001b[33mwarn\u001b[39m","message":"Signal conflict detected: string:settings_roles_change - Settings vs Settings -> existing wins","newModule":"Settings","newSpecificity":21,"pattern":"string:settings_roles_change","resolution":"existing wins","timestamp":"2025-10-18 20:42:57"}
{"existingModule":"Settings","existingSpecificity":26,"level":"\u001b[33mwarn\u001b[39m","message":"Signal conflict detected: string:settings_currencies_change - Settings vs Settings -> existing wins","newModule":"Settings","newSpecificity":26,"pattern":"string:settings_currencies_change","resolution":"existing wins","timestamp":"2025-10-18 20:42:57"}
{"existingModule":"Settings","existingSpecificity":12,"level":"\u001b[33mwarn\u001b[39m","message":"Signal conflict detected: string:help_add_hex - Settings vs Settings -> existing wins","newModule":"Settings","newSpecificity":12,"pattern":"string:help_add_hex","resolution":"existing wins","timestamp":"2025-10-18 20:42:57"}
{"level":"\u001b[32minfo\u001b[39m","message":"InputScene utility initialized and registered","timestamp":"2025-10-18 20:42:57"}
{"existingModule":"Checklists","existingSpecificity":23,"level":"\u001b[33mwarn\u001b[39m","message":"Signal conflict detected: regex:back_to_role_(.+) - Checklists vs Roles -> existing wins","newModule":"Roles","newSpecificity":23,"pattern":"regex:back_to_role_(.+)","resolution":"existing wins","timestamp":"2025-10-18 20:42:57"}
{"existingModule":"Checklists","existingSpecificity":6,"level":"\u001b[33mwarn\u001b[39m","message":"Signal conflict detected: regex:check_(.+) - Checklists vs Quests -> existing wins","newModule":"Quests","newSpecificity":6,"pattern":"regex:check_(.+)","resolution":"existing wins","timestamp":"2025-10-18 20:42:57"}
{"existingModule":"Checklists","existingSpecificity":12,"level":"\u001b[33mwarn\u001b[39m","message":"Signal conflict detected: regex:add_item_to_(.+) - Checklists vs Quests -> existing wins","newModule":"Quests","newSpecificity":12,"pattern":"regex:add_item_to_(.+)","resolution":"existing wins","timestamp":"2025-10-18 20:42:57"}
{"existingModule":"Calendar","existingSpecificity":3,"level":"\u001b[33mwarn\u001b[39m","message":"Signal conflict detected: regex:n_(.+)_(?:--|\\+\\+|\\+|-|0) - Calendar vs Calendar -> existing wins","newModule":"Calendar","newSpecificity":3,"pattern":"regex:n_(.+)_(?:--|\\+\\+|\\+|-|0)","resolution":"existing wins","timestamp":"2025-10-18 20:42:57"}
{"existingModule":"Quests","existingSpecificity":15,"level":"\u001b[33mwarn\u001b[39m","message":"Signal conflict detected: regex:schedule_quest_(.+) - Quests vs Scheduler -> existing wins","newModule":"Scheduler","newSpecificity":15,"pattern":"regex:schedule_quest_(.+)","resolution":"existing wins","timestamp":"2025-10-18 20:42:57"}
{"level":"\u001b[32minfo\u001b[39m","message":"Starting HolonsBot","timestamp":"2025-10-18 20:45:12"}
{"appname":"Holons","level":"\u001b[32minfo\u001b[39m","message":"Starting HolonsBot initialization","timestamp":"2025-10-18 20:45:13"}
{"level":"\u001b[32minfo\u001b[39m","message":"Telegram bot initialized (not yet launched)","timestamp":"2025-10-18 20:45:13"}
{"level":"\u001b[32minfo\u001b[39m","message":"SignalManager initialized","timestamp":"2025-10-18 20:45:13"}
{"appname":"Holons","level":"\u001b[32minfo\u001b[39m","message":"Database initialized","timestamp":"2025-10-18 20:45:13"}
{"existingModule":"Settings","existingSpecificity":13,"level":"\u001b[33mwarn\u001b[39m","message":"Signal conflict detected: string:settings_back - Settings vs Settings -> existing wins","newModule":"Settings","newSpecificity":13,"pattern":"string:settings_back","resolution":"existing wins","timestamp":"2025-10-18 20:45:13"}
{"existingModule":"Settings","existingSpecificity":22,"level":"\u001b[33mwarn\u001b[39m","message":"Signal conflict detected: string:settings_values_change - Settings vs Settings -> existing wins","newModule":"Settings","newSpecificity":22,"pattern":"string:settings_values_change","resolution":"existing wins","timestamp":"2025-10-18 20:45:13"}
{"existingModule":"Settings","existingSpecificity":23,"level":"\u001b[33mwarn\u001b[39m","message":"Signal conflict detected: string:settings_domains_change - Settings vs Settings -> existing wins","newModule":"Settings","newSpecificity":23,"pattern":"string:settings_domains_change","resolution":"existing wins","timestamp":"2025-10-18 20:45:13"}
{"existingModule":"Settings","existingSpecificity":21,"level":"\u001b[33mwarn\u001b[39m","message":"Signal conflict detected: string:settings_roles_change - Settings vs Settings -> existing wins","newModule":"Settings","newSpecificity":21,"pattern":"string:settings_roles_change","resolution":"existing wins","timestamp":"2025-10-18 20:45:13"}
{"existingModule":"Settings","existingSpecificity":26,"level":"\u001b[33mwarn\u001b[39m","message":"Signal conflict detected: string:settings_currencies_change - Settings vs Settings -> existing wins","newModule":"Settings","newSpecificity":26,"pattern":"string:settings_currencies_change","resolution":"existing wins","timestamp":"2025-10-18 20:45:13"}
{"existingModule":"Settings","existingSpecificity":14,"level":"\u001b[33mwarn\u001b[39m","message":"Signal conflict detected: string:add_federation - Settings vs Settings -> existing wins","newModule":"Settings","newSpecificity":14,"pattern":"string:add_federation","resolution":"existing wins","timestamp":"2025-10-18 20:45:13"}
{"existingModule":"Settings","existingSpecificity":22,"level":"\u001b[33mwarn\u001b[39m","message":"Signal conflict detected: string:settings_values_change - Settings vs Settings -> existing wins","newModule":"Settings","newSpecificity":22,"pattern":"string:settings_values_change","resolution":"existing wins","timestamp":"2025-10-18 20:45:13"}
{"existingModule":"Settings","existingSpecificity":23,"level":"\u001b[33mwarn\u001b[39m","message":"Signal conflict detected: string:settings_domains_change - Settings vs Settings -> existing wins","newModule":"Settings","newSpecificity":23,"pattern":"string:settings_domains_change","resolution":"existing wins","timestamp":"2025-10-18 20:45:13"}
{"existingModule":"Settings","existingSpecificity":21,"level":"\u001b[33mwarn\u001b[39m","message":"Signal conflict detected: string:settings_roles_change - Settings vs Settings -> existing wins","newModule":"Settings","newSpecificity":21,"pattern":"string:settings_roles_change","resolution":"existing wins","timestamp":"2025-10-18 20:45:13"}
{"existingModule":"Settings","existingSpecificity":26,"level":"\u001b[33mwarn\u001b[39m","message":"Signal conflict detected: string:settings_currencies_change - Settings vs Settings -> existing wins","newModule":"Settings","newSpecificity":26,"pattern":"string:settings_currencies_change","resolution":"existing wins","timestamp":"2025-10-18 20:45:13"}
{"existingModule":"Settings","existingSpecificity":12,"level":"\u001b[33mwarn\u001b[39m","message":"Signal conflict detected: string:help_add_hex - Settings vs Settings -> existing wins","newModule":"Settings","newSpecificity":12,"pattern":"string:help_add_hex","resolution":"existing wins","timestamp":"2025-10-18 20:45:13"}
{"level":"\u001b[32minfo\u001b[39m","message":"InputScene utility initialized and registered","timestamp":"2025-10-18 20:45:14"}
{"existingModule":"Checklists","existingSpecificity":23,"level":"\u001b[33mwarn\u001b[39m","message":"Signal conflict detected: regex:back_to_role_(.+) - Checklists vs Roles -> existing wins","newModule":"Roles","newSpecificity":23,"pattern":"regex:back_to_role_(.+)","resolution":"existing wins","timestamp":"2025-10-18 20:45:14"}
{"existingModule":"Checklists","existingSpecificity":6,"level":"\u001b[33mwarn\u001b[39m","message":"Signal conflict detected: regex:check_(.+) - Checklists vs Quests -> existing wins","newModule":"Quests","newSpecificity":6,"pattern":"regex:check_(.+)","resolution":"existing wins","timestamp":"2025-10-18 20:45:14"}
{"existingModule":"Checklists","existingSpecificity":12,"level":"\u001b[33mwarn\u001b[39m","message":"Signal conflict detected: regex:add_item_to_(.+) - Checklists vs Quests -> existing wins","newModule":"Quests","newSpecificity":12,"pattern":"regex:add_item_to_(.+)","resolution":"existing wins","timestamp":"2025-10-18 20:45:14"}
{"existingModule":"Calendar","existingSpecificity":3,"level":"\u001b[33mwarn\u001b[39m","message":"Signal conflict detected: regex:n_(.+)_(?:--|\\+\\+|\\+|-|0) - Calendar vs Calendar -> existing wins","newModule":"Calendar","newSpecificity":3,"pattern":"regex:n_(.+)_(?:--|\\+\\+|\\+|-|0)","resolution":"existing wins","timestamp":"2025-10-18 20:45:14"}
{"existingModule":"Quests","existingSpecificity":15,"level":"\u001b[33mwarn\u001b[39m","message":"Signal conflict detected: regex:schedule_quest_(.+) - Quests vs Scheduler -> existing wins","newModule":"Scheduler","newSpecificity":15,"pattern":"regex:schedule_quest_(.+)","resolution":"existing wins","timestamp":"2025-10-18 20:45:14"}
{"level":"\u001b[32minfo\u001b[39m","message":"Starting HolonsBot","timestamp":"2025-10-18 20:45:18"}
{"appname":"Holons","level":"\u001b[32minfo\u001b[39m","message":"Starting HolonsBot initialization","timestamp":"2025-10-18 20:45:19"}
{"level":"\u001b[32minfo\u001b[39m","message":"Telegram bot initialized (not yet launched)","timestamp":"2025-10-18 20:45:19"}
{"level":"\u001b[32minfo\u001b[39m","message":"SignalManager initialized","timestamp":"2025-10-18 20:45:19"}
{"appname":"Holons","level":"\u001b[32minfo\u001b[39m","message":"Database initialized","timestamp":"2025-10-18 20:45:19"}
{"existingModule":"Settings","existingSpecificity":22,"level":"\u001b[33mwarn\u001b[39m","message":"Signal conflict detected: string:settings_values_change - Settings vs Settings -> existing wins","newModule":"Settings","newSpecificity":22,"pattern":"string:settings_values_change","resolution":"existing wins","timestamp":"2025-10-18 20:45:19"}
{"existingModule":"Settings","existingSpecificity":23,"level":"\u001b[33mwarn\u001b[39m","message":"Signal conflict detected: string:settings_domains_change - Settings vs Settings -> existing wins","newModule":"Settings","newSpecificity":23,"pattern":"string:settings_domains_change","resolution":"existing wins","timestamp":"2025-10-18 20:45:19"}
{"existingModule":"Settings","existingSpecificity":21,"level":"\u001b[33mwarn\u001b[39m","message":"Signal conflict detected: string:settings_roles_change - Settings vs Settings -> existing wins","newModule":"Settings","newSpecificity":21,"pattern":"string:settings_roles_change","resolution":"existing wins","timestamp":"2025-10-18 20:45:19"}
{"existingModule":"Settings","existingSpecificity":26,"level":"\u001b[33mwarn\u001b[39m","message":"Signal conflict detected: string:settings_currencies_change - Settings vs Settings -> existing wins","newModule":"Settings","newSpecificity":26,"pattern":"string:settings_currencies_change","resolution":"existing wins","timestamp":"2025-10-18 20:45:19"}
{"existingModule":"Settings","existingSpecificity":14,"level":"\u001b[33mwarn\u001b[39m","message":"Signal conflict detected: string:add_federation - Settings vs Settings -> existing wins","newModule":"Settings","newSpecificity":14,"pattern":"string:add_federation","resolution":"existing wins","timestamp":"2025-10-18 20:45:19"}
{"existingModule":"Settings","existingSpecificity":22,"level":"\u001b[33mwarn\u001b[39m","message":"Signal conflict detected: string:settings_values_change - Settings vs Settings -> existing wins","newModule":"Settings","newSpecificity":22,"pattern":"string:settings_values_change","resolution":"existing wins","timestamp":"2025-10-18 20:45:19"}
{"existingModule":"Settings","existingSpecificity":23,"level":"\u001b[33mwarn\u001b[39m","message":"Signal conflict detected: string:settings_domains_change - Settings vs Settings -> existing wins","newModule":"Settings","newSpecificity":23,"pattern":"string:settings_domains_change","resolution":"existing wins","timestamp":"2025-10-18 20:45:19"}
{"existingModule":"Settings","existingSpecificity":21,"level":"\u001b[33mwarn\u001b[39m","message":"Signal conflict detected: string:settings_roles_change - Settings vs Settings -> existing wins","newModule":"Settings","newSpecificity":21,"pattern":"string:settings_roles_change","resolution":"existing wins","timestamp":"2025-10-18 20:45:19"}
{"existingModule":"Settings","existingSpecificity":26,"level":"\u001b[33mwarn\u001b[39m","message":"Signal conflict detected: string:settings_currencies_change - Settings vs Settings -> existing wins","newModule":"Settings","newSpecificity":26,"pattern":"string:settings_currencies_change","resolution":"existing wins","timestamp":"2025-10-18 20:45:19"}
{"existingModule":"Settings","existingSpecificity":12,"level":"\u001b[33mwarn\u001b[39m","message":"Signal conflict detected: string:help_add_hex - Settings vs Settings -> existing wins","newModule":"Settings","newSpecificity":12,"pattern":"string:help_add_hex","resolution":"existing wins","timestamp":"2025-10-18 20:45:19"}
{"level":"\u001b[32minfo\u001b[39m","message":"InputScene utility initialized and registered","timestamp":"2025-10-18 20:45:20"}
{"existingModule":"Checklists","existingSpecificity":23,"level":"\u001b[33mwarn\u001b[39m","message":"Signal conflict detected: regex:back_to_role_(.+) - Checklists vs Roles -> existing wins","newModule":"Roles","newSpecificity":23,"pattern":"regex:back_to_role_(.+)","resolution":"existing wins","timestamp":"2025-10-18 20:45:20"}
{"existingModule":"Checklists","existingSpecificity":6,"level":"\u001b[33mwarn\u001b[39m","message":"Signal conflict detected: regex:check_(.+) - Checklists vs Quests -> existing wins","newModule":"Quests","newSpecificity":6,"pattern":"regex:check_(.+)","resolution":"existing wins","timestamp":"2025-10-18 20:45:20"}
{"existingModule":"Checklists","existingSpecificity":12,"level":"\u001b[33mwarn\u001b[39m","message":"Signal conflict detected: regex:add_item_to_(.+) - Checklists vs Quests -> existing wins","newModule":"Quests","newSpecificity":12,"pattern":"regex:add_item_to_(.+)","resolution":"existing wins","timestamp":"2025-10-18 20:45:20"}
{"existingModule":"Calendar","existingSpecificity":3,"level":"\u001b[33mwarn\u001b[39m","message":"Signal conflict detected: regex:n_(.+)_(?:--|\\+\\+|\\+|-|0) - Calendar vs Calendar -> existing wins","newModule":"Calendar","newSpecificity":3,"pattern":"regex:n_(.+)_(?:--|\\+\\+|\\+|-|0)","resolution":"existing wins","timestamp":"2025-10-18 20:45:20"}
{"existingModule":"Quests","existingSpecificity":15,"level":"\u001b[33mwarn\u001b[39m","message":"Signal conflict detected: regex:schedule_quest_(.+) - Quests vs Scheduler -> existing wins","newModule":"Scheduler","newSpecificity":15,"pattern":"regex:schedule_quest_(.+)","resolution":"existing wins","timestamp":"2025-10-18 20:45:20"}
{"level":"\u001b[32minfo\u001b[39m","message":"Starting HolonsBot","timestamp":"2025-10-18 20:45:44"}
{"appname":"Holons","level":"\u001b[32minfo\u001b[39m","message":"Starting HolonsBot initialization","timestamp":"2025-10-18 20:45:45"}
{"level":"\u001b[32minfo\u001b[39m","message":"Telegram bot initialized (not yet launched)","timestamp":"2025-10-18 20:45:45"}
{"level":"\u001b[32minfo\u001b[39m","message":"SignalManager initialized","timestamp":"2025-10-18 20:45:45"}
{"appname":"Holons","level":"\u001b[32minfo\u001b[39m","message":"Database initialized","timestamp":"2025-10-18 20:45:45"}
{"existingModule":"Settings","existingSpecificity":22,"level":"\u001b[33mwarn\u001b[39m","message":"Signal conflict detected: string:settings_values_change - Settings vs Settings -> existing wins","newModule":"Settings","newSpecificity":22,"pattern":"string:settings_values_change","resolution":"existing wins","timestamp":"2025-10-18 20:45:45"}
{"existingModule":"Settings","existingSpecificity":23,"level":"\u001b[33mwarn\u001b[39m","message":"Signal conflict detected: string:settings_domains_change - Settings vs Settings -> existing wins","newModule":"Settings","newSpecificity":23,"pattern":"string:settings_domains_change","resolution":"existing wins","timestamp":"2025-10-18 20:45:45"}
{"existingModule":"Settings","existingSpecificity":21,"level":"\u001b[33mwarn\u001b[39m","message":"Signal conflict detected: string:settings_roles_change - Settings vs Settings -> existing wins","newModule":"Settings","newSpecificity":21,"pattern":"string:settings_roles_change","resolution":"existing wins","timestamp":"2025-10-18 20:45:45"}
{"existingModule":"Settings","existingSpecificity":26,"level":"\u001b[33mwarn\u001b[39m","message":"Signal conflict detected: string:settings_currencies_change - Settings vs Settings -> existing wins","newModule":"Settings","newSpecificity":26,"pattern":"string:settings_currencies_change","resolution":"existing wins","timestamp":"2025-10-18 20:45:45"}
{"existingModule":"Settings","existingSpecificity":14,"level":"\u001b[33mwarn\u001b[39m","message":"Signal conflict detected: string:add_federation - Settings vs Settings -> existing wins","newModule":"Settings","newSpecificity":14,"pattern":"string:add_federation","resolution":"existing wins","timestamp":"2025-10-18 20:45:45"}
{"level":"\u001b[32minfo\u001b[39m","message":"InputScene utility initialized and registered","timestamp":"2025-10-18 20:45:45"}
{"existingModule":"Checklists","existingSpecificity":23,"level":"\u001b[33mwarn\u001b[39m","message":"Signal conflict detected: regex:back_to_role_(.+) - Checklists vs Roles -> existing wins","newModule":"Roles","newSpecificity":23,"pattern":"regex:back_to_role_(.+)","resolution":"existing wins","timestamp":"2025-10-18 20:45:46"}
{"existingModule":"Checklists","existingSpecificity":6,"level":"\u001b[33mwarn\u001b[39m","message":"Signal conflict detected: regex:check_(.+) - Checklists vs Quests -> existing wins","newModule":"Quests","newSpecificity":6,"pattern":"regex:check_(.+)","resolution":"existing wins","timestamp":"2025-10-18 20:45:46"}
{"existingModule":"Checklists","existingSpecificity":12,"level":"\u001b[33mwarn\u001b[39m","message":"Signal conflict detected: regex:add_item_to_(.+) - Checklists vs Quests -> existing wins","newModule":"Quests","newSpecificity":12,"pattern":"regex:add_item_to_(.+)","resolution":"existing wins","timestamp":"2025-10-18 20:45:46"}
{"existingModule":"Calendar","existingSpecificity":3,"level":"\u001b[33mwarn\u001b[39m","message":"Signal conflict detected: regex:n_(.+)_(?:--|\\+\\+|\\+|-|0) - Calendar vs Calendar -> existing wins","newModule":"Calendar","newSpecificity":3,"pattern":"regex:n_(.+)_(?:--|\\+\\+|\\+|-|0)","resolution":"existing wins","timestamp":"2025-10-18 20:45:46"}
{"existingModule":"Quests","existingSpecificity":15,"level":"\u001b[33mwarn\u001b[39m","message":"Signal conflict detected: regex:schedule_quest_(.+) - Quests vs Scheduler -> existing wins","newModule":"Scheduler","newSpecificity":15,"pattern":"regex:schedule_quest_(.+)","resolution":"existing wins","timestamp":"2025-10-18 20:45:46"}
{"level":"\u001b[32minfo\u001b[39m","message":"Starting HolonsBot","timestamp":"2025-10-18 20:45:51"}
{"appname":"Holons","level":"\u001b[32minfo\u001b[39m","message":"Starting HolonsBot initialization","timestamp":"2025-10-18 20:45:52"}
{"level":"\u001b[32minfo\u001b[39m","message":"Telegram bot initialized (not yet launched)","timestamp":"2025-10-18 20:45:52"}
{"level":"\u001b[32minfo\u001b[39m","message":"SignalManager initialized","timestamp":"2025-10-18 20:45:52"}
{"appname":"Holons","level":"\u001b[32minfo\u001b[39m","message":"Database initialized","timestamp":"2025-10-18 20:45:52"}
{"existingModule":"Settings","existingSpecificity":22,"level":"\u001b[33mwarn\u001b[39m","message":"Signal conflict detected: string:settings_values_change - Settings vs Settings -> existing wins","newModule":"Settings","newSpecificity":22,"pattern":"string:settings_values_change","resolution":"existing wins","timestamp":"2025-10-18 20:45:52"}
{"existingModule":"Settings","existingSpecificity":23,"level":"\u001b[33mwarn\u001b[39m","message":"Signal conflict detected: string:settings_domains_change - Settings vs Settings -> existing wins","newModule":"Settings","newSpecificity":23,"pattern":"string:settings_domains_change","resolution":"existing wins","timestamp":"2025-10-18 20:45:52"}
{"existingModule":"Settings","existingSpecificity":21,"level":"\u001b[33mwarn\u001b[39m","message":"Signal conflict detected: string:settings_roles_change - Settings vs Settings -> existing wins","newModule":"Settings","newSpecificity":21,"pattern":"string:settings_roles_change","resolution":"existing wins","timestamp":"2025-10-18 20:45:52"}
{"existingModule":"Settings","existingSpecificity":26,"level":"\u001b[33mwarn\u001b[39m","message":"Signal conflict detected: string:settings_currencies_change - Settings vs Settings -> existing wins","newModule":"Settings","newSpecificity":26,"pattern":"string:settings_currencies_change","resolution":"existing wins","timestamp":"2025-10-18 20:45:52"}
{"level":"\u001b[32minfo\u001b[39m","message":"InputScene utility initialized and registered","timestamp":"2025-10-18 20:45:52"}
{"existingModule":"Checklists","existingSpecificity":23,"level":"\u001b[33mwarn\u001b[39m","message":"Signal conflict detected: regex:back_to_role_(.+) - Checklists vs Roles -> existing wins","newModule":"Roles","newSpecificity":23,"pattern":"regex:back_to_role_(.+)","resolution":"existing wins","timestamp":"2025-10-18 20:45:52"}
{"existingModule":"Checklists","existingSpecificity":6,"level":"\u001b[33mwarn\u001b[39m","message":"Signal conflict detected: regex:check_(.+) - Checklists vs Quests -> existing wins","newModule":"Quests","newSpecificity":6,"pattern":"regex:check_(.+)","resolution":"existing wins","timestamp":"2025-10-18 20:45:52"}
{"existingModule":"Checklists","existingSpecificity":12,"level":"\u001b[33mwarn\u001b[39m","message":"Signal conflict detected: regex:add_item_to_(.+) - Checklists vs Quests -> existing wins","newModule":"Quests","newSpecificity":12,"pattern":"regex:add_item_to_(.+)","resolution":"existing wins","timestamp":"2025-10-18 20:45:52"}
{"existingModule":"Calendar","existingSpecificity":3,"level":"\u001b[33mwarn\u001b[39m","message":"Signal conflict detected: regex:n_(.+)_(?:--|\\+\\+|\\+|-|0) - Calendar vs Calendar -> existing wins","newModule":"Calendar","newSpecificity":3,"pattern":"regex:n_(.+)_(?:--|\\+\\+|\\+|-|0)","resolution":"existing wins","timestamp":"2025-10-18 20:45:52"}
{"existingModule":"Quests","existingSpecificity":15,"level":"\u001b[33mwarn\u001b[39m","message":"Signal conflict detected: regex:schedule_quest_(.+) - Quests vs Scheduler -> existing wins","newModule":"Scheduler","newSpecificity":15,"pattern":"regex:schedule_quest_(.+)","resolution":"existing wins","timestamp":"2025-10-18 20:45:52"}
{"level":"\u001b[32minfo\u001b[39m","message":"Starting HolonsBot","timestamp":"2025-10-18 20:46:50"}
{"appname":"Holons","level":"\u001b[32minfo\u001b[39m","message":"Starting HolonsBot initialization","timestamp":"2025-10-18 20:46:51"}
{"level":"\u001b[32minfo\u001b[39m","message":"Telegram bot initialized (not yet launched)","timestamp":"2025-10-18 20:46:51"}
{"level":"\u001b[32minfo\u001b[39m","message":"SignalManager initialized","timestamp":"2025-10-18 20:46:51"}
{"appname":"Holons","level":"\u001b[32minfo\u001b[39m","message":"Database initialized","timestamp":"2025-10-18 20:46:51"}
{"existingModule":"Settings","existingSpecificity":22,"level":"\u001b[33mwarn\u001b[39m","message":"Signal conflict detected: string:settings_values_change - Settings vs Settings -> existing wins","newModule":"Settings","newSpecificity":22,"pattern":"string:settings_values_change","resolution":"existing wins","timestamp":"2025-10-18 20:46:51"}
{"existingModule":"Settings","existingSpecificity":23,"level":"\u001b[33mwarn\u001b[39m","message":"Signal conflict detected: string:settings_domains_change - Settings vs Settings -> existing wins","newModule":"Settings","newSpecificity":23,"pattern":"string:settings_domains_change","resolution":"existing wins","timestamp":"2025-10-18 20:46:51"}
{"existingModule":"Settings","existingSpecificity":21,"level":"\u001b[33mwarn\u001b[39m","message":"Signal conflict detected: string:settings_roles_change - Settings vs Settings -> existing wins","newModule":"Settings","newSpecificity":21,"pattern":"string:settings_roles_change","resolution":"existing wins","timestamp":"2025-10-18 20:46:51"}
{"existingModule":"Settings","existingSpecificity":26,"level":"\u001b[33mwarn\u001b[39m","message":"Signal conflict detected: string:settings_currencies_change - Settings vs Settings -> existing wins","newModule":"Settings","newSpecificity":26,"pattern":"string:settings_currencies_change","resolution":"existing wins","timestamp":"2025-10-18 20:46:51"}
{"level":"\u001b[32minfo\u001b[39m","message":"InputScene utility initialized and registered","timestamp":"2025-10-18 20:46:52"}
{"existingModule":"Checklists","existingSpecificity":23,"level":"\u001b[33mwarn\u001b[39m","message":"Signal conflict detected: regex:back_to_role_(.+) - Checklists vs Roles -> existing wins","newModule":"Roles","newSpecificity":23,"pattern":"regex:back_to_role_(.+)","resolution":"existing wins","timestamp":"2025-10-18 20:46:52"}
{"existingModule":"Checklists","existingSpecificity":6,"level":"\u001b[33mwarn\u001b[39m","message":"Signal conflict detected: regex:check_(.+) - Checklists vs Quests -> existing wins","newModule":"Quests","newSpecificity":6,"pattern":"regex:check_(.+)","resolution":"existing wins","timestamp":"2025-10-18 20:46:52"}
{"existingModule":"Checklists","existingSpecificity":12,"level":"\u001b[33mwarn\u001b[39m","message":"Signal conflict detected: regex:add_item_to_(.+) - Checklists vs Quests -> existing wins","newModule":"Quests","newSpecificity":12,"pattern":"regex:add_item_to_(.+)","resolution":"existing wins","timestamp":"2025-10-18 20:46:52"}
{"existingModule":"Quests","existingSpecificity":15,"level":"\u001b[33mwarn\u001b[39m","message":"Signal conflict detected: regex:schedule_quest_(.+) - Quests vs Scheduler -> existing wins","newModule":"Scheduler","newSpecificity":15,"pattern":"regex:schedule_quest_(.+)","resolution":"existing wins","timestamp":"2025-10-18 20:46:52"}
{"level":"\u001b[32minfo\u001b[39m","message":"Starting HolonsBot","timestamp":"2025-10-18 20:47:25"}
{"appname":"Holons","level":"\u001b[32minfo\u001b[39m","message":"Starting HolonsBot initialization","timestamp":"2025-10-18 20:47:26"}
{"level":"\u001b[32minfo\u001b[39m","message":"Telegram bot initialized (not yet launched)","timestamp":"2025-10-18 20:47:26"}
{"level":"\u001b[32minfo\u001b[39m","message":"SignalManager initialized","timestamp":"2025-10-18 20:47:26"}
{"appname":"Holons","level":"\u001b[32minfo\u001b[39m","message":"Database initialized","timestamp":"2025-10-18 20:47:26"}
{"existingModule":"Settings","existingSpecificity":22,"level":"\u001b[33mwarn\u001b[39m","message":"Signal conflict detected: string:settings_values_change - Settings vs Settings -> existing wins","newModule":"Settings","newSpecificity":22,"pattern":"string:settings_values_change","resolution":"existing wins","timestamp":"2025-10-18 20:47:26"}
{"existingModule":"Settings","existingSpecificity":23,"level":"\u001b[33mwarn\u001b[39m","message":"Signal conflict detected: string:settings_domains_change - Settings vs Settings -> existing wins","newModule":"Settings","newSpecificity":23,"pattern":"string:settings_domains_change","resolution":"existing wins","timestamp":"2025-10-18 20:47:26"}
{"existingModule":"Settings","existingSpecificity":21,"level":"\u001b[33mwarn\u001b[39m","message":"Signal conflict detected: string:settings_roles_change - Settings vs Settings -> existing wins","newModule":"Settings","newSpecificity":21,"pattern":"string:settings_roles_change","resolution":"existing wins","timestamp":"2025-10-18 20:47:26"}
{"existingModule":"Settings","existingSpecificity":26,"level":"\u001b[33mwarn\u001b[39m","message":"Signal conflict detected: string:settings_currencies_change - Settings vs Settings -> existing wins","newModule":"Settings","newSpecificity":26,"pattern":"string:settings_currencies_change","resolution":"existing wins","timestamp":"2025-10-18 20:47:26"}
{"level":"\u001b[32minfo\u001b[39m","message":"InputScene utility initialized and registered","timestamp":"2025-10-18 20:47:26"}
{"existingModule":"Checklists","existingSpecificity":6,"level":"\u001b[33mwarn\u001b[39m","message":"Signal conflict detected: regex:check_(.+) - Checklists vs Quests -> existing wins","newModule":"Quests","newSpecificity":6,"pattern":"regex:check_(.+)","resolution":"existing wins","timestamp":"2025-10-18 20:47:26"}
{"existingModule":"Checklists","existingSpecificity":12,"level":"\u001b[33mwarn\u001b[39m","message":"Signal conflict detected: regex:add_item_to_(.+) - Checklists vs Quests -> existing wins","newModule":"Quests","newSpecificity":12,"pattern":"regex:add_item_to_(.+)","resolution":"existing wins","timestamp":"2025-10-18 20:47:26"}
{"existingModule":"Quests","existingSpecificity":15,"level":"\u001b[33mwarn\u001b[39m","message":"Signal conflict detected: regex:schedule_quest_(.+) - Quests vs Scheduler -> existing wins","newModule":"Scheduler","newSpecificity":15,"pattern":"regex:schedule_quest_(.+)","resolution":"existing wins","timestamp":"2025-10-18 20:47:26"}
{"level":"\u001b[32minfo\u001b[39m","message":"Starting HolonsBot","timestamp":"2025-10-18 20:47:55"}
{"appname":"Holons","level":"\u001b[32minfo\u001b[39m","message":"Starting HolonsBot initialization","timestamp":"2025-10-18 20:47:56"}
{"level":"\u001b[32minfo\u001b[39m","message":"Telegram bot initialized (not yet launched)","timestamp":"2025-10-18 20:47:56"}
{"level":"\u001b[32minfo\u001b[39m","message":"SignalManager initialized","timestamp":"2025-10-18 20:47:56"}
{"appname":"Holons","level":"\u001b[32minfo\u001b[39m","message":"Database initialized","timestamp":"2025-10-18 20:47:56"}
{"existingModule":"Settings","existingSpecificity":22,"level":"\u001b[33mwarn\u001b[39m","message":"Signal conflict detected: string:settings_values_change - Settings vs Settings -> existing wins","newModule":"Settings","newSpecificity":22,"pattern":"string:settings_values_change","resolution":"existing wins","timestamp":"2025-10-18 20:47:56"}
{"existingModule":"Settings","existingSpecificity":23,"level":"\u001b[33mwarn\u001b[39m","message":"Signal conflict detected: string:settings_domains_change - Settings vs Settings -> existing wins","newModule":"Settings","newSpecificity":23,"pattern":"string:settings_domains_change","resolution":"existing wins","timestamp":"2025-10-18 20:47:56"}
{"existingModule":"Settings","existingSpecificity":21,"level":"\u001b[33mwarn\u001b[39m","message":"Signal conflict detected: string:settings_roles_change - Settings vs Settings -> existing wins","newModule":"Settings","newSpecificity":21,"pattern":"string:settings_roles_change","resolution":"existing wins","timestamp":"2025-10-18 20:47:56"}
{"existingModule":"Settings","existingSpecificity":26,"level":"\u001b[33mwarn\u001b[39m","message":"Signal conflict detected: string:settings_currencies_change - Settings vs Settings -> existing wins","newModule":"Settings","newSpecificity":26,"pattern":"string:settings_currencies_change","resolution":"existing wins","timestamp":"2025-10-18 20:47:56"}
{"level":"\u001b[32minfo\u001b[39m","message":"InputScene utility initialized and registered","timestamp":"2025-10-18 20:47:57"}
{"existingModule":"Quests","existingSpecificity":15,"level":"\u001b[33mwarn\u001b[39m","message":"Signal conflict detected: regex:schedule_quest_(.+) - Quests vs Scheduler -> existing wins","newModule":"Scheduler","newSpecificity":15,"pattern":"regex:schedule_quest_(.+)","resolution":"existing wins","timestamp":"2025-10-18 20:47:57"}
{"level":"\u001b[32minfo\u001b[39m","message":"Starting HolonsBot","timestamp":"2025-10-18 20:48:14"}
{"appname":"Holons","level":"\u001b[32minfo\u001b[39m","message":"Starting HolonsBot initialization","timestamp":"2025-10-18 20:48:15"}
{"level":"\u001b[32minfo\u001b[39m","message":"Telegram bot initialized (not yet launched)","timestamp":"2025-10-18 20:48:15"}
{"level":"\u001b[32minfo\u001b[39m","message":"SignalManager initialized","timestamp":"2025-10-18 20:48:15"}
{"appname":"Holons","level":"\u001b[32minfo\u001b[39m","message":"Database initialized","timestamp":"2025-10-18 20:48:15"}
{"existingModule":"Settings","existingSpecificity":22,"level":"\u001b[33mwarn\u001b[39m","message":"Signal conflict detected: string:settings_values_change - Settings vs Settings -> existing wins","newModule":"Settings","newSpecificity":22,"pattern":"string:settings_values_change","resolution":"existing wins","timestamp":"2025-10-18 20:48:15"}
{"existingModule":"Settings","existingSpecificity":23,"level":"\u001b[33mwarn\u001b[39m","message":"Signal conflict detected: string:settings_domains_change - Settings vs Settings -> existing wins","newModule":"Settings","newSpecificity":23,"pattern":"string:settings_domains_change","resolution":"existing wins","timestamp":"2025-10-18 20:48:15"}
{"existingModule":"Settings","existingSpecificity":21,"level":"\u001b[33mwarn\u001b[39m","message":"Signal conflict detected: string:settings_roles_change - Settings vs Settings -> existing wins","newModule":"Settings","newSpecificity":21,"pattern":"string:settings_roles_change","resolution":"existing wins","timestamp":"2025-10-18 20:48:15"}
{"existingModule":"Settings","existingSpecificity":26,"level":"\u001b[33mwarn\u001b[39m","message":"Signal conflict detected: string:settings_currencies_change - Settings vs Settings -> existing wins","newModule":"Settings","newSpecificity":26,"pattern":"string:settings_currencies_change","resolution":"existing wins","timestamp":"2025-10-18 20:48:15"}
{"level":"\u001b[32minfo\u001b[39m","message":"InputScene utility initialized and registered","timestamp":"2025-10-18 20:48:16"}
{"existingModule":"Quests","existingSpecificity":15,"level":"\u001b[33mwarn\u001b[39m","message":"Signal conflict detected: regex:schedule_quest_(.+) - Quests vs Scheduler -> existing wins","newModule":"Scheduler","newSpecificity":15,"pattern":"regex:schedule_quest_(.+)","resolution":"existing wins","timestamp":"2025-10-18 20:48:16"}
{"error":"409: Conflict: terminated by other getUpdates request; make sure that only one bot instance is running","level":"\u001b[31merror\u001b[39m","message":"Failed to launch Telegram bot","timestamp":"2025-10-18 20:48:16"}
{"level":"\u001b[32minfo\u001b[39m","message":"Starting HolonsBot","timestamp":"2025-10-18 20:49:22"}
{"appname":"Holons","level":"\u001b[32minfo\u001b[39m","message":"Starting HolonsBot initialization","timestamp":"2025-10-18 20:49:23"}
{"level":"\u001b[32minfo\u001b[39m","message":"Telegram bot initialized (not yet launched)","timestamp":"2025-10-18 20:49:23"}
{"level":"\u001b[32minfo\u001b[39m","message":"SignalManager initialized","timestamp":"2025-10-18 20:49:23"}
{"appname":"Holons","level":"\u001b[32minfo\u001b[39m","message":"Database initialized","timestamp":"2025-10-18 20:49:23"}
{"existingModule":"Settings","existingSpecificity":22,"level":"\u001b[33mwarn\u001b[39m","message":"Signal conflict detected: string:settings_values_change - Settings vs Settings -> existing wins","newModule":"Settings","newSpecificity":22,"pattern":"string:settings_values_change","resolution":"existing wins","timestamp":"2025-10-18 20:49:23"}
{"existingModule":"Settings","existingSpecificity":23,"level":"\u001b[33mwarn\u001b[39m","message":"Signal conflict detected: string:settings_domains_change - Settings vs Settings -> existing wins","newModule":"Settings","newSpecificity":23,"pattern":"string:settings_domains_change","resolution":"existing wins","timestamp":"2025-10-18 20:49:23"}
{"existingModule":"Settings","existingSpecificity":21,"level":"\u001b[33mwarn\u001b[39m","message":"Signal conflict detected: string:settings_roles_change - Settings vs Settings -> existing wins","newModule":"Settings","newSpecificity":21,"pattern":"string:settings_roles_change","resolution":"existing wins","timestamp":"2025-10-18 20:49:23"}
{"existingModule":"Settings","existingSpecificity":26,"level":"\u001b[33mwarn\u001b[39m","message":"Signal conflict detected: string:settings_currencies_change - Settings vs Settings -> existing wins","newModule":"Settings","newSpecificity":26,"pattern":"string:settings_currencies_change","resolution":"existing wins","timestamp":"2025-10-18 20:49:23"}
{"level":"\u001b[32minfo\u001b[39m","message":"InputScene utility initialized and registered","timestamp":"2025-10-18 20:49:24"}
{"existingModule":"Quests","existingSpecificity":15,"level":"\u001b[33mwarn\u001b[39m","message":"Signal conflict detected: regex:schedule_quest_(.+) - Quests vs Scheduler -> existing wins","newModule":"Scheduler","newSpecificity":15,"pattern":"regex:schedule_quest_(.+)","resolution":"existing wins","timestamp":"2025-10-18 20:49:24"}
{"level":"\u001b[32minfo\u001b[39m","message":"Starting HolonsBot","timestamp":"2025-10-18 20:50:59"}
{"appname":"Holons","level":"\u001b[32minfo\u001b[39m","message":"Starting HolonsBot initialization","timestamp":"2025-10-18 20:51:00"}
{"level":"\u001b[32minfo\u001b[39m","message":"Telegram bot initialized (not yet launched)","timestamp":"2025-10-18 20:51:00"}
{"level":"\u001b[32minfo\u001b[39m","message":"SignalManager initialized","timestamp":"2025-10-18 20:51:00"}
{"appname":"Holons","level":"\u001b[32minfo\u001b[39m","message":"Database initialized","timestamp":"2025-10-18 20:51:00"}
{"level":"\u001b[32minfo\u001b[39m","message":"InputScene utility initialized and registered","timestamp":"2025-10-18 20:51:01"}
{"existingModule":"Quests","existingSpecificity":15,"level":"\u001b[33mwarn\u001b[39m","message":"Signal conflict detected: regex:schedule_quest_(.+) - Quests vs Scheduler -> existing wins","newModule":"Scheduler","newSpecificity":15,"pattern":"regex:schedule_quest_(.+)","resolution":"existing wins","timestamp":"2025-10-18 20:51:01"}
{"level":"\u001b[32minfo\u001b[39m","message":"Starting HolonsBot","timestamp":"2025-10-18 20:51:27"}
{"appname":"Holons","level":"\u001b[32minfo\u001b[39m","message":"Starting HolonsBot initialization","timestamp":"2025-10-18 20:51:28"}
{"level":"\u001b[32minfo\u001b[39m","message":"Telegram bot initialized (not yet launched)","timestamp":"2025-10-18 20:51:28"}
{"level":"\u001b[32minfo\u001b[39m","message":"SignalManager initialized","timestamp":"2025-10-18 20:51:28"}
{"appname":"Holons","level":"\u001b[32minfo\u001b[39m","message":"Database initialized","timestamp":"2025-10-18 20:51:28"}
{"level":"\u001b[32minfo\u001b[39m","message":"InputScene utility initialized and registered","timestamp":"2025-10-18 20:51:29"}
{"level":"\u001b[32minfo\u001b[39m","message":"Starting HolonsBot","timestamp":"2025-10-18 20:51:32"}
{"appname":"Holons","level":"\u001b[32minfo\u001b[39m","message":"Starting HolonsBot initialization","timestamp":"2025-10-18 20:51:33"}
{"level":"\u001b[32minfo\u001b[39m","message":"Telegram bot initialized (not yet launched)","timestamp":"2025-10-18 20:51:33"}
{"level":"\u001b[32minfo\u001b[39m","message":"SignalManager initialized","timestamp":"2025-10-18 20:51:33"}
{"appname":"Holons","level":"\u001b[32minfo\u001b[39m","message":"Database initialized","timestamp":"2025-10-18 20:51:33"}
{"level":"\u001b[32minfo\u001b[39m","message":"InputScene utility initialized and registered","timestamp":"2025-10-18 20:51:33"}
{"error":"409: Conflict: terminated by other getUpdates request; make sure that only one bot instance is running","level":"\u001b[31merror\u001b[39m","message":"Failed to launch Telegram bot","timestamp":"2025-10-18 20:51:34"}
{"level":"\u001b[32minfo\u001b[39m","message":"Starting HolonsBot","timestamp":"2025-10-18 20:51:48"}
{"appname":"Holons","level":"\u001b[32minfo\u001b[39m","message":"Starting HolonsBot initialization","timestamp":"2025-10-18 20:51:49"}
{"level":"\u001b[32minfo\u001b[39m","message":"Telegram bot initialized (not yet launched)","timestamp":"2025-10-18 20:51:49"}
{"level":"\u001b[32minfo\u001b[39m","message":"SignalManager initialized","timestamp":"2025-10-18 20:51:49"}
{"appname":"Holons","level":"\u001b[32minfo\u001b[39m","message":"Database initialized","timestamp":"2025-10-18 20:51:49"}
{"level":"\u001b[32minfo\u001b[39m","message":"InputScene utility initialized and registered","timestamp":"2025-10-18 20:51:50"}
{"error":"409: Conflict: terminated by other getUpdates request; make sure that only one bot instance is running","level":"\u001b[31merror\u001b[39m","message":"Failed to launch Telegram bot","timestamp":"2025-10-18 20:51:50"}
{"level":"\u001b[32minfo\u001b[39m","message":"Starting HolonsBot","timestamp":"2025-10-18 20:54:20"}
{"appname":"Holons","level":"\u001b[32minfo\u001b[39m","message":"Starting HolonsBot initialization","timestamp":"2025-10-18 20:54:21"}
{"level":"\u001b[32minfo\u001b[39m","message":"Telegram bot initialized (not yet launched)","timestamp":"2025-10-18 20:54:21"}
{"level":"\u001b[32minfo\u001b[39m","message":"SignalManager initialized","timestamp":"2025-10-18 20:54:21"}
{"appname":"Holons","level":"\u001b[32minfo\u001b[39m","message":"Database initialized","timestamp":"2025-10-18 20:54:21"}
{"level":"\u001b[32minfo\u001b[39m","message":"InputScene utility initialized and registered","timestamp":"2025-10-18 20:54:22"}
{"level":"\u001b[32minfo\u001b[39m","message":"Starting HolonsBot","timestamp":"2025-10-18 20:54:37"}
{"appname":"Holons","level":"\u001b[32minfo\u001b[39m","message":"Starting HolonsBot initialization","timestamp":"2025-10-18 20:54:38"}
{"level":"\u001b[32minfo\u001b[39m","message":"Telegram bot initialized (not yet launched)","timestamp":"2025-10-18 20:54:38"}
{"level":"\u001b[32minfo\u001b[39m","message":"SignalManager initialized","timestamp":"2025-10-18 20:54:38"}
{"appname":"Holons","level":"\u001b[32minfo\u001b[39m","message":"Database initialized","timestamp":"2025-10-18 20:54:38"}
{"level":"\u001b[32minfo\u001b[39m","message":"InputScene utility initialized and registered","timestamp":"2025-10-18 20:54:39"}
{"level":"\u001b[32minfo\u001b[39m","message":"Starting HolonsBot","timestamp":"2025-10-18 20:54:55"}
{"appname":"Holons","level":"\u001b[32minfo\u001b[39m","message":"Starting HolonsBot initialization","timestamp":"2025-10-18 20:54:55"}
{"level":"\u001b[32minfo\u001b[39m","message":"Telegram bot initialized (not yet launched)","timestamp":"2025-10-18 20:54:55"}
{"level":"\u001b[32minfo\u001b[39m","message":"SignalManager initialized","timestamp":"2025-10-18 20:54:55"}
{"appname":"Holons","level":"\u001b[32minfo\u001b[39m","message":"Database initialized","timestamp":"2025-10-18 20:54:55"}
{"level":"\u001b[32minfo\u001b[39m","message":"InputScene utility initialized and registered","timestamp":"2025-10-18 20:54:56"}
{"level":"\u001b[32minfo\u001b[39m","message":"SIGINT received, shutting down gracefully","timestamp":"2025-10-18 21:05:30"}
{"level":"\u001b[32minfo\u001b[39m","message":"Starting HolonsBot","timestamp":"2025-10-18 21:05:31"}
{"appname":"Holons","level":"\u001b[32minfo\u001b[39m","message":"Starting HolonsBot initialization","timestamp":"2025-10-18 21:05:32"}
{"level":"\u001b[32minfo\u001b[39m","message":"Telegram bot initialized (not yet launched)","timestamp":"2025-10-18 21:05:32"}
{"level":"\u001b[32minfo\u001b[39m","message":"SignalManager initialized","timestamp":"2025-10-18 21:05:32"}
{"appname":"Holons","level":"\u001b[32minfo\u001b[39m","message":"Database initialized","timestamp":"2025-10-18 21:05:32"}
{"level":"\u001b[32minfo\u001b[39m","message":"InputScene utility initialized and registered","timestamp":"2025-10-18 21:05:33"}
{"level":"\u001b[32minfo\u001b[39m","message":"Starting HolonsBot","timestamp":"2025-10-18 21:07:04"}
{"appname":"Holons","level":"\u001b[32minfo\u001b[39m","message":"Starting HolonsBot initialization","timestamp":"2025-10-18 21:07:05"}
{"level":"\u001b[32minfo\u001b[39m","message":"Telegram bot initialized (not yet launched)","timestamp":"2025-10-18 21:07:05"}
{"level":"\u001b[32minfo\u001b[39m","message":"SignalManager initialized","timestamp":"2025-10-18 21:07:05"}
{"appname":"Holons","level":"\u001b[32minfo\u001b[39m","message":"Database initialized","timestamp":"2025-10-18 21:07:05"}
{"level":"\u001b[32minfo\u001b[39m","message":"InputScene utility initialized and registered","timestamp":"2025-10-18 21:07:06"}
{"level":"\u001b[32minfo\u001b[39m","message":"Starting HolonsBot","timestamp":"2025-10-18 21:07:19"}
{"appname":"Holons","level":"\u001b[32minfo\u001b[39m","message":"Starting HolonsBot initialization","timestamp":"2025-10-18 21:07:20"}
{"level":"\u001b[32minfo\u001b[39m","message":"Telegram bot initialized (not yet launched)","timestamp":"2025-10-18 21:07:20"}
{"level":"\u001b[32minfo\u001b[39m","message":"SignalManager initialized","timestamp":"2025-10-18 21:07:20"}
{"appname":"Holons","level":"\u001b[32minfo\u001b[39m","message":"Database initialized","timestamp":"2025-10-18 21:07:20"}
{"level":"\u001b[32minfo\u001b[39m","message":"InputScene utility initialized and registered","timestamp":"2025-10-18 21:07:20"}
{"error":"409: Conflict: terminated by other getUpdates request; make sure that only one bot instance is running","level":"\u001b[31merror\u001b[39m","message":"Failed to launch Telegram bot","timestamp":"2025-10-18 21:07:21"}
{"level":"\u001b[32minfo\u001b[39m","message":"Starting HolonsBot","timestamp":"2025-10-18 21:18:06"}
{"appname":"Holons","level":"\u001b[32minfo\u001b[39m","message":"Starting HolonsBot initialization","timestamp":"2025-10-18 21:18:07"}
{"level":"\u001b[32minfo\u001b[39m","message":"Telegram bot initialized (not yet launched)","timestamp":"2025-10-18 21:18:07"}
{"level":"\u001b[32minfo\u001b[39m","message":"SignalManager initialized","timestamp":"2025-10-18 21:18:07"}
{"appname":"Holons","level":"\u001b[32minfo\u001b[39m","message":"Database initialized","timestamp":"2025-10-18 21:18:07"}
{"level":"\u001b[32minfo\u001b[39m","message":"InputScene utility initialized and registered","timestamp":"2025-10-18 21:18:08"}
{"error":"409: Conflict: terminated by other getUpdates request; make sure that only one bot instance is running","level":"\u001b[31merror\u001b[39m","message":"Failed to launch Telegram bot","timestamp":"2025-10-18 21:18:09"}
{"level":"\u001b[32minfo\u001b[39m","message":"Starting HolonsBot","timestamp":"2025-10-23 20:54:40"}
{"appname":"Holons","level":"\u001b[32minfo\u001b[39m","message":"Starting HolonsBot initialization","timestamp":"2025-10-23 20:54:41"}
{"level":"\u001b[32minfo\u001b[39m","message":"Telegram bot initialized (not yet launched)","timestamp":"2025-10-23 20:54:41"}
{"level":"\u001b[32minfo\u001b[39m","message":"SignalManager initialized","timestamp":"2025-10-23 20:54:41"}
{"appname":"Holons","level":"\u001b[32minfo\u001b[39m","message":"Database initialized","timestamp":"2025-10-23 20:54:41"}
{"level":"\u001b[32minfo\u001b[39m","message":"InputScene utility initialized and registered","timestamp":"2025-10-23 20:54:44"}
{"level":"\u001b[32minfo\u001b[39m","message":"Starting HolonsBot","timestamp":"2025-10-23 20:55:17"}
{"appname":"Holons","level":"\u001b[32minfo\u001b[39m","message":"Starting HolonsBot initialization","timestamp":"2025-10-23 20:55:18"}
{"level":"\u001b[32minfo\u001b[39m","message":"Telegram bot initialized (not yet launched)","timestamp":"2025-10-23 20:55:18"}
{"level":"\u001b[32minfo\u001b[39m","message":"SignalManager initialized","timestamp":"2025-10-23 20:55:18"}
{"appname":"Holons","level":"\u001b[32minfo\u001b[39m","message":"Database initialized","timestamp":"2025-10-23 20:55:18"}
{"level":"\u001b[32minfo\u001b[39m","message":"InputScene utility initialized and registered","timestamp":"2025-10-23 20:55:20"}
{"level":"\u001b[32minfo\u001b[39m","message":"Starting HolonsBot","timestamp":"2025-10-26 20:43:32"}
{"appname":"Holons","level":"\u001b[32minfo\u001b[39m","message":"Starting HolonsBot initialization","timestamp":"2025-10-26 20:43:33"}
{"level":"\u001b[32minfo\u001b[39m","message":"Starting HolonsBot","timestamp":"2025-10-30 19:32:42"}
{"appname":"Holons","level":"\u001b[32minfo\u001b[39m","message":"Starting HolonsBot initialization","timestamp":"2025-10-30 19:32:43"}
{"level":"\u001b[32minfo\u001b[39m","message":"Telegram bot initialized (not yet launched)","timestamp":"2025-10-30 19:32:43"}
{"level":"\u001b[32minfo\u001b[39m","message":"SignalManager initialized","timestamp":"2025-10-30 19:32:43"}
{"error":"Config must be an object","level":"\u001b[31merror\u001b[39m","message":"Failed to initialize HolonsBot","stack":"TypeError: Config must be an object\n    at new HoloSphere (file:///Users/roberto/Projects/holosphere2/dist/index-BuQ1_2pR.js:6227:13)\n    at new HoloSphere2 (file:///Users/roberto/Projects/holosphere2/dist/index-BuQ1_2pR.js:27582:5)\n    at new DB (file:///Users/roberto/Projects/HolonsBot/DB.js:9:27)\n    at Object.factory (file:///Users/roberto/Projects/HolonsBot/core/ServiceDefinitions.js:139:18)\n    at ServiceContainer.get (file:///Users/roberto/Projects/HolonsBot/core/ServiceContainer.js:76:48)\n    at async ServiceContainer.initializeAll (file:///Users/roberto/Projects/HolonsBot/core/ServiceContainer.js:122:9)\n    at async HolonsBot.init (file:///Users/roberto/Projects/HolonsBot/core/HolonsBotCore.js:49:7)\n    at async startBot (file:///Users/roberto/Projects/HolonsBot/HolonsBot.js:18:5)","timestamp":"2025-10-30 19:32:43"}
{"level":"\u001b[32minfo\u001b[39m","message":"Starting HolonsBot","timestamp":"2025-10-30 19:36:46"}
{"appname":"Holons","level":"\u001b[32minfo\u001b[39m","message":"Starting HolonsBot initialization","timestamp":"2025-10-30 19:36:47"}
{"level":"\u001b[32minfo\u001b[39m","message":"Telegram bot initialized (not yet launched)","timestamp":"2025-10-30 19:36:47"}
{"level":"\u001b[32minfo\u001b[39m","message":"SignalManager initialized","timestamp":"2025-10-30 19:36:47"}
{"appname":"Holons","level":"\u001b[32minfo\u001b[39m","message":"Database initialized","timestamp":"2025-10-30 19:36:47"}
{"level":"\u001b[32minfo\u001b[39m","message":"InputScene utility initialized and registered","timestamp":"2025-10-30 19:36:49"}
{"level":"\u001b[32minfo\u001b[39m","message":"Starting HolonsBot","timestamp":"2025-10-30 19:36:54"}
{"appname":"Holons","level":"\u001b[32minfo\u001b[39m","message":"Starting HolonsBot initialization","timestamp":"2025-10-30 19:36:55"}
{"level":"\u001b[32minfo\u001b[39m","message":"Telegram bot initialized (not yet launched)","timestamp":"2025-10-30 19:36:55"}
{"level":"\u001b[32minfo\u001b[39m","message":"SignalManager initialized","timestamp":"2025-10-30 19:36:55"}
{"appname":"Holons","level":"\u001b[32minfo\u001b[39m","message":"Database initialized","timestamp":"2025-10-30 19:36:55"}
{"level":"\u001b[32minfo\u001b[39m","message":"InputScene utility initialized and registered","timestamp":"2025-10-30 19:36:55"}
{"level":"\u001b[32minfo\u001b[39m","message":"SIGINT received, shutting down gracefully","timestamp":"2025-10-30 19:39:03"}
{"level":"\u001b[32minfo\u001b[39m","message":"Starting HolonsBot","timestamp":"2025-10-30 19:39:04"}
{"appname":"Holons","level":"\u001b[32minfo\u001b[39m","message":"Starting HolonsBot initialization","timestamp":"2025-10-30 19:39:05"}
{"level":"\u001b[32minfo\u001b[39m","message":"Telegram bot initialized (not yet launched)","timestamp":"2025-10-30 19:39:05"}
{"level":"\u001b[32minfo\u001b[39m","message":"SignalManager initialized","timestamp":"2025-10-30 19:39:05"}
{"appname":"Holons","level":"\u001b[32minfo\u001b[39m","message":"Database initialized","timestamp":"2025-10-30 19:39:05"}
{"level":"\u001b[32minfo\u001b[39m","message":"InputScene utility initialized and registered","timestamp":"2025-10-30 19:39:06"}
{"level":"\u001b[32minfo\u001b[39m","message":"Starting HolonsBot","timestamp":"2025-10-31 09:03:10"}
{"appname":"Holons","level":"\u001b[32minfo\u001b[39m","message":"Starting HolonsBot initialization","timestamp":"2025-10-31 09:03:11"}
{"level":"\u001b[32minfo\u001b[39m","message":"Telegram bot initialized (not yet launched)","timestamp":"2025-10-31 09:03:11"}
{"level":"\u001b[32minfo\u001b[39m","message":"SignalManager initialized","timestamp":"2025-10-31 09:03:11"}
{"appname":"Holons","level":"\u001b[32minfo\u001b[39m","message":"Database initialized","timestamp":"2025-10-31 09:03:11"}
{"level":"\u001b[32minfo\u001b[39m","message":"InputScene utility initialized and registered","timestamp":"2025-10-31 09:03:12"}
{"level":"\u001b[32minfo\u001b[39m","message":"Starting HolonsBot","timestamp":"2025-10-31 09:03:22"}
{"appname":"Holons","level":"\u001b[32minfo\u001b[39m","message":"Starting HolonsBot initialization","timestamp":"2025-10-31 09:03:23"}
{"level":"\u001b[32minfo\u001b[39m","message":"Telegram bot initialized (not yet launched)","timestamp":"2025-10-31 09:03:23"}
{"level":"\u001b[32minfo\u001b[39m","message":"SignalManager initialized","timestamp":"2025-10-31 09:03:23"}
{"appname":"Holons","level":"\u001b[32minfo\u001b[39m","message":"Database initialized","timestamp":"2025-10-31 09:03:23"}
{"level":"\u001b[32minfo\u001b[39m","message":"InputScene utility initialized and registered","timestamp":"2025-10-31 09:03:23"}
{"level":"\u001b[32minfo\u001b[39m","message":"Starting HolonsBot","timestamp":"2025-10-31 09:03:29"}
{"appname":"Holons","level":"\u001b[32minfo\u001b[39m","message":"Starting HolonsBot initialization","timestamp":"2025-10-31 09:03:29"}
{"level":"\u001b[32minfo\u001b[39m","message":"Telegram bot initialized (not yet launched)","timestamp":"2025-10-31 09:03:29"}
{"level":"\u001b[32minfo\u001b[39m","message":"SignalManager initialized","timestamp":"2025-10-31 09:03:29"}
{"appname":"Holons","level":"\u001b[32minfo\u001b[39m","message":"Database initialized","timestamp":"2025-10-31 09:03:30"}
{"level":"\u001b[32minfo\u001b[39m","message":"InputScene utility initialized and registered","timestamp":"2025-10-31 09:03:30"}
{"level":"\u001b[32minfo\u001b[39m","message":"Starting HolonsBot","timestamp":"2025-10-31 09:05:00"}
{"appname":"Holons","level":"\u001b[32minfo\u001b[39m","message":"Starting HolonsBot initialization","timestamp":"2025-10-31 09:05:01"}
{"level":"\u001b[32minfo\u001b[39m","message":"Telegram bot initialized (not yet launched)","timestamp":"2025-10-31 09:05:01"}
{"level":"\u001b[32minfo\u001b[39m","message":"SignalManager initialized","timestamp":"2025-10-31 09:05:01"}
{"appname":"Holons","level":"\u001b[32minfo\u001b[39m","message":"Database initialized","timestamp":"2025-10-31 09:05:01"}
{"level":"\u001b[32minfo\u001b[39m","message":"InputScene utility initialized and registered","timestamp":"2025-10-31 09:05:02"}
{"level":"\u001b[32minfo\u001b[39m","message":"Starting HolonsBot","timestamp":"2025-10-31 09:05:46"}
{"appname":"Holons","level":"\u001b[32minfo\u001b[39m","message":"Starting HolonsBot initialization","timestamp":"2025-10-31 09:05:47"}
{"level":"\u001b[32minfo\u001b[39m","message":"Telegram bot initialized (not yet launched)","timestamp":"2025-10-31 09:05:47"}
{"level":"\u001b[32minfo\u001b[39m","message":"SignalManager initialized","timestamp":"2025-10-31 09:05:47"}
{"appname":"Holons","level":"\u001b[32minfo\u001b[39m","message":"Database initialized","timestamp":"2025-10-31 09:05:47"}
{"level":"\u001b[32minfo\u001b[39m","message":"InputScene utility initialized and registered","timestamp":"2025-10-31 09:05:47"}
{"level":"\u001b[32minfo\u001b[39m","message":"Starting HolonsBot","timestamp":"2025-11-01 17:45:54"}
{"appname":"Holons","level":"\u001b[32minfo\u001b[39m","message":"Starting HolonsBot initialization","timestamp":"2025-11-01 17:45:55"}
{"level":"\u001b[32minfo\u001b[39m","message":"Telegram bot initialized (not yet launched)","timestamp":"2025-11-01 17:45:55"}
{"level":"\u001b[32minfo\u001b[39m","message":"SignalManager initialized","timestamp":"2025-11-01 17:45:55"}
{"appname":"Holons","level":"\u001b[32minfo\u001b[39m","message":"Database initialized","timestamp":"2025-11-01 17:45:55"}
{"level":"\u001b[32minfo\u001b[39m","message":"InputScene utility initialized and registered","timestamp":"2025-11-01 17:45:57"}
{"level":"\u001b[32minfo\u001b[39m","message":"SIGINT received, shutting down gracefully","timestamp":"2025-11-01 17:47:03"}
{"level":"\u001b[32minfo\u001b[39m","message":"Starting HolonsBot","timestamp":"2025-11-01 17:47:04"}
{"appname":"Holons","level":"\u001b[32minfo\u001b[39m","message":"Starting HolonsBot initialization","timestamp":"2025-11-01 17:47:05"}
{"level":"\u001b[32minfo\u001b[39m","message":"Telegram bot initialized (not yet launched)","timestamp":"2025-11-01 17:47:05"}
{"level":"\u001b[32minfo\u001b[39m","message":"SignalManager initialized","timestamp":"2025-11-01 17:47:05"}
{"appname":"Holons","level":"\u001b[32minfo\u001b[39m","message":"Database initialized","timestamp":"2025-11-01 17:47:05"}
{"level":"\u001b[32minfo\u001b[39m","message":"InputScene utility initialized and registered","timestamp":"2025-11-01 17:47:06"}
{"level":"\u001b[32minfo\u001b[39m","message":"SIGINT received, shutting down gracefully","timestamp":"2025-11-01 17:47:43"}
{"level":"\u001b[32minfo\u001b[39m","message":"Starting HolonsBot","timestamp":"2025-11-01 17:50:19"}
{"appname":"Holons","level":"\u001b[32minfo\u001b[39m","message":"Starting HolonsBot initialization","timestamp":"2025-11-01 17:50:19"}
{"level":"\u001b[32minfo\u001b[39m","message":"Telegram bot initialized (not yet launched)","timestamp":"2025-11-01 17:50:19"}
{"level":"\u001b[32minfo\u001b[39m","message":"SignalManager initialized","timestamp":"2025-11-01 17:50:19"}
{"appname":"Holons","level":"\u001b[32minfo\u001b[39m","message":"Database initialized","timestamp":"2025-11-01 17:50:19"}
{"level":"\u001b[32minfo\u001b[39m","message":"InputScene utility initialized and registered","timestamp":"2025-11-01 17:50:20"}
{"level":"\u001b[32minfo\u001b[39m","message":"Starting HolonsBot","timestamp":"2025-11-01 17:55:32"}
{"appname":"Holons","level":"\u001b[32minfo\u001b[39m","message":"Starting HolonsBot initialization","timestamp":"2025-11-01 17:55:33"}
{"level":"\u001b[32minfo\u001b[39m","message":"Telegram bot initialized (not yet launched)","timestamp":"2025-11-01 17:55:33"}
{"level":"\u001b[32minfo\u001b[39m","message":"SignalManager initialized","timestamp":"2025-11-01 17:55:33"}
{"appname":"Holons","level":"\u001b[32minfo\u001b[39m","message":"Database initialized","timestamp":"2025-11-01 17:55:33"}
{"level":"\u001b[32minfo\u001b[39m","message":"InputScene utility initialized and registered","timestamp":"2025-11-01 17:55:33"}
{"level":"\u001b[32minfo\u001b[39m","message":"Starting HolonsBot","timestamp":"2025-11-01 17:55:39"}
{"appname":"Holons","level":"\u001b[32minfo\u001b[39m","message":"Starting HolonsBot initialization","timestamp":"2025-11-01 17:55:39"}
{"level":"\u001b[32minfo\u001b[39m","message":"Telegram bot initialized (not yet launched)","timestamp":"2025-11-01 17:55:39"}
{"level":"\u001b[32minfo\u001b[39m","message":"SignalManager initialized","timestamp":"2025-11-01 17:55:39"}
{"appname":"Holons","level":"\u001b[32minfo\u001b[39m","message":"Database initialized","timestamp":"2025-11-01 17:55:40"}
{"level":"\u001b[32minfo\u001b[39m","message":"InputScene utility initialized and registered","timestamp":"2025-11-01 17:55:40"}
{"level":"\u001b[32minfo\u001b[39m","message":"Starting HolonsBot","timestamp":"2025-11-01 17:55:46"}
{"appname":"Holons","level":"\u001b[32minfo\u001b[39m","message":"Starting HolonsBot initialization","timestamp":"2025-11-01 17:55:46"}
{"level":"\u001b[32minfo\u001b[39m","message":"Telegram bot initialized (not yet launched)","timestamp":"2025-11-01 17:55:46"}
{"level":"\u001b[32minfo\u001b[39m","message":"SignalManager initialized","timestamp":"2025-11-01 17:55:46"}
{"appname":"Holons","level":"\u001b[32minfo\u001b[39m","message":"Database initialized","timestamp":"2025-11-01 17:55:46"}
{"level":"\u001b[32minfo\u001b[39m","message":"InputScene utility initialized and registered","timestamp":"2025-11-01 17:55:47"}
{"level":"\u001b[32minfo\u001b[39m","message":"SIGINT received, shutting down gracefully","timestamp":"2025-11-01 17:56:33"}
{"level":"\u001b[32minfo\u001b[39m","message":"Starting HolonsBot","timestamp":"2025-11-01 17:56:34"}
{"appname":"Holons","level":"\u001b[32minfo\u001b[39m","message":"Starting HolonsBot initialization","timestamp":"2025-11-01 17:56:34"}
{"level":"\u001b[32minfo\u001b[39m","message":"Telegram bot initialized (not yet launched)","timestamp":"2025-11-01 17:56:34"}
{"level":"\u001b[32minfo\u001b[39m","message":"SignalManager initialized","timestamp":"2025-11-01 17:56:34"}
{"appname":"Holons","level":"\u001b[32minfo\u001b[39m","message":"Database initialized","timestamp":"2025-11-01 17:56:34"}
{"level":"\u001b[32minfo\u001b[39m","message":"InputScene utility initialized and registered","timestamp":"2025-11-01 17:56:35"}
{"level":"\u001b[32minfo\u001b[39m","message":"Starting HolonsBot","timestamp":"2025-11-01 17:58:15"}
{"appname":"Holons","level":"\u001b[32minfo\u001b[39m","message":"Starting HolonsBot initialization","timestamp":"2025-11-01 17:58:16"}
{"level":"\u001b[32minfo\u001b[39m","message":"Telegram bot initialized (not yet launched)","timestamp":"2025-11-01 17:58:16"}
{"level":"\u001b[32minfo\u001b[39m","message":"SignalManager initialized","timestamp":"2025-11-01 17:58:16"}
{"appname":"Holons","level":"\u001b[32minfo\u001b[39m","message":"Database initialized","timestamp":"2025-11-01 17:58:16"}
{"level":"\u001b[32minfo\u001b[39m","message":"InputScene utility initialized and registered","timestamp":"2025-11-01 17:58:16"}
{"level":"\u001b[32minfo\u001b[39m","message":"Starting HolonsBot","timestamp":"2025-11-01 17:58:27"}
{"appname":"Holons","level":"\u001b[32minfo\u001b[39m","message":"Starting HolonsBot initialization","timestamp":"2025-11-01 17:58:28"}
{"level":"\u001b[32minfo\u001b[39m","message":"Telegram bot initialized (not yet launched)","timestamp":"2025-11-01 17:58:28"}
{"level":"\u001b[32minfo\u001b[39m","message":"SignalManager initialized","timestamp":"2025-11-01 17:58:28"}
{"appname":"Holons","level":"\u001b[32minfo\u001b[39m","message":"Database initialized","timestamp":"2025-11-01 17:58:28"}
{"level":"\u001b[32minfo\u001b[39m","message":"InputScene utility initialized and registered","timestamp":"2025-11-01 17:58:28"}
{"level":"\u001b[32minfo\u001b[39m","message":"Starting HolonsBot","timestamp":"2025-11-01 17:58:36"}
{"appname":"Holons","level":"\u001b[32minfo\u001b[39m","message":"Starting HolonsBot initialization","timestamp":"2025-11-01 17:58:37"}
{"level":"\u001b[32minfo\u001b[39m","message":"Telegram bot initialized (not yet launched)","timestamp":"2025-11-01 17:58:37"}
{"level":"\u001b[32minfo\u001b[39m","message":"SignalManager initialized","timestamp":"2025-11-01 17:58:37"}
{"appname":"Holons","level":"\u001b[32minfo\u001b[39m","message":"Database initialized","timestamp":"2025-11-01 17:58:37"}
{"level":"\u001b[32minfo\u001b[39m","message":"InputScene utility initialized and registered","timestamp":"2025-11-01 17:58:37"}
{"level":"\u001b[32minfo\u001b[39m","message":"Starting HolonsBot","timestamp":"2025-11-01 17:58:43"}
{"appname":"Holons","level":"\u001b[32minfo\u001b[39m","message":"Starting HolonsBot initialization","timestamp":"2025-11-01 17:58:44"}
{"level":"\u001b[32minfo\u001b[39m","message":"Telegram bot initialized (not yet launched)","timestamp":"2025-11-01 17:58:44"}
{"level":"\u001b[32minfo\u001b[39m","message":"SignalManager initialized","timestamp":"2025-11-01 17:58:44"}
{"appname":"Holons","level":"\u001b[32minfo\u001b[39m","message":"Database initialized","timestamp":"2025-11-01 17:58:44"}
{"level":"\u001b[32minfo\u001b[39m","message":"InputScene utility initialized and registered","timestamp":"2025-11-01 17:58:44"}
{"level":"\u001b[32minfo\u001b[39m","message":"SIGINT received, shutting down gracefully","timestamp":"2025-11-01 17:59:38"}
{"level":"\u001b[32minfo\u001b[39m","message":"Starting HolonsBot","timestamp":"2025-11-01 17:59:39"}
{"appname":"Holons","level":"\u001b[32minfo\u001b[39m","message":"Starting HolonsBot initialization","timestamp":"2025-11-01 17:59:39"}
{"level":"\u001b[32minfo\u001b[39m","message":"Telegram bot initialized (not yet launched)","timestamp":"2025-11-01 17:59:39"}
{"level":"\u001b[32minfo\u001b[39m","message":"SignalManager initialized","timestamp":"2025-11-01 17:59:39"}
{"appname":"Holons","level":"\u001b[32minfo\u001b[39m","message":"Database initialized","timestamp":"2025-11-01 17:59:39"}
{"level":"\u001b[32minfo\u001b[39m","message":"InputScene utility initialized and registered","timestamp":"2025-11-01 17:59:40"}
{"level":"\u001b[32minfo\u001b[39m","message":"SIGINT received, shutting down gracefully","timestamp":"2025-11-01 18:00:28"}
{"level":"\u001b[32minfo\u001b[39m","message":"Starting HolonsBot","timestamp":"2025-11-01 18:00:29"}
{"appname":"Holons","level":"\u001b[32minfo\u001b[39m","message":"Starting HolonsBot initialization","timestamp":"2025-11-01 18:00:30"}
{"level":"\u001b[32minfo\u001b[39m","message":"Telegram bot initialized (not yet launched)","timestamp":"2025-11-01 18:00:30"}
{"level":"\u001b[32minfo\u001b[39m","message":"SignalManager initialized","timestamp":"2025-11-01 18:00:30"}
{"appname":"Holons","level":"\u001b[32minfo\u001b[39m","message":"Database initialized","timestamp":"2025-11-01 18:00:30"}
{"level":"\u001b[32minfo\u001b[39m","message":"InputScene utility initialized and registered","timestamp":"2025-11-01 18:00:30"}
{"level":"\u001b[32minfo\u001b[39m","message":"Starting HolonsBot","timestamp":"2025-11-01 18:01:37"}
{"appname":"Holons","level":"\u001b[32minfo\u001b[39m","message":"Starting HolonsBot initialization","timestamp":"2025-11-01 18:01:38"}
{"level":"\u001b[32minfo\u001b[39m","message":"Telegram bot initialized (not yet launched)","timestamp":"2025-11-01 18:01:38"}
{"level":"\u001b[32minfo\u001b[39m","message":"SignalManager initialized","timestamp":"2025-11-01 18:01:38"}
{"appname":"Holons","level":"\u001b[32minfo\u001b[39m","message":"Database initialized","timestamp":"2025-11-01 18:01:38"}
{"level":"\u001b[32minfo\u001b[39m","message":"InputScene utility initialized and registered","timestamp":"2025-11-01 18:01:38"}
{"level":"\u001b[32minfo\u001b[39m","message":"Starting HolonsBot","timestamp":"2025-11-01 18:02:13"}
{"appname":"Holons","level":"\u001b[32minfo\u001b[39m","message":"Starting HolonsBot initialization","timestamp":"2025-11-01 18:02:14"}
{"level":"\u001b[32minfo\u001b[39m","message":"Telegram bot initialized (not yet launched)","timestamp":"2025-11-01 18:02:14"}
{"level":"\u001b[32minfo\u001b[39m","message":"SignalManager initialized","timestamp":"2025-11-01 18:02:14"}
{"appname":"Holons","level":"\u001b[32minfo\u001b[39m","message":"Database initialized","timestamp":"2025-11-01 18:02:14"}
{"level":"\u001b[32minfo\u001b[39m","message":"InputScene utility initialized and registered","timestamp":"2025-11-01 18:02:15"}
{"level":"\u001b[32minfo\u001b[39m","message":"Starting HolonsBot","timestamp":"2025-11-01 18:02:19"}
{"appname":"Holons","level":"\u001b[32minfo\u001b[39m","message":"Starting HolonsBot initialization","timestamp":"2025-11-01 18:02:19"}
{"level":"\u001b[32minfo\u001b[39m","message":"Telegram bot initialized (not yet launched)","timestamp":"2025-11-01 18:02:19"}
{"level":"\u001b[32minfo\u001b[39m","message":"SignalManager initialized","timestamp":"2025-11-01 18:02:19"}
{"appname":"Holons","level":"\u001b[32minfo\u001b[39m","message":"Database initialized","timestamp":"2025-11-01 18:02:19"}
{"level":"\u001b[32minfo\u001b[39m","message":"InputScene utility initialized and registered","timestamp":"2025-11-01 18:02:20"}
{"level":"\u001b[32minfo\u001b[39m","message":"Starting HolonsBot","timestamp":"2025-11-01 18:02:26"}
{"appname":"Holons","level":"\u001b[32minfo\u001b[39m","message":"Starting HolonsBot initialization","timestamp":"2025-11-01 18:02:27"}
{"level":"\u001b[32minfo\u001b[39m","message":"Telegram bot initialized (not yet launched)","timestamp":"2025-11-01 18:02:27"}
{"level":"\u001b[32minfo\u001b[39m","message":"SignalManager initialized","timestamp":"2025-11-01 18:02:27"}
{"appname":"Holons","level":"\u001b[32minfo\u001b[39m","message":"Database initialized","timestamp":"2025-11-01 18:02:27"}
{"level":"\u001b[32minfo\u001b[39m","message":"InputScene utility initialized and registered","timestamp":"2025-11-01 18:02:27"}
{"level":"\u001b[32minfo\u001b[39m","message":"Starting HolonsBot","timestamp":"2025-11-01 18:02:35"}
{"appname":"Holons","level":"\u001b[32minfo\u001b[39m","message":"Starting HolonsBot initialization","timestamp":"2025-11-01 18:02:36"}
{"level":"\u001b[32minfo\u001b[39m","message":"Telegram bot initialized (not yet launched)","timestamp":"2025-11-01 18:02:36"}
{"level":"\u001b[32minfo\u001b[39m","message":"SignalManager initialized","timestamp":"2025-11-01 18:02:36"}
{"appname":"Holons","level":"\u001b[32minfo\u001b[39m","message":"Database initialized","timestamp":"2025-11-01 18:02:36"}
{"level":"\u001b[32minfo\u001b[39m","message":"InputScene utility initialized and registered","timestamp":"2025-11-01 18:02:37"}
{"level":"\u001b[32minfo\u001b[39m","message":"Starting HolonsBot","timestamp":"2025-11-01 18:02:41"}
{"appname":"Holons","level":"\u001b[32minfo\u001b[39m","message":"Starting HolonsBot initialization","timestamp":"2025-11-01 18:02:42"}
{"level":"\u001b[32minfo\u001b[39m","message":"Telegram bot initialized (not yet launched)","timestamp":"2025-11-01 18:02:42"}
{"level":"\u001b[32minfo\u001b[39m","message":"SignalManager initialized","timestamp":"2025-11-01 18:02:42"}
{"appname":"Holons","level":"\u001b[32minfo\u001b[39m","message":"Database initialized","timestamp":"2025-11-01 18:02:42"}
{"level":"\u001b[32minfo\u001b[39m","message":"InputScene utility initialized and registered","timestamp":"2025-11-01 18:02:42"}
{"level":"\u001b[32minfo\u001b[39m","message":"Starting HolonsBot","timestamp":"2025-11-01 18:03:06"}
{"appname":"Holons","level":"\u001b[32minfo\u001b[39m","message":"Starting HolonsBot initialization","timestamp":"2025-11-01 18:03:07"}
{"level":"\u001b[32minfo\u001b[39m","message":"Telegram bot initialized (not yet launched)","timestamp":"2025-11-01 18:03:07"}
{"level":"\u001b[32minfo\u001b[39m","message":"SignalManager initialized","timestamp":"2025-11-01 18:03:07"}
{"appname":"Holons","level":"\u001b[32minfo\u001b[39m","message":"Database initialized","timestamp":"2025-11-01 18:03:07"}
{"level":"\u001b[32minfo\u001b[39m","message":"InputScene utility initialized and registered","timestamp":"2025-11-01 18:03:08"}
{"level":"\u001b[32minfo\u001b[39m","message":"Starting HolonsBot","timestamp":"2025-11-01 18:03:28"}
{"appname":"Holons","level":"\u001b[32minfo\u001b[39m","message":"Starting HolonsBot initialization","timestamp":"2025-11-01 18:03:28"}
{"level":"\u001b[32minfo\u001b[39m","message":"Telegram bot initialized (not yet launched)","timestamp":"2025-11-01 18:03:28"}
{"level":"\u001b[32minfo\u001b[39m","message":"SignalManager initialized","timestamp":"2025-11-01 18:03:28"}
{"appname":"Holons","level":"\u001b[32minfo\u001b[39m","message":"Database initialized","timestamp":"2025-11-01 18:03:28"}
{"level":"\u001b[32minfo\u001b[39m","message":"InputScene utility initialized and registered","timestamp":"2025-11-01 18:03:29"}
{"level":"\u001b[32minfo\u001b[39m","message":"Starting HolonsBot","timestamp":"2025-11-01 18:04:06"}
{"appname":"Holons","level":"\u001b[32minfo\u001b[39m","message":"Starting HolonsBot initialization","timestamp":"2025-11-01 18:04:07"}
{"level":"\u001b[32minfo\u001b[39m","message":"Telegram bot initialized (not yet launched)","timestamp":"2025-11-01 18:04:07"}
{"level":"\u001b[32minfo\u001b[39m","message":"SignalManager initialized","timestamp":"2025-11-01 18:04:07"}
{"appname":"Holons","level":"\u001b[32minfo\u001b[39m","message":"Database initialized","timestamp":"2025-11-01 18:04:07"}
{"level":"\u001b[32minfo\u001b[39m","message":"InputScene utility initialized and registered","timestamp":"2025-11-01 18:04:08"}
{"level":"\u001b[32minfo\u001b[39m","message":"SIGINT received, shutting down gracefully","timestamp":"2025-11-01 18:05:21"}
{"level":"\u001b[32minfo\u001b[39m","message":"Starting HolonsBot","timestamp":"2025-11-01 18:05:22"}
{"appname":"Holons","level":"\u001b[32minfo\u001b[39m","message":"Starting HolonsBot initialization","timestamp":"2025-11-01 18:05:23"}
{"level":"\u001b[32minfo\u001b[39m","message":"Telegram bot initialized (not yet launched)","timestamp":"2025-11-01 18:05:23"}
{"level":"\u001b[32minfo\u001b[39m","message":"SignalManager initialized","timestamp":"2025-11-01 18:05:23"}
{"appname":"Holons","level":"\u001b[32minfo\u001b[39m","message":"Database initialized","timestamp":"2025-11-01 18:05:23"}
{"level":"\u001b[32minfo\u001b[39m","message":"InputScene utility initialized and registered","timestamp":"2025-11-01 18:05:23"}
{"level":"\u001b[32minfo\u001b[39m","message":"SIGINT received, shutting down gracefully","timestamp":"2025-11-01 18:05:54"}
{"level":"\u001b[32minfo\u001b[39m","message":"Starting HolonsBot","timestamp":"2025-11-01 18:05:56"}
{"appname":"Holons","level":"\u001b[32minfo\u001b[39m","message":"Starting HolonsBot initialization","timestamp":"2025-11-01 18:05:56"}
{"level":"\u001b[32minfo\u001b[39m","message":"Telegram bot initialized (not yet launched)","timestamp":"2025-11-01 18:05:56"}
{"level":"\u001b[32minfo\u001b[39m","message":"SignalManager initialized","timestamp":"2025-11-01 18:05:56"}
{"appname":"Holons","level":"\u001b[32minfo\u001b[39m","message":"Database initialized","timestamp":"2025-11-01 18:05:56"}
{"level":"\u001b[32minfo\u001b[39m","message":"InputScene utility initialized and registered","timestamp":"2025-11-01 18:05:57"}
{"level":"\u001b[32minfo\u001b[39m","message":"SIGINT received, shutting down gracefully","timestamp":"2025-11-01 18:07:15"}
{"level":"\u001b[32minfo\u001b[39m","message":"Starting HolonsBot","timestamp":"2025-11-01 18:10:22"}
{"appname":"Holons","level":"\u001b[32minfo\u001b[39m","message":"Starting HolonsBot initialization","timestamp":"2025-11-01 18:10:23"}
{"level":"\u001b[32minfo\u001b[39m","message":"Telegram bot initialized (not yet launched)","timestamp":"2025-11-01 18:10:23"}
{"level":"\u001b[32minfo\u001b[39m","message":"SignalManager initialized","timestamp":"2025-11-01 18:10:23"}
{"appname":"Holons","level":"\u001b[32minfo\u001b[39m","message":"Database initialized","timestamp":"2025-11-01 18:10:23"}
{"level":"\u001b[32minfo\u001b[39m","message":"InputScene utility initialized and registered","timestamp":"2025-11-01 18:10:23"}
{"level":"\u001b[32minfo\u001b[39m","message":"Starting HolonsBot","timestamp":"2025-11-01 18:12:50"}
{"appname":"Holons","level":"\u001b[32minfo\u001b[39m","message":"Starting HolonsBot initialization","timestamp":"2025-11-01 18:12:51"}
{"level":"\u001b[32minfo\u001b[39m","message":"Telegram bot initialized (not yet launched)","timestamp":"2025-11-01 18:12:51"}
{"level":"\u001b[32minfo\u001b[39m","message":"SignalManager initialized","timestamp":"2025-11-01 18:12:51"}
{"appname":"Holons","level":"\u001b[32minfo\u001b[39m","message":"Database initialized","timestamp":"2025-11-01 18:12:51"}
{"level":"\u001b[32minfo\u001b[39m","message":"InputScene utility initialized and registered","timestamp":"2025-11-01 18:12:52"}
{"level":"\u001b[32minfo\u001b[39m","message":"Starting HolonsBot","timestamp":"2025-11-01 18:13:02"}
{"appname":"Holons","level":"\u001b[32minfo\u001b[39m","message":"Starting HolonsBot initialization","timestamp":"2025-11-01 18:13:02"}
{"level":"\u001b[32minfo\u001b[39m","message":"Telegram bot initialized (not yet launched)","timestamp":"2025-11-01 18:13:02"}
{"level":"\u001b[32minfo\u001b[39m","message":"SignalManager initialized","timestamp":"2025-11-01 18:13:02"}
{"appname":"Holons","level":"\u001b[32minfo\u001b[39m","message":"Database initialized","timestamp":"2025-11-01 18:13:02"}
{"level":"\u001b[32minfo\u001b[39m","message":"InputScene utility initialized and registered","timestamp":"2025-11-01 18:13:03"}
{"level":"\u001b[32minfo\u001b[39m","message":"Starting HolonsBot","timestamp":"2025-11-01 18:13:20"}
{"appname":"Holons","level":"\u001b[32minfo\u001b[39m","message":"Starting HolonsBot initialization","timestamp":"2025-11-01 18:13:21"}
{"level":"\u001b[32minfo\u001b[39m","message":"Telegram bot initialized (not yet launched)","timestamp":"2025-11-01 18:13:21"}
{"level":"\u001b[32minfo\u001b[39m","message":"SignalManager initialized","timestamp":"2025-11-01 18:13:21"}
{"appname":"Holons","level":"\u001b[32minfo\u001b[39m","message":"Database initialized","timestamp":"2025-11-01 18:13:21"}
{"level":"\u001b[32minfo\u001b[39m","message":"InputScene utility initialized and registered","timestamp":"2025-11-01 18:13:21"}
{"level":"\u001b[32minfo\u001b[39m","message":"Starting HolonsBot","timestamp":"2025-11-01 18:13:37"}
{"appname":"Holons","level":"\u001b[32minfo\u001b[39m","message":"Starting HolonsBot initialization","timestamp":"2025-11-01 18:13:38"}
{"level":"\u001b[32minfo\u001b[39m","message":"Telegram bot initialized (not yet launched)","timestamp":"2025-11-01 18:13:38"}
{"level":"\u001b[32minfo\u001b[39m","message":"SignalManager initialized","timestamp":"2025-11-01 18:13:38"}
{"appname":"Holons","level":"\u001b[32minfo\u001b[39m","message":"Database initialized","timestamp":"2025-11-01 18:13:38"}
{"level":"\u001b[32minfo\u001b[39m","message":"InputScene utility initialized and registered","timestamp":"2025-11-01 18:13:38"}
{"level":"\u001b[32minfo\u001b[39m","message":"SIGINT received, shutting down gracefully","timestamp":"2025-11-01 18:14:17"}
{"level":"\u001b[32minfo\u001b[39m","message":"Starting HolonsBot","timestamp":"2025-11-01 18:14:18"}
{"appname":"Holons","level":"\u001b[32minfo\u001b[39m","message":"Starting HolonsBot initialization","timestamp":"2025-11-01 18:14:19"}
{"level":"\u001b[32minfo\u001b[39m","message":"Telegram bot initialized (not yet launched)","timestamp":"2025-11-01 18:14:19"}
{"level":"\u001b[32minfo\u001b[39m","message":"SignalManager initialized","timestamp":"2025-11-01 18:14:19"}
{"appname":"Holons","level":"\u001b[32minfo\u001b[39m","message":"Database initialized","timestamp":"2025-11-01 18:14:19"}
{"level":"\u001b[32minfo\u001b[39m","message":"InputScene utility initialized and registered","timestamp":"2025-11-01 18:14:19"}
{"level":"\u001b[32minfo\u001b[39m","message":"SIGINT received, shutting down gracefully","timestamp":"2025-11-01 18:15:01"}
{"level":"\u001b[32minfo\u001b[39m","message":"Starting HolonsBot","timestamp":"2025-11-01 18:15:02"}
{"appname":"Holons","level":"\u001b[32minfo\u001b[39m","message":"Starting HolonsBot initialization","timestamp":"2025-11-01 18:15:03"}
{"level":"\u001b[32minfo\u001b[39m","message":"Telegram bot initialized (not yet launched)","timestamp":"2025-11-01 18:15:03"}
{"level":"\u001b[32minfo\u001b[39m","message":"SignalManager initialized","timestamp":"2025-11-01 18:15:03"}
{"appname":"Holons","level":"\u001b[32minfo\u001b[39m","message":"Database initialized","timestamp":"2025-11-01 18:15:03"}
{"level":"\u001b[32minfo\u001b[39m","message":"InputScene utility initialized and registered","timestamp":"2025-11-01 18:15:03"}
{"error":"Promise timed out after 90000 milliseconds","level":"\u001b[31merror\u001b[39m","message":"Failed to launch Telegram bot","timestamp":"2025-11-01 18:17:01"}
{"level":"\u001b[32minfo\u001b[39m","message":"Starting HolonsBot","timestamp":"2025-11-01 18:19:25"}
{"appname":"Holons","level":"\u001b[32minfo\u001b[39m","message":"Starting HolonsBot initialization","timestamp":"2025-11-01 18:19:26"}
{"level":"\u001b[32minfo\u001b[39m","message":"Telegram bot initialized (not yet launched)","timestamp":"2025-11-01 18:19:26"}
{"level":"\u001b[32minfo\u001b[39m","message":"SignalManager initialized","timestamp":"2025-11-01 18:19:26"}
{"appname":"Holons","level":"\u001b[32minfo\u001b[39m","message":"Database initialized","timestamp":"2025-11-01 18:19:26"}
{"level":"\u001b[32minfo\u001b[39m","message":"InputScene utility initialized and registered","timestamp":"2025-11-01 18:19:27"}
{"level":"\u001b[32minfo\u001b[39m","message":"Starting HolonsBot","timestamp":"2025-11-01 18:19:48"}
{"appname":"Holons","level":"\u001b[32minfo\u001b[39m","message":"Starting HolonsBot initialization","timestamp":"2025-11-01 18:19:48"}
{"level":"\u001b[32minfo\u001b[39m","message":"Telegram bot initialized (not yet launched)","timestamp":"2025-11-01 18:19:48"}
{"level":"\u001b[32minfo\u001b[39m","message":"SignalManager initialized","timestamp":"2025-11-01 18:19:48"}
{"appname":"Holons","level":"\u001b[32minfo\u001b[39m","message":"Database initialized","timestamp":"2025-11-01 18:19:48"}
{"level":"\u001b[32minfo\u001b[39m","message":"InputScene utility initialized and registered","timestamp":"2025-11-01 18:19:49"}
{"level":"\u001b[32minfo\u001b[39m","message":"Starting HolonsBot","timestamp":"2025-11-01 18:19:59"}
{"appname":"Holons","level":"\u001b[32minfo\u001b[39m","message":"Starting HolonsBot initialization","timestamp":"2025-11-01 18:20:00"}
{"level":"\u001b[32minfo\u001b[39m","message":"Telegram bot initialized (not yet launched)","timestamp":"2025-11-01 18:20:00"}
{"level":"\u001b[32minfo\u001b[39m","message":"SignalManager initialized","timestamp":"2025-11-01 18:20:00"}
{"appname":"Holons","level":"\u001b[32minfo\u001b[39m","message":"Database initialized","timestamp":"2025-11-01 18:20:00"}
{"level":"\u001b[32minfo\u001b[39m","message":"InputScene utility initialized and registered","timestamp":"2025-11-01 18:20:01"}
{"level":"\u001b[32minfo\u001b[39m","message":"Starting HolonsBot","timestamp":"2025-11-01 18:20:24"}
{"appname":"Holons","level":"\u001b[32minfo\u001b[39m","message":"Starting HolonsBot initialization","timestamp":"2025-11-01 18:20:24"}
{"level":"\u001b[32minfo\u001b[39m","message":"Telegram bot initialized (not yet launched)","timestamp":"2025-11-01 18:20:24"}
{"level":"\u001b[32minfo\u001b[39m","message":"SignalManager initialized","timestamp":"2025-11-01 18:20:24"}
{"appname":"Holons","level":"\u001b[32minfo\u001b[39m","message":"Database initialized","timestamp":"2025-11-01 18:20:24"}
{"level":"\u001b[32minfo\u001b[39m","message":"InputScene utility initialized and registered","timestamp":"2025-11-01 18:20:25"}
{"level":"\u001b[32minfo\u001b[39m","message":"Starting HolonsBot","timestamp":"2025-11-01 18:20:35"}
{"appname":"Holons","level":"\u001b[32minfo\u001b[39m","message":"Starting HolonsBot initialization","timestamp":"2025-11-01 18:20:36"}
{"level":"\u001b[32minfo\u001b[39m","message":"Telegram bot initialized (not yet launched)","timestamp":"2025-11-01 18:20:36"}
{"level":"\u001b[32minfo\u001b[39m","message":"SignalManager initialized","timestamp":"2025-11-01 18:20:36"}
{"appname":"Holons","level":"\u001b[32minfo\u001b[39m","message":"Database initialized","timestamp":"2025-11-01 18:20:36"}
{"level":"\u001b[32minfo\u001b[39m","message":"InputScene utility initialized and registered","timestamp":"2025-11-01 18:20:36"}
{"level":"\u001b[32minfo\u001b[39m","message":"SIGINT received, shutting down gracefully","timestamp":"2025-11-01 18:21:53"}
{"level":"\u001b[32minfo\u001b[39m","message":"Starting HolonsBot","timestamp":"2025-11-01 18:21:54"}
{"appname":"Holons","level":"\u001b[32minfo\u001b[39m","message":"Starting HolonsBot initialization","timestamp":"2025-11-01 18:21:55"}
{"level":"\u001b[32minfo\u001b[39m","message":"Telegram bot initialized (not yet launched)","timestamp":"2025-11-01 18:21:55"}
{"level":"\u001b[32minfo\u001b[39m","message":"SignalManager initialized","timestamp":"2025-11-01 18:21:55"}
{"appname":"Holons","level":"\u001b[32minfo\u001b[39m","message":"Database initialized","timestamp":"2025-11-01 18:21:55"}
{"level":"\u001b[32minfo\u001b[39m","message":"InputScene utility initialized and registered","timestamp":"2025-11-01 18:21:55"}
{"level":"\u001b[32minfo\u001b[39m","message":"Starting HolonsBot","timestamp":"2025-11-01 18:24:29"}
{"appname":"Holons","level":"\u001b[32minfo\u001b[39m","message":"Starting HolonsBot initialization","timestamp":"2025-11-01 18:24:30"}
{"level":"\u001b[32minfo\u001b[39m","message":"Telegram bot initialized (not yet launched)","timestamp":"2025-11-01 18:24:30"}
{"level":"\u001b[32minfo\u001b[39m","message":"SignalManager initialized","timestamp":"2025-11-01 18:24:30"}
{"appname":"Holons","level":"\u001b[32minfo\u001b[39m","message":"Database initialized","timestamp":"2025-11-01 18:24:30"}
{"level":"\u001b[32minfo\u001b[39m","message":"InputScene utility initialized and registered","timestamp":"2025-11-01 18:24:31"}
{"level":"\u001b[32minfo\u001b[39m","message":"Starting HolonsBot","timestamp":"2025-11-01 18:24:35"}
{"appname":"Holons","level":"\u001b[32minfo\u001b[39m","message":"Starting HolonsBot initialization","timestamp":"2025-11-01 18:24:35"}
{"level":"\u001b[32minfo\u001b[39m","message":"Telegram bot initialized (not yet launched)","timestamp":"2025-11-01 18:24:35"}
{"level":"\u001b[32minfo\u001b[39m","message":"SignalManager initialized","timestamp":"2025-11-01 18:24:35"}
{"appname":"Holons","level":"\u001b[32minfo\u001b[39m","message":"Database initialized","timestamp":"2025-11-01 18:24:35"}
{"level":"\u001b[32minfo\u001b[39m","message":"InputScene utility initialized and registered","timestamp":"2025-11-01 18:24:36"}
{"level":"\u001b[32minfo\u001b[39m","message":"Starting HolonsBot","timestamp":"2025-11-01 18:24:42"}
{"appname":"Holons","level":"\u001b[32minfo\u001b[39m","message":"Starting HolonsBot initialization","timestamp":"2025-11-01 18:24:43"}
{"level":"\u001b[32minfo\u001b[39m","message":"Telegram bot initialized (not yet launched)","timestamp":"2025-11-01 18:24:43"}
{"level":"\u001b[32minfo\u001b[39m","message":"SignalManager initialized","timestamp":"2025-11-01 18:24:43"}
{"appname":"Holons","level":"\u001b[32minfo\u001b[39m","message":"Database initialized","timestamp":"2025-11-01 18:24:43"}
{"level":"\u001b[32minfo\u001b[39m","message":"InputScene utility initialized and registered","timestamp":"2025-11-01 18:24:44"}
{"level":"\u001b[32minfo\u001b[39m","message":"Starting HolonsBot","timestamp":"2025-11-01 18:25:03"}
{"appname":"Holons","level":"\u001b[32minfo\u001b[39m","message":"Starting HolonsBot initialization","timestamp":"2025-11-01 18:25:03"}
{"level":"\u001b[32minfo\u001b[39m","message":"Telegram bot initialized (not yet launched)","timestamp":"2025-11-01 18:25:03"}
{"level":"\u001b[32minfo\u001b[39m","message":"SignalManager initialized","timestamp":"2025-11-01 18:25:03"}
{"appname":"Holons","level":"\u001b[32minfo\u001b[39m","message":"Database initialized","timestamp":"2025-11-01 18:25:04"}
{"level":"\u001b[32minfo\u001b[39m","message":"InputScene utility initialized and registered","timestamp":"2025-11-01 18:25:04"}
{"level":"\u001b[32minfo\u001b[39m","message":"handleParticipation called - action: join, chatID: 235114395, messageID: 16270, user: 235114395","timestamp":"2025-11-01 18:25:09"}
{"level":"\u001b[32minfo\u001b[39m","message":"updateMessage called - quest: 2, chatID: 235114395, messageID: 16270, useExpandedMarkup: false","timestamp":"2025-11-01 18:25:09"}
{"level":"\u001b[32minfo\u001b[39m","message":"updateQuestMessage - showImages: false, chatId: 235114395, messageId: 16270","timestamp":"2025-11-01 18:25:09"}
{"level":"\u001b[32minfo\u001b[39m","message":"Updating message text for text mode","timestamp":"2025-11-01 18:25:09"}
{"level":"\u001b[31merror\u001b[39m","message":"Error editing message text","on":{"method":"editMessageText","payload":{"chat_id":235114395,"inline_message_id":null,"message_id":16270,"reply_markup":{"inline_keyboard":[[{"callback_data":"participate_quest_235114395_16270","hide":false,"text":"🙋‍♂ Participate"},{"callback_data":"complete_quest_235114395_16270","hide":false,"text":"✔️ Complete"}],[{"callback_data":"appreciate_quest_235114395_16270","hide":false,"text":"👍 Appreciate"},{"callback_data":"schedule_quest_235114395_16270","hide":false,"text":"📅 Schedule"}],[{"callback_data":"more_actions_235114395_16270","hide":false,"text":"⚙️ More Actions"}]]},"text":"| Task: 2                                                                                                                                                                                                       \n| 💡 by: Roberto V.\n| 📅 Scheduled for: Thursday, November 20 at 03:00 AM UTC\n| 🚥 Status: Scheduled\n"}},"response":{"description":"Bad Request: message is not modified: specified new message content and reply markup are exactly the same as a current content and reply markup of the message","error_code":400,"ok":false},"timestamp":"2025-11-01 18:25:10"}
{"level":"\u001b[32minfo\u001b[39m","message":"handleParticipation called - action: join, chatID: 235114395, messageID: 16270, user: 235114395","timestamp":"2025-11-01 18:25:13"}
{"level":"\u001b[32minfo\u001b[39m","message":"updateMessage called - quest: 2, chatID: 235114395, messageID: 16270, useExpandedMarkup: false","timestamp":"2025-11-01 18:25:13"}
{"level":"\u001b[32minfo\u001b[39m","message":"updateQuestMessage - showImages: false, chatId: 235114395, messageId: 16270","timestamp":"2025-11-01 18:25:13"}
{"level":"\u001b[32minfo\u001b[39m","message":"Updating message text for text mode","timestamp":"2025-11-01 18:25:13"}
{"level":"\u001b[31merror\u001b[39m","message":"Error editing message text","on":{"method":"editMessageText","payload":{"chat_id":235114395,"inline_message_id":null,"message_id":16270,"reply_markup":{"inline_keyboard":[[{"callback_data":"participate_quest_235114395_16270","hide":false,"text":"🙋‍♂ Participate"},{"callback_data":"complete_quest_235114395_16270","hide":false,"text":"✔️ Complete"}],[{"callback_data":"appreciate_quest_235114395_16270","hide":false,"text":"👍 Appreciate"},{"callback_data":"schedule_quest_235114395_16270","hide":false,"text":"📅 Schedule"}],[{"callback_data":"more_actions_235114395_16270","hide":false,"text":"⚙️ More Actions"}]]},"text":"| Task: 2                                                                                                                                                                                                       \n| 💡 by: Roberto V.\n| 📅 Scheduled for: Thursday, November 20 at 03:00 AM UTC\n| 🚥 Status: Scheduled\n"}},"response":{"description":"Bad Request: message is not modified: specified new message content and reply markup are exactly the same as a current content and reply markup of the message","error_code":400,"ok":false},"timestamp":"2025-11-01 18:25:13"}
{"level":"\u001b[32minfo\u001b[39m","message":"handleParticipation called - action: join, chatID: 235114395, messageID: 16270, user: 235114395","timestamp":"2025-11-01 18:25:16"}
{"level":"\u001b[32minfo\u001b[39m","message":"updateMessage called - quest: 2, chatID: 235114395, messageID: 16270, useExpandedMarkup: false","timestamp":"2025-11-01 18:25:16"}
{"level":"\u001b[32minfo\u001b[39m","message":"updateQuestMessage - showImages: false, chatId: 235114395, messageId: 16270","timestamp":"2025-11-01 18:25:16"}
{"level":"\u001b[32minfo\u001b[39m","message":"Updating message text for text mode","timestamp":"2025-11-01 18:25:16"}
{"level":"\u001b[31merror\u001b[39m","message":"Error editing message text","on":{"method":"editMessageText","payload":{"chat_id":235114395,"inline_message_id":null,"message_id":16270,"reply_markup":{"inline_keyboard":[[{"callback_data":"participate_quest_235114395_16270","hide":false,"text":"🙋‍♂ Participate"},{"callback_data":"complete_quest_235114395_16270","hide":false,"text":"✔️ Complete"}],[{"callback_data":"appreciate_quest_235114395_16270","hide":false,"text":"👍 Appreciate"},{"callback_data":"schedule_quest_235114395_16270","hide":false,"text":"📅 Schedule"}],[{"callback_data":"more_actions_235114395_16270","hide":false,"text":"⚙️ More Actions"}]]},"text":"| Task: 2                                                                                                                                                                                                       \n| 💡 by: Roberto V.\n| 📅 Scheduled for: Thursday, November 20 at 03:00 AM UTC\n| 🚥 Status: Scheduled\n"}},"response":{"description":"Bad Request: message is not modified: specified new message content and reply markup are exactly the same as a current content and reply markup of the message","error_code":400,"ok":false},"timestamp":"2025-11-01 18:25:16"}
{"level":"\u001b[32minfo\u001b[39m","message":"updateQuestMessage - showImages: false, chatId: 235114395, messageId: 16270","timestamp":"2025-11-01 18:25:17"}
{"level":"\u001b[32minfo\u001b[39m","message":"Updating message text for text mode","timestamp":"2025-11-01 18:25:17"}
{"level":"\u001b[32minfo\u001b[39m","message":"handleTimeTracking called - amount: 0.25, isAdding: true, chatID: 235114395, messageID: 16270, user: 235114395","timestamp":"2025-11-01 18:25:19"}
{"level":"\u001b[32minfo\u001b[39m","message":"updateMessage called - quest: 2, chatID: 235114395, messageID: 16270, useExpandedMarkup: true","timestamp":"2025-11-01 18:25:19"}
{"level":"\u001b[32minfo\u001b[39m","message":"updateQuestMessage - showImages: false, chatId: 235114395, messageId: 16270","timestamp":"2025-11-01 18:25:19"}
{"level":"\u001b[32minfo\u001b[39m","message":"Updating message text for text mode","timestamp":"2025-11-01 18:25:19"}
{"level":"\u001b[32minfo\u001b[39m","message":"handleTimeTracking called - amount: 0.25, isAdding: true, chatID: 235114395, messageID: 16270, user: 235114395","timestamp":"2025-11-01 18:25:23"}
{"level":"\u001b[32minfo\u001b[39m","message":"updateMessage called - quest: 2, chatID: 235114395, messageID: 16270, useExpandedMarkup: true","timestamp":"2025-11-01 18:25:23"}
{"level":"\u001b[32minfo\u001b[39m","message":"updateQuestMessage - showImages: false, chatId: 235114395, messageId: 16270","timestamp":"2025-11-01 18:25:23"}
{"level":"\u001b[32minfo\u001b[39m","message":"Updating message text for text mode","timestamp":"2025-11-01 18:25:23"}
{"level":"\u001b[31merror\u001b[39m","message":"Error editing message text","on":{"method":"editMessageText","payload":{"chat_id":235114395,"inline_message_id":null,"message_id":16270,"reply_markup":{"inline_keyboard":[[{"callback_data":"participate_quest_235114395_16270","hide":false,"text":"🙋‍♂ Participate"},{"callback_data":"complete_quest_235114395_16270","hide":false,"text":"✔️ Complete"}],[{"callback_data":"appreciate_quest_235114395_16270","hide":false,"text":"👍 Appreciate"},{"callback_data":"schedule_quest_235114395_16270","hide":false,"text":"📅 Schedule"}],[{"callback_data":"stop_quest_235114395_16270","hide":false,"text":"🛑 Stop"},{"callback_data":"cancel_quest_235114395_16270","hide":false,"text":"❌ Cancel"}],[{"callback_data":"subtract_1h_quest_235114395_16270","hide":false,"text":"⏰ -1h"},{"callback_data":"subtract_time_quest_235114395_16270","hide":false,"text":"⏰ -15m"},{"callback_data":"add_time_quest_235114395_16270","hide":false,"text":"⏰ +15m"},{"callback_data":"add_1h_quest_235114395_16270","hide":false,"text":"⏰ +1h"}],[{"callback_data":"descriptions_quest_235114395_16270","hide":false,"text":"📝 Description"},{"callback_data":"checklist_quest_235114395_16270","hide":false,"text":"📋 Subtasks"}],[{"callback_data":"dependencies_quest_235114395_16270","hide":false,"text":"🔗 Dependencies"},{"callback_data":"recurring_quest_235114395_16270","hide":false,"text":"🔄 Never"}],[{"callback_data":"participants_quest_235114395_16270","hide":false,"text":"👥 Select Participants"}],[{"callback_data":"publish_quest_235114395_16270","hide":false,"text":"📢 Publish"},{"hide":false,"text":"📊 Dashboard","url":"https://dashboard.holons.io/235114395/tasks?task=16270"}],[{"callback_data":"less_actions_235114395_16270","hide":false,"text":"🔼 Less Actions"}]]},"text":"| Task: 2                                                                                                                                                                                                       \n| 💡 by: Roberto V.\n| 🙋‍♂ Joined by: Roberto V. (1.75h)\n| 📅 Scheduled for: Thursday, November 20 at 03:00 AM UTC\n| 🚥 Status: Scheduled\n"}},"response":{"description":"Bad Request: message is not modified: specified new message content and reply markup are exactly the same as a current content and reply markup of the message","error_code":400,"ok":false},"timestamp":"2025-11-01 18:25:23"}
{"level":"\u001b[32minfo\u001b[39m","message":"Starting HolonsBot","timestamp":"2025-11-01 18:25:34"}
{"appname":"Holons","level":"\u001b[32minfo\u001b[39m","message":"Starting HolonsBot initialization","timestamp":"2025-11-01 18:25:34"}
{"level":"\u001b[32minfo\u001b[39m","message":"Telegram bot initialized (not yet launched)","timestamp":"2025-11-01 18:25:34"}
{"level":"\u001b[32minfo\u001b[39m","message":"SignalManager initialized","timestamp":"2025-11-01 18:25:34"}
{"appname":"Holons","level":"\u001b[32minfo\u001b[39m","message":"Database initialized","timestamp":"2025-11-01 18:25:34"}
{"level":"\u001b[32minfo\u001b[39m","message":"InputScene utility initialized and registered","timestamp":"2025-11-01 18:25:35"}
{"level":"\u001b[32minfo\u001b[39m","message":"handleParticipation called - action: join, chatID: 235114395, messageID: 16270, user: 235114395","timestamp":"2025-11-01 18:25:41"}
{"level":"\u001b[32minfo\u001b[39m","message":"queueQuestOperation - questKey: 235114395_16270","timestamp":"2025-11-01 18:25:41"}
{"level":"\u001b[32minfo\u001b[39m","message":"Executing new operation on 235114395_16270","timestamp":"2025-11-01 18:25:41"}
{"level":"\u001b[32minfo\u001b[39m","message":"updateMessage called - quest: 2, chatID: 235114395, messageID: 16270, useExpandedMarkup: false","timestamp":"2025-11-01 18:25:41"}
{"level":"\u001b[32minfo\u001b[39m","message":"updateQuestMessage - showImages: false, chatId: 235114395, messageId: 16270","timestamp":"2025-11-01 18:25:41"}
{"level":"\u001b[32minfo\u001b[39m","message":"Updating message text for text mode","timestamp":"2025-11-01 18:25:41"}
{"level":"\u001b[32minfo\u001b[39m","message":"Operation completed successfully on 235114395_16270","timestamp":"2025-11-01 18:25:42"}
{"level":"\u001b[32minfo\u001b[39m","message":"handleParticipation called - action: join, chatID: 235114395, messageID: 16282, user: 235114395","timestamp":"2025-11-01 18:26:22"}
{"level":"\u001b[32minfo\u001b[39m","message":"queueQuestOperation - questKey: 235114395_16282","timestamp":"2025-11-01 18:26:22"}
{"level":"\u001b[32minfo\u001b[39m","message":"Executing new operation on 235114395_16282","timestamp":"2025-11-01 18:26:22"}
{"level":"\u001b[32minfo\u001b[39m","message":"Operation completed successfully on 235114395_16282","timestamp":"2025-11-01 18:26:22"}
{"level":"\u001b[32minfo\u001b[39m","message":"Starting HolonsBot","timestamp":"2025-11-01 18:26:49"}
{"appname":"Holons","level":"\u001b[32minfo\u001b[39m","message":"Starting HolonsBot initialization","timestamp":"2025-11-01 18:26:49"}
{"level":"\u001b[32minfo\u001b[39m","message":"Telegram bot initialized (not yet launched)","timestamp":"2025-11-01 18:26:49"}
{"level":"\u001b[32minfo\u001b[39m","message":"SignalManager initialized","timestamp":"2025-11-01 18:26:49"}
{"appname":"Holons","level":"\u001b[32minfo\u001b[39m","message":"Database initialized","timestamp":"2025-11-01 18:26:49"}
{"level":"\u001b[32minfo\u001b[39m","message":"InputScene utility initialized and registered","timestamp":"2025-11-01 18:26:50"}
{"level":"\u001b[32minfo\u001b[39m","message":"Starting HolonsBot","timestamp":"2025-11-01 18:26:56"}
{"appname":"Holons","level":"\u001b[32minfo\u001b[39m","message":"Starting HolonsBot initialization","timestamp":"2025-11-01 18:26:57"}
{"level":"\u001b[32minfo\u001b[39m","message":"Telegram bot initialized (not yet launched)","timestamp":"2025-11-01 18:26:57"}
{"level":"\u001b[32minfo\u001b[39m","message":"SignalManager initialized","timestamp":"2025-11-01 18:26:57"}
{"appname":"Holons","level":"\u001b[32minfo\u001b[39m","message":"Database initialized","timestamp":"2025-11-01 18:26:57"}
{"level":"\u001b[32minfo\u001b[39m","message":"InputScene utility initialized and registered","timestamp":"2025-11-01 18:26:57"}
{"level":"\u001b[32minfo\u001b[39m","message":"Starting HolonsBot","timestamp":"2025-11-01 18:27:04"}
{"appname":"Holons","level":"\u001b[32minfo\u001b[39m","message":"Starting HolonsBot initialization","timestamp":"2025-11-01 18:27:05"}
{"level":"\u001b[32minfo\u001b[39m","message":"Telegram bot initialized (not yet launched)","timestamp":"2025-11-01 18:27:05"}
{"level":"\u001b[32minfo\u001b[39m","message":"SignalManager initialized","timestamp":"2025-11-01 18:27:05"}
{"appname":"Holons","level":"\u001b[32minfo\u001b[39m","message":"Database initialized","timestamp":"2025-11-01 18:27:05"}
{"level":"\u001b[32minfo\u001b[39m","message":"InputScene utility initialized and registered","timestamp":"2025-11-01 18:27:06"}
{"level":"\u001b[32minfo\u001b[39m","message":"Starting HolonsBot","timestamp":"2025-11-01 18:27:13"}
{"appname":"Holons","level":"\u001b[32minfo\u001b[39m","message":"Starting HolonsBot initialization","timestamp":"2025-11-01 18:27:14"}
{"level":"\u001b[32minfo\u001b[39m","message":"Telegram bot initialized (not yet launched)","timestamp":"2025-11-01 18:27:14"}
{"level":"\u001b[32minfo\u001b[39m","message":"SignalManager initialized","timestamp":"2025-11-01 18:27:14"}
{"appname":"Holons","level":"\u001b[32minfo\u001b[39m","message":"Database initialized","timestamp":"2025-11-01 18:27:14"}
{"level":"\u001b[32minfo\u001b[39m","message":"InputScene utility initialized and registered","timestamp":"2025-11-01 18:27:14"}
{"level":"\u001b[32minfo\u001b[39m","message":"Starting HolonsBot","timestamp":"2025-11-01 18:27:54"}
{"appname":"Holons","level":"\u001b[32minfo\u001b[39m","message":"Starting HolonsBot initialization","timestamp":"2025-11-01 18:27:54"}
{"level":"\u001b[32minfo\u001b[39m","message":"Telegram bot initialized (not yet launched)","timestamp":"2025-11-01 18:27:54"}
{"level":"\u001b[32minfo\u001b[39m","message":"SignalManager initialized","timestamp":"2025-11-01 18:27:54"}
{"appname":"Holons","level":"\u001b[32minfo\u001b[39m","message":"Database initialized","timestamp":"2025-11-01 18:27:54"}
{"level":"\u001b[32minfo\u001b[39m","message":"InputScene utility initialized and registered","timestamp":"2025-11-01 18:27:55"}
{"level":"\u001b[32minfo\u001b[39m","message":"Starting HolonsBot","timestamp":"2025-11-01 18:28:00"}
{"appname":"Holons","level":"\u001b[32minfo\u001b[39m","message":"Starting HolonsBot initialization","timestamp":"2025-11-01 18:28:01"}
{"level":"\u001b[32minfo\u001b[39m","message":"Telegram bot initialized (not yet launched)","timestamp":"2025-11-01 18:28:01"}
{"level":"\u001b[32minfo\u001b[39m","message":"SignalManager initialized","timestamp":"2025-11-01 18:28:01"}
{"appname":"Holons","level":"\u001b[32minfo\u001b[39m","message":"Database initialized","timestamp":"2025-11-01 18:28:01"}
{"level":"\u001b[32minfo\u001b[39m","message":"InputScene utility initialized and registered","timestamp":"2025-11-01 18:28:01"}
{"level":"\u001b[32minfo\u001b[39m","message":"SIGINT received, shutting down gracefully","timestamp":"2025-11-01 18:28:15"}
{"level":"\u001b[32minfo\u001b[39m","message":"Starting HolonsBot","timestamp":"2025-11-01 18:28:26"}
{"appname":"Holons","level":"\u001b[32minfo\u001b[39m","message":"Starting HolonsBot initialization","timestamp":"2025-11-01 18:28:27"}
{"level":"\u001b[32minfo\u001b[39m","message":"Telegram bot initialized (not yet launched)","timestamp":"2025-11-01 18:28:27"}
{"level":"\u001b[32minfo\u001b[39m","message":"SignalManager initialized","timestamp":"2025-11-01 18:28:27"}
{"appname":"Holons","level":"\u001b[32minfo\u001b[39m","message":"Database initialized","timestamp":"2025-11-01 18:28:27"}
{"level":"\u001b[32minfo\u001b[39m","message":"InputScene utility initialized and registered","timestamp":"2025-11-01 18:28:27"}
{"level":"\u001b[32minfo\u001b[39m","message":"handleParticipation called - action: join, chatID: 235114395, messageID: 16285, user: 235114395","timestamp":"2025-11-01 18:28:35"}
{"level":"\u001b[32minfo\u001b[39m","message":"queueQuestOperation - questKey: 235114395_16285","timestamp":"2025-11-01 18:28:35"}
{"level":"\u001b[32minfo\u001b[39m","message":"Executing new operation on 235114395_16285","timestamp":"2025-11-01 18:28:35"}
{"level":"\u001b[32minfo\u001b[39m","message":"Attempting to fetch quest from DB: 235114395/quests, key: 16285","timestamp":"2025-11-01 18:28:35"}
{"level":"\u001b[32minfo\u001b[39m","message":"Quest fetched successfully: null","timestamp":"2025-11-01 18:28:35"}
{"level":"\u001b[33mwarn\u001b[39m","message":"Quest does not exist: 235114395/quests/16285","timestamp":"2025-11-01 18:28:35"}
{"level":"\u001b[32minfo\u001b[39m","message":"Operation completed successfully on 235114395_16285","timestamp":"2025-11-01 18:28:35"}
{"level":"\u001b[32minfo\u001b[39m","message":"Starting HolonsBot","timestamp":"2025-11-01 18:29:31"}
{"appname":"Holons","level":"\u001b[32minfo\u001b[39m","message":"Starting HolonsBot initialization","timestamp":"2025-11-01 18:29:31"}
{"level":"\u001b[32minfo\u001b[39m","message":"Telegram bot initialized (not yet launched)","timestamp":"2025-11-01 18:29:31"}
{"level":"\u001b[32minfo\u001b[39m","message":"SignalManager initialized","timestamp":"2025-11-01 18:29:31"}
{"appname":"Holons","level":"\u001b[32minfo\u001b[39m","message":"Database initialized","timestamp":"2025-11-01 18:29:31"}
{"level":"\u001b[32minfo\u001b[39m","message":"InputScene utility initialized and registered","timestamp":"2025-11-01 18:29:32"}
{"level":"\u001b[32minfo\u001b[39m","message":"Starting HolonsBot","timestamp":"2025-11-01 18:29:39"}
{"appname":"Holons","level":"\u001b[32minfo\u001b[39m","message":"Starting HolonsBot initialization","timestamp":"2025-11-01 18:29:39"}
{"level":"\u001b[32minfo\u001b[39m","message":"Telegram bot initialized (not yet launched)","timestamp":"2025-11-01 18:29:39"}
{"level":"\u001b[32minfo\u001b[39m","message":"SignalManager initialized","timestamp":"2025-11-01 18:29:39"}
{"appname":"Holons","level":"\u001b[32minfo\u001b[39m","message":"Database initialized","timestamp":"2025-11-01 18:29:39"}
{"level":"\u001b[32minfo\u001b[39m","message":"InputScene utility initialized and registered","timestamp":"2025-11-01 18:29:40"}
{"level":"\u001b[32minfo\u001b[39m","message":"Starting HolonsBot","timestamp":"2025-11-01 18:29:47"}
{"appname":"Holons","level":"\u001b[32minfo\u001b[39m","message":"Starting HolonsBot initialization","timestamp":"2025-11-01 18:29:48"}
{"level":"\u001b[32minfo\u001b[39m","message":"Telegram bot initialized (not yet launched)","timestamp":"2025-11-01 18:29:48"}
{"level":"\u001b[32minfo\u001b[39m","message":"SignalManager initialized","timestamp":"2025-11-01 18:29:48"}
{"appname":"Holons","level":"\u001b[32minfo\u001b[39m","message":"Database initialized","timestamp":"2025-11-01 18:29:48"}
{"level":"\u001b[32minfo\u001b[39m","message":"InputScene utility initialized and registered","timestamp":"2025-11-01 18:29:48"}
{"level":"\u001b[32minfo\u001b[39m","message":"Starting HolonsBot","timestamp":"2025-11-01 18:29:54"}
{"appname":"Holons","level":"\u001b[32minfo\u001b[39m","message":"Starting HolonsBot initialization","timestamp":"2025-11-01 18:29:54"}
{"level":"\u001b[32minfo\u001b[39m","message":"Telegram bot initialized (not yet launched)","timestamp":"2025-11-01 18:29:54"}
{"level":"\u001b[32minfo\u001b[39m","message":"SignalManager initialized","timestamp":"2025-11-01 18:29:54"}
{"appname":"Holons","level":"\u001b[32minfo\u001b[39m","message":"Database initialized","timestamp":"2025-11-01 18:29:55"}
{"level":"\u001b[32minfo\u001b[39m","message":"InputScene utility initialized and registered","timestamp":"2025-11-01 18:29:55"}
{"level":"\u001b[32minfo\u001b[39m","message":"handleParticipation called - action: join, chatID: 235114395, messageID: 16288, user: 235114395","timestamp":"2025-11-01 18:30:28"}
{"level":"\u001b[32minfo\u001b[39m","message":"queueQuestOperation - questKey: 235114395_16288","timestamp":"2025-11-01 18:30:28"}
{"level":"\u001b[32minfo\u001b[39m","message":"Executing new operation on 235114395_16288","timestamp":"2025-11-01 18:30:28"}
{"level":"\u001b[32minfo\u001b[39m","message":"Attempting to fetch quest from DB: 235114395/quests, key: 16288","timestamp":"2025-11-01 18:30:28"}
{"level":"\u001b[32minfo\u001b[39m","message":"Quest fetched successfully: 123","timestamp":"2025-11-01 18:30:28"}
{"level":"\u001b[32minfo\u001b[39m","message":"updateMessage called - quest: 123, chatID: 235114395, messageID: 16288, useExpandedMarkup: false","timestamp":"2025-11-01 18:30:28"}
{"level":"\u001b[32minfo\u001b[39m","message":"updateQuestMessage - showImages: false, chatId: 235114395, messageId: 16288","timestamp":"2025-11-01 18:30:28"}
{"level":"\u001b[32minfo\u001b[39m","message":"Updating message text for text mode","timestamp":"2025-11-01 18:30:28"}
{"level":"\u001b[32minfo\u001b[39m","message":"Operation completed successfully on 235114395_16288","timestamp":"2025-11-01 18:30:29"}
{"level":"\u001b[32minfo\u001b[39m","message":"handleParticipation called - action: join, chatID: 235114395, messageID: 16288, user: 235114395","timestamp":"2025-11-01 18:30:30"}
{"level":"\u001b[32minfo\u001b[39m","message":"queueQuestOperation - questKey: 235114395_16288","timestamp":"2025-11-01 18:30:30"}
{"level":"\u001b[32minfo\u001b[39m","message":"Executing new operation on 235114395_16288","timestamp":"2025-11-01 18:30:30"}
{"level":"\u001b[32minfo\u001b[39m","message":"Attempting to fetch quest from DB: 235114395/quests, key: 16288","timestamp":"2025-11-01 18:30:30"}
{"level":"\u001b[32minfo\u001b[39m","message":"Quest fetched successfully: 123","timestamp":"2025-11-01 18:30:30"}
{"level":"\u001b[32minfo\u001b[39m","message":"updateMessage called - quest: 123, chatID: 235114395, messageID: 16288, useExpandedMarkup: false","timestamp":"2025-11-01 18:30:30"}
{"level":"\u001b[32minfo\u001b[39m","message":"updateQuestMessage - showImages: false, chatId: 235114395, messageId: 16288","timestamp":"2025-11-01 18:30:30"}
{"level":"\u001b[32minfo\u001b[39m","message":"Updating message text for text mode","timestamp":"2025-11-01 18:30:30"}
{"level":"\u001b[32minfo\u001b[39m","message":"Operation completed successfully on 235114395_16288","timestamp":"2025-11-01 18:30:30"}
{"level":"\u001b[32minfo\u001b[39m","message":"updateQuestMessage - showImages: false, chatId: 235114395, messageId: 16288","timestamp":"2025-11-01 18:30:31"}
{"level":"\u001b[32minfo\u001b[39m","message":"Updating message text for text mode","timestamp":"2025-11-01 18:30:31"}
{"level":"\u001b[32minfo\u001b[39m","message":"handleTimeTracking called - amount: 0.25, isAdding: true, chatID: 235114395, messageID: 16288, user: 235114395","timestamp":"2025-11-01 18:30:33"}
{"level":"\u001b[32minfo\u001b[39m","message":"queueQuestOperation - questKey: 235114395_16288","timestamp":"2025-11-01 18:30:33"}
{"level":"\u001b[32minfo\u001b[39m","message":"Executing new operation on 235114395_16288","timestamp":"2025-11-01 18:30:33"}
{"level":"\u001b[32minfo\u001b[39m","message":"Attempting to fetch quest from DB: 235114395/quests, key: 16288","timestamp":"2025-11-01 18:30:33"}
{"level":"\u001b[32minfo\u001b[39m","message":"Quest fetched successfully: 123","timestamp":"2025-11-01 18:30:33"}
{"level":"\u001b[32minfo\u001b[39m","message":"updateMessage called - quest: 123, chatID: 235114395, messageID: 16288, useExpandedMarkup: true","timestamp":"2025-11-01 18:30:33"}
{"level":"\u001b[32minfo\u001b[39m","message":"updateQuestMessage - showImages: false, chatId: 235114395, messageId: 16288","timestamp":"2025-11-01 18:30:33"}
{"level":"\u001b[32minfo\u001b[39m","message":"Updating message text for text mode","timestamp":"2025-11-01 18:30:33"}
{"level":"\u001b[32minfo\u001b[39m","message":"Operation completed successfully on 235114395_16288","timestamp":"2025-11-01 18:30:33"}
{"level":"\u001b[32minfo\u001b[39m","message":"handleTimeTracking called - amount: 0.25, isAdding: true, chatID: 235114395, messageID: 16288, user: 235114395","timestamp":"2025-11-01 18:30:34"}
{"level":"\u001b[32minfo\u001b[39m","message":"queueQuestOperation - questKey: 235114395_16288","timestamp":"2025-11-01 18:30:34"}
{"level":"\u001b[32minfo\u001b[39m","message":"Executing new operation on 235114395_16288","timestamp":"2025-11-01 18:30:34"}
{"level":"\u001b[32minfo\u001b[39m","message":"Attempting to fetch quest from DB: 235114395/quests, key: 16288","timestamp":"2025-11-01 18:30:34"}
{"level":"\u001b[32minfo\u001b[39m","message":"Quest fetched successfully: 123","timestamp":"2025-11-01 18:30:34"}
{"level":"\u001b[32minfo\u001b[39m","message":"updateMessage called - quest: 123, chatID: 235114395, messageID: 16288, useExpandedMarkup: true","timestamp":"2025-11-01 18:30:34"}
{"level":"\u001b[32minfo\u001b[39m","message":"updateQuestMessage - showImages: false, chatId: 235114395, messageId: 16288","timestamp":"2025-11-01 18:30:34"}
{"level":"\u001b[32minfo\u001b[39m","message":"Updating message text for text mode","timestamp":"2025-11-01 18:30:34"}
{"level":"\u001b[32minfo\u001b[39m","message":"Operation completed successfully on 235114395_16288","timestamp":"2025-11-01 18:30:34"}
{"level":"\u001b[32minfo\u001b[39m","message":"handleTimeTracking called - amount: 0.25, isAdding: true, chatID: 235114395, messageID: 16288, user: 235114395","timestamp":"2025-11-01 18:30:35"}
{"level":"\u001b[32minfo\u001b[39m","message":"queueQuestOperation - questKey: 235114395_16288","timestamp":"2025-11-01 18:30:35"}
{"level":"\u001b[32minfo\u001b[39m","message":"Executing new operation on 235114395_16288","timestamp":"2025-11-01 18:30:35"}
{"level":"\u001b[32minfo\u001b[39m","message":"Attempting to fetch quest from DB: 235114395/quests, key: 16288","timestamp":"2025-11-01 18:30:35"}
{"level":"\u001b[32minfo\u001b[39m","message":"Quest fetched successfully: 123","timestamp":"2025-11-01 18:30:35"}
{"level":"\u001b[32minfo\u001b[39m","message":"updateMessage called - quest: 123, chatID: 235114395, messageID: 16288, useExpandedMarkup: true","timestamp":"2025-11-01 18:30:35"}
{"level":"\u001b[32minfo\u001b[39m","message":"updateQuestMessage - showImages: false, chatId: 235114395, messageId: 16288","timestamp":"2025-11-01 18:30:35"}
{"level":"\u001b[32minfo\u001b[39m","message":"Updating message text for text mode","timestamp":"2025-11-01 18:30:35"}
{"level":"\u001b[32minfo\u001b[39m","message":"Operation completed successfully on 235114395_16288","timestamp":"2025-11-01 18:30:35"}
{"level":"\u001b[32minfo\u001b[39m","message":"handleTimeTracking called - amount: 0.25, isAdding: true, chatID: 235114395, messageID: 16288, user: 235114395","timestamp":"2025-11-01 18:30:36"}
{"level":"\u001b[32minfo\u001b[39m","message":"queueQuestOperation - questKey: 235114395_16288","timestamp":"2025-11-01 18:30:36"}
{"level":"\u001b[32minfo\u001b[39m","message":"Executing new operation on 235114395_16288","timestamp":"2025-11-01 18:30:36"}
{"level":"\u001b[32minfo\u001b[39m","message":"Attempting to fetch quest from DB: 235114395/quests, key: 16288","timestamp":"2025-11-01 18:30:36"}
{"level":"\u001b[32minfo\u001b[39m","message":"Quest fetched successfully: 123","timestamp":"2025-11-01 18:30:36"}
{"level":"\u001b[32minfo\u001b[39m","message":"updateMessage called - quest: 123, chatID: 235114395, messageID: 16288, useExpandedMarkup: true","timestamp":"2025-11-01 18:30:36"}
{"level":"\u001b[32minfo\u001b[39m","message":"updateQuestMessage - showImages: false, chatId: 235114395, messageId: 16288","timestamp":"2025-11-01 18:30:36"}
{"level":"\u001b[32minfo\u001b[39m","message":"Updating message text for text mode","timestamp":"2025-11-01 18:30:36"}
{"level":"\u001b[32minfo\u001b[39m","message":"Operation completed successfully on 235114395_16288","timestamp":"2025-11-01 18:30:36"}
{"level":"\u001b[32minfo\u001b[39m","message":"handleTimeTracking called - amount: 0.25, isAdding: true, chatID: 235114395, messageID: 16288, user: 235114395","timestamp":"2025-11-01 18:30:36"}
{"level":"\u001b[32minfo\u001b[39m","message":"queueQuestOperation - questKey: 235114395_16288","timestamp":"2025-11-01 18:30:36"}
{"level":"\u001b[32minfo\u001b[39m","message":"Executing new operation on 235114395_16288","timestamp":"2025-11-01 18:30:36"}
{"level":"\u001b[32minfo\u001b[39m","message":"Attempting to fetch quest from DB: 235114395/quests, key: 16288","timestamp":"2025-11-01 18:30:36"}
{"level":"\u001b[32minfo\u001b[39m","message":"Quest fetched successfully: 123","timestamp":"2025-11-01 18:30:36"}
{"level":"\u001b[32minfo\u001b[39m","message":"updateMessage called - quest: 123, chatID: 235114395, messageID: 16288, useExpandedMarkup: true","timestamp":"2025-11-01 18:30:36"}
{"level":"\u001b[32minfo\u001b[39m","message":"updateQuestMessage - showImages: false, chatId: 235114395, messageId: 16288","timestamp":"2025-11-01 18:30:37"}
{"level":"\u001b[32minfo\u001b[39m","message":"Updating message text for text mode","timestamp":"2025-11-01 18:30:37"}
{"level":"\u001b[32minfo\u001b[39m","message":"Operation completed successfully on 235114395_16288","timestamp":"2025-11-01 18:30:37"}
{"level":"\u001b[32minfo\u001b[39m","message":"handleTimeTracking called - amount: 0.25, isAdding: true, chatID: 235114395, messageID: 16288, user: 235114395","timestamp":"2025-11-01 18:30:37"}
{"level":"\u001b[32minfo\u001b[39m","message":"queueQuestOperation - questKey: 235114395_16288","timestamp":"2025-11-01 18:30:37"}
{"level":"\u001b[32minfo\u001b[39m","message":"Executing new operation on 235114395_16288","timestamp":"2025-11-01 18:30:37"}
{"level":"\u001b[32minfo\u001b[39m","message":"Attempting to fetch quest from DB: 235114395/quests, key: 16288","timestamp":"2025-11-01 18:30:37"}
{"level":"\u001b[32minfo\u001b[39m","message":"Quest fetched successfully: 123","timestamp":"2025-11-01 18:30:37"}
{"level":"\u001b[32minfo\u001b[39m","message":"updateMessage called - quest: 123, chatID: 235114395, messageID: 16288, useExpandedMarkup: true","timestamp":"2025-11-01 18:30:37"}
{"level":"\u001b[32minfo\u001b[39m","message":"updateQuestMessage - showImages: false, chatId: 235114395, messageId: 16288","timestamp":"2025-11-01 18:30:37"}
{"level":"\u001b[32minfo\u001b[39m","message":"Updating message text for text mode","timestamp":"2025-11-01 18:30:37"}
{"level":"\u001b[32minfo\u001b[39m","message":"Operation completed successfully on 235114395_16288","timestamp":"2025-11-01 18:30:37"}
{"level":"\u001b[32minfo\u001b[39m","message":"handleTimeTracking called - amount: 0.25, isAdding: true, chatID: 235114395, messageID: 16288, user: 235114395","timestamp":"2025-11-01 18:30:41"}
{"level":"\u001b[32minfo\u001b[39m","message":"queueQuestOperation - questKey: 235114395_16288","timestamp":"2025-11-01 18:30:41"}
{"level":"\u001b[32minfo\u001b[39m","message":"Executing new operation on 235114395_16288","timestamp":"2025-11-01 18:30:41"}
{"level":"\u001b[32minfo\u001b[39m","message":"Attempting to fetch quest from DB: 235114395/quests, key: 16288","timestamp":"2025-11-01 18:30:41"}
{"level":"\u001b[32minfo\u001b[39m","message":"Quest fetched successfully: 123","timestamp":"2025-11-01 18:30:41"}
{"level":"\u001b[32minfo\u001b[39m","message":"updateMessage called - quest: 123, chatID: 235114395, messageID: 16288, useExpandedMarkup: true","timestamp":"2025-11-01 18:30:41"}
{"level":"\u001b[32minfo\u001b[39m","message":"updateQuestMessage - showImages: false, chatId: 235114395, messageId: 16288","timestamp":"2025-11-01 18:30:41"}
{"level":"\u001b[32minfo\u001b[39m","message":"Updating message text for text mode","timestamp":"2025-11-01 18:30:41"}
{"level":"\u001b[32minfo\u001b[39m","message":"Operation completed successfully on 235114395_16288","timestamp":"2025-11-01 18:30:41"}
{"level":"\u001b[32minfo\u001b[39m","message":"handleTimeTracking called - amount: 0.25, isAdding: true, chatID: 235114395, messageID: 16288, user: 235114395","timestamp":"2025-11-01 18:30:41"}
{"level":"\u001b[32minfo\u001b[39m","message":"queueQuestOperation - questKey: 235114395_16288","timestamp":"2025-11-01 18:30:41"}
{"level":"\u001b[32minfo\u001b[39m","message":"Executing new operation on 235114395_16288","timestamp":"2025-11-01 18:30:41"}
{"level":"\u001b[32minfo\u001b[39m","message":"Attempting to fetch quest from DB: 235114395/quests, key: 16288","timestamp":"2025-11-01 18:30:41"}
{"level":"\u001b[32minfo\u001b[39m","message":"Quest fetched successfully: 123","timestamp":"2025-11-01 18:30:41"}
{"level":"\u001b[32minfo\u001b[39m","message":"updateMessage called - quest: 123, chatID: 235114395, messageID: 16288, useExpandedMarkup: true","timestamp":"2025-11-01 18:30:41"}
{"level":"\u001b[32minfo\u001b[39m","message":"updateQuestMessage - showImages: false, chatId: 235114395, messageId: 16288","timestamp":"2025-11-01 18:30:41"}
{"level":"\u001b[32minfo\u001b[39m","message":"Updating message text for text mode","timestamp":"2025-11-01 18:30:41"}
{"level":"\u001b[32minfo\u001b[39m","message":"Operation completed successfully on 235114395_16288","timestamp":"2025-11-01 18:30:41"}
{"level":"\u001b[32minfo\u001b[39m","message":"handleTimeTracking called - amount: 0.25, isAdding: true, chatID: 235114395, messageID: 16288, user: 235114395","timestamp":"2025-11-01 18:30:43"}
{"level":"\u001b[32minfo\u001b[39m","message":"queueQuestOperation - questKey: 235114395_16288","timestamp":"2025-11-01 18:30:43"}
{"level":"\u001b[32minfo\u001b[39m","message":"Executing new operation on 235114395_16288","timestamp":"2025-11-01 18:30:43"}
{"level":"\u001b[32minfo\u001b[39m","message":"Attempting to fetch quest from DB: 235114395/quests, key: 16288","timestamp":"2025-11-01 18:30:43"}
{"level":"\u001b[32minfo\u001b[39m","message":"Quest fetched successfully: 123","timestamp":"2025-11-01 18:30:43"}
{"level":"\u001b[32minfo\u001b[39m","message":"updateMessage called - quest: 123, chatID: 235114395, messageID: 16288, useExpandedMarkup: true","timestamp":"2025-11-01 18:30:43"}
{"level":"\u001b[32minfo\u001b[39m","message":"updateQuestMessage - showImages: false, chatId: 235114395, messageId: 16288","timestamp":"2025-11-01 18:30:43"}
{"level":"\u001b[32minfo\u001b[39m","message":"Updating message text for text mode","timestamp":"2025-11-01 18:30:43"}
{"level":"\u001b[32minfo\u001b[39m","message":"Operation completed successfully on 235114395_16288","timestamp":"2025-11-01 18:30:43"}
{"level":"\u001b[32minfo\u001b[39m","message":"handleTimeTracking called - amount: 0.25, isAdding: true, chatID: 235114395, messageID: 16288, user: 235114395","timestamp":"2025-11-01 18:30:44"}
{"level":"\u001b[32minfo\u001b[39m","message":"queueQuestOperation - questKey: 235114395_16288","timestamp":"2025-11-01 18:30:44"}
{"level":"\u001b[32minfo\u001b[39m","message":"Executing new operation on 235114395_16288","timestamp":"2025-11-01 18:30:44"}
{"level":"\u001b[32minfo\u001b[39m","message":"handleTimeTracking called - amount: 0.25, isAdding: true, chatID: 235114395, messageID: 16288, user: 235114395","timestamp":"2025-11-01 18:30:44"}
{"level":"\u001b[32minfo\u001b[39m","message":"queueQuestOperation - questKey: 235114395_16288","timestamp":"2025-11-01 18:30:44"}
{"level":"\u001b[32minfo\u001b[39m","message":"Waiting for existing operation on 235114395_16288","timestamp":"2025-11-01 18:30:44"}
{"level":"\u001b[32minfo\u001b[39m","message":"Attempting to fetch quest from DB: 235114395/quests, key: 16288","timestamp":"2025-11-01 18:30:44"}
{"level":"\u001b[32minfo\u001b[39m","message":"Quest fetched successfully: 123","timestamp":"2025-11-01 18:30:44"}
{"level":"\u001b[32minfo\u001b[39m","message":"updateMessage called - quest: 123, chatID: 235114395, messageID: 16288, useExpandedMarkup: true","timestamp":"2025-11-01 18:30:44"}
{"level":"\u001b[32minfo\u001b[39m","message":"updateQuestMessage - showImages: false, chatId: 235114395, messageId: 16288","timestamp":"2025-11-01 18:30:44"}
{"level":"\u001b[32minfo\u001b[39m","message":"Updating message text for text mode","timestamp":"2025-11-01 18:30:44"}
{"level":"\u001b[32minfo\u001b[39m","message":"Operation completed successfully on 235114395_16288","timestamp":"2025-11-01 18:30:44"}
{"level":"\u001b[32minfo\u001b[39m","message":"Executing new operation on 235114395_16288","timestamp":"2025-11-01 18:30:44"}
{"level":"\u001b[32minfo\u001b[39m","message":"Attempting to fetch quest from DB: 235114395/quests, key: 16288","timestamp":"2025-11-01 18:30:44"}
{"level":"\u001b[32minfo\u001b[39m","message":"Quest fetched successfully: 123","timestamp":"2025-11-01 18:30:44"}
{"level":"\u001b[32minfo\u001b[39m","message":"updateMessage called - quest: 123, chatID: 235114395, messageID: 16288, useExpandedMarkup: true","timestamp":"2025-11-01 18:30:44"}
{"level":"\u001b[32minfo\u001b[39m","message":"updateQuestMessage - showImages: false, chatId: 235114395, messageId: 16288","timestamp":"2025-11-01 18:30:44"}
{"level":"\u001b[32minfo\u001b[39m","message":"Updating message text for text mode","timestamp":"2025-11-01 18:30:44"}
{"level":"\u001b[32minfo\u001b[39m","message":"Operation completed successfully on 235114395_16288","timestamp":"2025-11-01 18:30:45"}
{"level":"\u001b[32minfo\u001b[39m","message":"handleTimeTracking called - amount: 0.25, isAdding: true, chatID: 235114395, messageID: 16288, user: 235114395","timestamp":"2025-11-01 18:30:46"}
{"level":"\u001b[32minfo\u001b[39m","message":"queueQuestOperation - questKey: 235114395_16288","timestamp":"2025-11-01 18:30:46"}
{"level":"\u001b[32minfo\u001b[39m","message":"Executing new operation on 235114395_16288","timestamp":"2025-11-01 18:30:46"}
{"level":"\u001b[32minfo\u001b[39m","message":"Attempting to fetch quest from DB: 235114395/quests, key: 16288","timestamp":"2025-11-01 18:30:46"}
{"level":"\u001b[32minfo\u001b[39m","message":"Quest fetched successfully: 123","timestamp":"2025-11-01 18:30:46"}
{"level":"\u001b[32minfo\u001b[39m","message":"updateMessage called - quest: 123, chatID: 235114395, messageID: 16288, useExpandedMarkup: true","timestamp":"2025-11-01 18:30:46"}
{"level":"\u001b[32minfo\u001b[39m","message":"updateQuestMessage - showImages: false, chatId: 235114395, messageId: 16288","timestamp":"2025-11-01 18:30:46"}
{"level":"\u001b[32minfo\u001b[39m","message":"Updating message text for text mode","timestamp":"2025-11-01 18:30:46"}
{"level":"\u001b[32minfo\u001b[39m","message":"Operation completed successfully on 235114395_16288","timestamp":"2025-11-01 18:30:47"}
{"level":"\u001b[32minfo\u001b[39m","message":"handleTimeTracking called - amount: 0.25, isAdding: true, chatID: 235114395, messageID: 16288, user: 235114395","timestamp":"2025-11-01 18:30:47"}
{"level":"\u001b[32minfo\u001b[39m","message":"queueQuestOperation - questKey: 235114395_16288","timestamp":"2025-11-01 18:30:47"}
{"level":"\u001b[32minfo\u001b[39m","message":"Executing new operation on 235114395_16288","timestamp":"2025-11-01 18:30:47"}
{"level":"\u001b[32minfo\u001b[39m","message":"handleTimeTracking called - amount: 0.25, isAdding: true, chatID: 235114395, messageID: 16288, user: 235114395","timestamp":"2025-11-01 18:30:47"}
{"level":"\u001b[32minfo\u001b[39m","message":"queueQuestOperation - questKey: 235114395_16288","timestamp":"2025-11-01 18:30:47"}
{"level":"\u001b[32minfo\u001b[39m","message":"Waiting for existing operation on 235114395_16288","timestamp":"2025-11-01 18:30:47"}
{"level":"\u001b[32minfo\u001b[39m","message":"handleTimeTracking called - amount: 0.25, isAdding: true, chatID: 235114395, messageID: 16288, user: 235114395","timestamp":"2025-11-01 18:30:47"}
{"level":"\u001b[32minfo\u001b[39m","message":"queueQuestOperation - questKey: 235114395_16288","timestamp":"2025-11-01 18:30:47"}
{"level":"\u001b[32minfo\u001b[39m","message":"Waiting for existing operation on 235114395_16288","timestamp":"2025-11-01 18:30:47"}
{"level":"\u001b[32minfo\u001b[39m","message":"Attempting to fetch quest from DB: 235114395/quests, key: 16288","timestamp":"2025-11-01 18:30:47"}
{"level":"\u001b[32minfo\u001b[39m","message":"Quest fetched successfully: 123","timestamp":"2025-11-01 18:30:47"}
{"level":"\u001b[32minfo\u001b[39m","message":"updateMessage called - quest: 123, chatID: 235114395, messageID: 16288, useExpandedMarkup: true","timestamp":"2025-11-01 18:30:47"}
{"level":"\u001b[32minfo\u001b[39m","message":"updateQuestMessage - showImages: false, chatId: 235114395, messageId: 16288","timestamp":"2025-11-01 18:30:47"}
{"level":"\u001b[32minfo\u001b[39m","message":"Updating message text for text mode","timestamp":"2025-11-01 18:30:47"}
{"level":"\u001b[32minfo\u001b[39m","message":"Operation completed successfully on 235114395_16288","timestamp":"2025-11-01 18:30:47"}
{"level":"\u001b[32minfo\u001b[39m","message":"Executing new operation on 235114395_16288","timestamp":"2025-11-01 18:30:47"}
{"level":"\u001b[32minfo\u001b[39m","message":"Executing new operation on 235114395_16288","timestamp":"2025-11-01 18:30:47"}
{"level":"\u001b[32minfo\u001b[39m","message":"Attempting to fetch quest from DB: 235114395/quests, key: 16288","timestamp":"2025-11-01 18:30:47"}
{"level":"\u001b[32minfo\u001b[39m","message":"Attempting to fetch quest from DB: 235114395/quests, key: 16288","timestamp":"2025-11-01 18:30:47"}
{"level":"\u001b[32minfo\u001b[39m","message":"Quest fetched successfully: 123","timestamp":"2025-11-01 18:30:47"}
{"level":"\u001b[32minfo\u001b[39m","message":"Quest fetched successfully: 123","timestamp":"2025-11-01 18:30:47"}
{"level":"\u001b[32minfo\u001b[39m","message":"updateMessage called - quest: 123, chatID: 235114395, messageID: 16288, useExpandedMarkup: true","timestamp":"2025-11-01 18:30:47"}
{"level":"\u001b[32minfo\u001b[39m","message":"updateMessage called - quest: 123, chatID: 235114395, messageID: 16288, useExpandedMarkup: true","timestamp":"2025-11-01 18:30:47"}
{"level":"\u001b[32minfo\u001b[39m","message":"updateQuestMessage - showImages: false, chatId: 235114395, messageId: 16288","timestamp":"2025-11-01 18:30:47"}
{"level":"\u001b[32minfo\u001b[39m","message":"Updating message text for text mode","timestamp":"2025-11-01 18:30:47"}
{"level":"\u001b[32minfo\u001b[39m","message":"updateQuestMessage - showImages: false, chatId: 235114395, messageId: 16288","timestamp":"2025-11-01 18:30:47"}
{"level":"\u001b[32minfo\u001b[39m","message":"Updating message text for text mode","timestamp":"2025-11-01 18:30:47"}
{"level":"\u001b[31merror\u001b[39m","message":"Error editing message text","on":{"method":"editMessageText","payload":{"chat_id":235114395,"inline_message_id":null,"message_id":16288,"reply_markup":{"inline_keyboard":[[{"callback_data":"participate_quest_235114395_16288","hide":false,"text":"🙋‍♂ Participate"},{"callback_data":"complete_quest_235114395_16288","hide":false,"text":"✔️ Complete"}],[{"callback_data":"appreciate_quest_235114395_16288","hide":false,"text":"👍 Appreciate"},{"callback_data":"schedule_quest_235114395_16288","hide":false,"text":"📅 Schedule"}],[{"callback_data":"stop_quest_235114395_16288","hide":false,"text":"🛑 Stop"},{"callback_data":"cancel_quest_235114395_16288","hide":false,"text":"❌ Cancel"}],[{"callback_data":"subtract_1h_quest_235114395_16288","hide":false,"text":"⏰ -1h"},{"callback_data":"subtract_time_quest_235114395_16288","hide":false,"text":"⏰ -15m"},{"callback_data":"add_time_quest_235114395_16288","hide":false,"text":"⏰ +15m"},{"callback_data":"add_1h_quest_235114395_16288","hide":false,"text":"⏰ +1h"}],[{"callback_data":"descriptions_quest_235114395_16288","hide":false,"text":"📝 Description"},{"callback_data":"checklist_quest_235114395_16288","hide":false,"text":"📋 Subtasks"}],[{"callback_data":"dependencies_quest_235114395_16288","hide":false,"text":"🔗 Dependencies"},{"callback_data":"recurring_quest_235114395_16288","hide":false,"text":"🔄 Never"}],[{"callback_data":"participants_quest_235114395_16288","hide":false,"text":"👥 Select Participants"}],[{"callback_data":"publish_quest_235114395_16288","hide":false,"text":"📢 Publish"},{"hide":false,"text":"📊 Dashboard","url":"https://dashboard.holons.io/235114395/tasks?task=16288"}],[{"callback_data":"less_actions_235114395_16288","hide":false,"text":"🔼 Less Actions"}]]},"text":"| Task: 123                                                                                                                                                                                                     \n| 💡 by: Roberto V.\n| 🙋‍♂ Joined by: Roberto V. (3.75h)\n| 🚥 Status: Ongoing\n"}},"response":{"description":"Bad Request: message is not modified: specified new message content and reply markup are exactly the same as a current content and reply markup of the message","error_code":400,"ok":false},"timestamp":"2025-11-01 18:30:48"}
{"level":"\u001b[32minfo\u001b[39m","message":"Operation completed successfully on 235114395_16288","timestamp":"2025-11-01 18:30:48"}
{"level":"\u001b[32minfo\u001b[39m","message":"Operation completed successfully on 235114395_16288","timestamp":"2025-11-01 18:30:48"}
{"level":"\u001b[32minfo\u001b[39m","message":"handleParticipation called - action: appreciate, chatID: 235114395, messageID: 16288, user: 235114395","timestamp":"2025-11-01 18:30:53"}
{"level":"\u001b[32minfo\u001b[39m","message":"queueQuestOperation - questKey: 235114395_16288","timestamp":"2025-11-01 18:30:53"}
{"level":"\u001b[32minfo\u001b[39m","message":"Executing new operation on 235114395_16288","timestamp":"2025-11-01 18:30:53"}
{"level":"\u001b[32minfo\u001b[39m","message":"Attempting to fetch quest from DB: 235114395/quests, key: 16288","timestamp":"2025-11-01 18:30:53"}
{"level":"\u001b[32minfo\u001b[39m","message":"Quest fetched successfully: 123","timestamp":"2025-11-01 18:30:53"}
{"level":"\u001b[32minfo\u001b[39m","message":"updateMessage called - quest: 123, chatID: 235114395, messageID: 16288, useExpandedMarkup: false","timestamp":"2025-11-01 18:30:53"}
{"level":"\u001b[32minfo\u001b[39m","message":"updateQuestMessage - showImages: false, chatId: 235114395, messageId: 16288","timestamp":"2025-11-01 18:30:53"}
{"level":"\u001b[32minfo\u001b[39m","message":"Updating message text for text mode","timestamp":"2025-11-01 18:30:53"}
{"level":"\u001b[32minfo\u001b[39m","message":"Operation completed successfully on 235114395_16288","timestamp":"2025-11-01 18:30:53"}
{"level":"\u001b[32minfo\u001b[39m","message":"handleParticipation called - action: appreciate, chatID: 235114395, messageID: 16288, user: 235114395","timestamp":"2025-11-01 18:30:56"}
{"level":"\u001b[32minfo\u001b[39m","message":"queueQuestOperation - questKey: 235114395_16288","timestamp":"2025-11-01 18:30:56"}
{"level":"\u001b[32minfo\u001b[39m","message":"Executing new operation on 235114395_16288","timestamp":"2025-11-01 18:30:56"}
{"level":"\u001b[32minfo\u001b[39m","message":"Attempting to fetch quest from DB: 235114395/quests, key: 16288","timestamp":"2025-11-01 18:30:56"}
{"level":"\u001b[32minfo\u001b[39m","message":"Quest fetched successfully: 123","timestamp":"2025-11-01 18:30:56"}
{"level":"\u001b[32minfo\u001b[39m","message":"updateMessage called - quest: 123, chatID: 235114395, messageID: 16288, useExpandedMarkup: false","timestamp":"2025-11-01 18:30:56"}
{"level":"\u001b[32minfo\u001b[39m","message":"updateQuestMessage - showImages: false, chatId: 235114395, messageId: 16288","timestamp":"2025-11-01 18:30:56"}
{"level":"\u001b[32minfo\u001b[39m","message":"Updating message text for text mode","timestamp":"2025-11-01 18:30:56"}
{"level":"\u001b[32minfo\u001b[39m","message":"Operation completed successfully on 235114395_16288","timestamp":"2025-11-01 18:30:56"}
{"level":"\u001b[32minfo\u001b[39m","message":"handleParticipation called - action: join, chatID: 235114395, messageID: 16288, user: 235114395","timestamp":"2025-11-01 18:30:57"}
{"level":"\u001b[32minfo\u001b[39m","message":"queueQuestOperation - questKey: 235114395_16288","timestamp":"2025-11-01 18:30:57"}
{"level":"\u001b[32minfo\u001b[39m","message":"Executing new operation on 235114395_16288","timestamp":"2025-11-01 18:30:57"}
{"level":"\u001b[32minfo\u001b[39m","message":"Attempting to fetch quest from DB: 235114395/quests, key: 16288","timestamp":"2025-11-01 18:30:57"}
{"level":"\u001b[32minfo\u001b[39m","message":"Quest fetched successfully: 123","timestamp":"2025-11-01 18:30:57"}
{"level":"\u001b[32minfo\u001b[39m","message":"updateMessage called - quest: 123, chatID: 235114395, messageID: 16288, useExpandedMarkup: false","timestamp":"2025-11-01 18:30:57"}
{"level":"\u001b[32minfo\u001b[39m","message":"updateQuestMessage - showImages: false, chatId: 235114395, messageId: 16288","timestamp":"2025-11-01 18:30:57"}
{"level":"\u001b[32minfo\u001b[39m","message":"Updating message text for text mode","timestamp":"2025-11-01 18:30:57"}
{"level":"\u001b[32minfo\u001b[39m","message":"Operation completed successfully on 235114395_16288","timestamp":"2025-11-01 18:30:57"}
{"level":"\u001b[32minfo\u001b[39m","message":"handleParticipation called - action: join, chatID: 235114395, messageID: 16288, user: 235114395","timestamp":"2025-11-01 18:31:12"}
{"level":"\u001b[32minfo\u001b[39m","message":"queueQuestOperation - questKey: 235114395_16288","timestamp":"2025-11-01 18:31:12"}
{"level":"\u001b[32minfo\u001b[39m","message":"Executing new operation on 235114395_16288","timestamp":"2025-11-01 18:31:12"}
{"level":"\u001b[32minfo\u001b[39m","message":"Attempting to fetch quest from DB: 235114395/quests, key: 16288","timestamp":"2025-11-01 18:31:12"}
{"level":"\u001b[32minfo\u001b[39m","message":"Quest fetched successfully: null","timestamp":"2025-11-01 18:31:12"}
{"level":"\u001b[33mwarn\u001b[39m","message":"Quest does not exist: 235114395/quests/16288","timestamp":"2025-11-01 18:31:12"}
{"level":"\u001b[32minfo\u001b[39m","message":"Operation completed successfully on 235114395_16288","timestamp":"2025-11-01 18:31:12"}
{"level":"\u001b[32minfo\u001b[39m","message":"Starting HolonsBot","timestamp":"2025-11-01 18:32:16"}
{"appname":"Holons","level":"\u001b[32minfo\u001b[39m","message":"Starting HolonsBot initialization","timestamp":"2025-11-01 18:32:17"}
{"level":"\u001b[32minfo\u001b[39m","message":"Telegram bot initialized (not yet launched)","timestamp":"2025-11-01 18:32:17"}
{"level":"\u001b[32minfo\u001b[39m","message":"SignalManager initialized","timestamp":"2025-11-01 18:32:17"}
{"appname":"Holons","level":"\u001b[32minfo\u001b[39m","message":"Database initialized","timestamp":"2025-11-01 18:32:17"}
{"level":"\u001b[32minfo\u001b[39m","message":"InputScene utility initialized and registered","timestamp":"2025-11-01 18:32:17"}
{"level":"\u001b[32minfo\u001b[39m","message":"Starting HolonsBot","timestamp":"2025-11-01 18:32:24"}
{"appname":"Holons","level":"\u001b[32minfo\u001b[39m","message":"Starting HolonsBot initialization","timestamp":"2025-11-01 18:32:24"}
{"level":"\u001b[32minfo\u001b[39m","message":"Telegram bot initialized (not yet launched)","timestamp":"2025-11-01 18:32:24"}
{"level":"\u001b[32minfo\u001b[39m","message":"SignalManager initialized","timestamp":"2025-11-01 18:32:24"}
{"appname":"Holons","level":"\u001b[32minfo\u001b[39m","message":"Database initialized","timestamp":"2025-11-01 18:32:24"}
{"level":"\u001b[32minfo\u001b[39m","message":"InputScene utility initialized and registered","timestamp":"2025-11-01 18:32:25"}
{"level":"\u001b[32minfo\u001b[39m","message":"Starting HolonsBot","timestamp":"2025-11-01 18:32:36"}
{"appname":"Holons","level":"\u001b[32minfo\u001b[39m","message":"Starting HolonsBot initialization","timestamp":"2025-11-01 18:32:37"}
{"level":"\u001b[32minfo\u001b[39m","message":"Telegram bot initialized (not yet launched)","timestamp":"2025-11-01 18:32:37"}
{"level":"\u001b[32minfo\u001b[39m","message":"SignalManager initialized","timestamp":"2025-11-01 18:32:37"}
{"appname":"Holons","level":"\u001b[32minfo\u001b[39m","message":"Database initialized","timestamp":"2025-11-01 18:32:37"}
{"level":"\u001b[32minfo\u001b[39m","message":"InputScene utility initialized and registered","timestamp":"2025-11-01 18:32:37"}
{"level":"\u001b[32minfo\u001b[39m","message":"Starting HolonsBot","timestamp":"2025-11-01 18:33:15"}
{"appname":"Holons","level":"\u001b[32minfo\u001b[39m","message":"Starting HolonsBot initialization","timestamp":"2025-11-01 18:33:15"}
{"level":"\u001b[32minfo\u001b[39m","message":"Telegram bot initialized (not yet launched)","timestamp":"2025-11-01 18:33:15"}
{"level":"\u001b[32minfo\u001b[39m","message":"SignalManager initialized","timestamp":"2025-11-01 18:33:15"}
{"appname":"Holons","level":"\u001b[32minfo\u001b[39m","message":"Database initialized","timestamp":"2025-11-01 18:33:15"}
{"level":"\u001b[32minfo\u001b[39m","message":"InputScene utility initialized and registered","timestamp":"2025-11-01 18:33:16"}
{"level":"\u001b[32minfo\u001b[39m","message":"Starting HolonsBot","timestamp":"2025-11-01 18:33:26"}
{"appname":"Holons","level":"\u001b[32minfo\u001b[39m","message":"Starting HolonsBot initialization","timestamp":"2025-11-01 18:33:27"}
{"level":"\u001b[32minfo\u001b[39m","message":"Telegram bot initialized (not yet launched)","timestamp":"2025-11-01 18:33:27"}
{"level":"\u001b[32minfo\u001b[39m","message":"SignalManager initialized","timestamp":"2025-11-01 18:33:27"}
{"appname":"Holons","level":"\u001b[32minfo\u001b[39m","message":"Database initialized","timestamp":"2025-11-01 18:33:27"}
{"level":"\u001b[32minfo\u001b[39m","message":"InputScene utility initialized and registered","timestamp":"2025-11-01 18:33:28"}
{"level":"\u001b[32minfo\u001b[39m","message":"Starting HolonsBot","timestamp":"2025-11-01 18:33:38"}
{"appname":"Holons","level":"\u001b[32minfo\u001b[39m","message":"Starting HolonsBot initialization","timestamp":"2025-11-01 18:33:39"}
{"level":"\u001b[32minfo\u001b[39m","message":"Telegram bot initialized (not yet launched)","timestamp":"2025-11-01 18:33:39"}
{"level":"\u001b[32minfo\u001b[39m","message":"SignalManager initialized","timestamp":"2025-11-01 18:33:39"}
{"appname":"Holons","level":"\u001b[32minfo\u001b[39m","message":"Database initialized","timestamp":"2025-11-01 18:33:39"}
{"level":"\u001b[32minfo\u001b[39m","message":"InputScene utility initialized and registered","timestamp":"2025-11-01 18:33:39"}
{"level":"\u001b[32minfo\u001b[39m","message":"Starting HolonsBot","timestamp":"2025-11-01 18:33:46"}
{"appname":"Holons","level":"\u001b[32minfo\u001b[39m","message":"Starting HolonsBot initialization","timestamp":"2025-11-01 18:33:46"}
{"level":"\u001b[32minfo\u001b[39m","message":"Telegram bot initialized (not yet launched)","timestamp":"2025-11-01 18:33:46"}
{"level":"\u001b[32minfo\u001b[39m","message":"SignalManager initialized","timestamp":"2025-11-01 18:33:46"}
{"appname":"Holons","level":"\u001b[32minfo\u001b[39m","message":"Database initialized","timestamp":"2025-11-01 18:33:47"}
{"level":"\u001b[32minfo\u001b[39m","message":"InputScene utility initialized and registered","timestamp":"2025-11-01 18:33:47"}
{"level":"\u001b[32minfo\u001b[39m","message":"Starting HolonsBot","timestamp":"2025-11-01 18:33:58"}
{"appname":"Holons","level":"\u001b[32minfo\u001b[39m","message":"Starting HolonsBot initialization","timestamp":"2025-11-01 18:33:59"}
{"level":"\u001b[32minfo\u001b[39m","message":"Telegram bot initialized (not yet launched)","timestamp":"2025-11-01 18:33:59"}
{"level":"\u001b[32minfo\u001b[39m","message":"SignalManager initialized","timestamp":"2025-11-01 18:33:59"}
{"appname":"Holons","level":"\u001b[32minfo\u001b[39m","message":"Database initialized","timestamp":"2025-11-01 18:33:59"}
{"level":"\u001b[32minfo\u001b[39m","message":"InputScene utility initialized and registered","timestamp":"2025-11-01 18:33:59"}
{"level":"\u001b[32minfo\u001b[39m","message":"Starting HolonsBot","timestamp":"2025-11-01 20:40:16"}
{"appname":"Holons","level":"\u001b[32minfo\u001b[39m","message":"Starting HolonsBot initialization","timestamp":"2025-11-01 20:40:17"}
{"level":"\u001b[32minfo\u001b[39m","message":"Telegram bot initialized (not yet launched)","timestamp":"2025-11-01 20:40:17"}
{"level":"\u001b[32minfo\u001b[39m","message":"SignalManager initialized","timestamp":"2025-11-01 20:40:17"}
{"appname":"Holons","level":"\u001b[32minfo\u001b[39m","message":"Database initialized","timestamp":"2025-11-01 20:40:17"}
{"level":"\u001b[32minfo\u001b[39m","message":"InputScene utility initialized and registered","timestamp":"2025-11-01 20:40:18"}
{"level":"\u001b[32minfo\u001b[39m","message":"Starting HolonsBot","timestamp":"2025-11-01 20:40:22"}
{"appname":"Holons","level":"\u001b[32minfo\u001b[39m","message":"Starting HolonsBot initialization","timestamp":"2025-11-01 20:40:22"}
{"level":"\u001b[32minfo\u001b[39m","message":"Telegram bot initialized (not yet launched)","timestamp":"2025-11-01 20:40:22"}
{"level":"\u001b[32minfo\u001b[39m","message":"SignalManager initialized","timestamp":"2025-11-01 20:40:22"}
{"appname":"Holons","level":"\u001b[32minfo\u001b[39m","message":"Database initialized","timestamp":"2025-11-01 20:40:23"}
{"level":"\u001b[32minfo\u001b[39m","message":"InputScene utility initialized and registered","timestamp":"2025-11-01 20:40:23"}
{"level":"\u001b[32minfo\u001b[39m","message":"Starting HolonsBot","timestamp":"2025-11-01 20:41:16"}
{"appname":"Holons","level":"\u001b[32minfo\u001b[39m","message":"Starting HolonsBot initialization","timestamp":"2025-11-01 20:41:17"}
{"level":"\u001b[32minfo\u001b[39m","message":"Telegram bot initialized (not yet launched)","timestamp":"2025-11-01 20:41:17"}
{"level":"\u001b[32minfo\u001b[39m","message":"SignalManager initialized","timestamp":"2025-11-01 20:41:17"}
{"appname":"Holons","level":"\u001b[32minfo\u001b[39m","message":"Database initialized","timestamp":"2025-11-01 20:41:17"}
{"level":"\u001b[32minfo\u001b[39m","message":"InputScene utility initialized and registered","timestamp":"2025-11-01 20:41:17"}
{"level":"\u001b[32minfo\u001b[39m","message":"Starting HolonsBot","timestamp":"2025-11-01 20:41:25"}
{"appname":"Holons","level":"\u001b[32minfo\u001b[39m","message":"Starting HolonsBot initialization","timestamp":"2025-11-01 20:41:26"}
{"level":"\u001b[32minfo\u001b[39m","message":"Telegram bot initialized (not yet launched)","timestamp":"2025-11-01 20:41:26"}
{"level":"\u001b[32minfo\u001b[39m","message":"SignalManager initialized","timestamp":"2025-11-01 20:41:26"}
{"appname":"Holons","level":"\u001b[32minfo\u001b[39m","message":"Database initialized","timestamp":"2025-11-01 20:41:26"}
{"level":"\u001b[32minfo\u001b[39m","message":"InputScene utility initialized and registered","timestamp":"2025-11-01 20:41:26"}
{"level":"\u001b[32minfo\u001b[39m","message":"SIGINT received, shutting down gracefully","timestamp":"2025-11-01 21:02:19"}
{"level":"\u001b[32minfo\u001b[39m","message":"Starting HolonsBot","timestamp":"2025-11-01 21:02:21"}
{"appname":"Holons","level":"\u001b[32minfo\u001b[39m","message":"Starting HolonsBot initialization","timestamp":"2025-11-01 21:02:22"}
{"level":"\u001b[32minfo\u001b[39m","message":"Telegram bot initialized (not yet launched)","timestamp":"2025-11-01 21:02:22"}
{"level":"\u001b[32minfo\u001b[39m","message":"SignalManager initialized","timestamp":"2025-11-01 21:02:22"}
{"appname":"Holons","level":"\u001b[32minfo\u001b[39m","message":"Database initialized","timestamp":"2025-11-01 21:02:22"}
{"level":"\u001b[32minfo\u001b[39m","message":"InputScene utility initialized and registered","timestamp":"2025-11-01 21:02:22"}
{"level":"\u001b[32minfo\u001b[39m","message":"handleParticipation called - action: join, chatID: 235114395, messageID: 16291, user: 235114395","timestamp":"2025-11-01 21:03:00"}
{"level":"\u001b[32minfo\u001b[39m","message":"queueQuestOperation - questKey: 235114395_16291","timestamp":"2025-11-01 21:03:00"}
{"level":"\u001b[32minfo\u001b[39m","message":"Executing new operation on 235114395_16291","timestamp":"2025-11-01 21:03:00"}
{"level":"\u001b[32minfo\u001b[39m","message":"Attempting to fetch quest from DB: 235114395/quests, key: 16291","timestamp":"2025-11-01 21:03:00"}
{"level":"\u001b[32minfo\u001b[39m","message":"Quest fetched successfully: asd","timestamp":"2025-11-01 21:03:00"}
{"level":"\u001b[32minfo\u001b[39m","message":"updateMessage called - quest: asd, chatID: 235114395, messageID: 16291, useExpandedMarkup: false","timestamp":"2025-11-01 21:03:00"}
{"level":"\u001b[32minfo\u001b[39m","message":"updateQuestMessage - showImages: false, chatId: 235114395, messageId: 16291","timestamp":"2025-11-01 21:03:00"}
{"level":"\u001b[32minfo\u001b[39m","message":"Updating message text for text mode","timestamp":"2025-11-01 21:03:00"}
{"level":"\u001b[32minfo\u001b[39m","message":"Operation completed successfully on 235114395_16291","timestamp":"2025-11-01 21:03:00"}
{"level":"\u001b[32minfo\u001b[39m","message":"handleParticipation called - action: join, chatID: 235114395, messageID: 16291, user: 235114395","timestamp":"2025-11-01 21:03:01"}
{"level":"\u001b[32minfo\u001b[39m","message":"queueQuestOperation - questKey: 235114395_16291","timestamp":"2025-11-01 21:03:01"}
{"level":"\u001b[32minfo\u001b[39m","message":"Executing new operation on 235114395_16291","timestamp":"2025-11-01 21:03:01"}
{"level":"\u001b[32minfo\u001b[39m","message":"Attempting to fetch quest from DB: 235114395/quests, key: 16291","timestamp":"2025-11-01 21:03:01"}
{"level":"\u001b[32minfo\u001b[39m","message":"Quest fetched successfully: asd","timestamp":"2025-11-01 21:03:01"}
{"level":"\u001b[32minfo\u001b[39m","message":"updateMessage called - quest: asd, chatID: 235114395, messageID: 16291, useExpandedMarkup: false","timestamp":"2025-11-01 21:03:01"}
{"level":"\u001b[32minfo\u001b[39m","message":"updateQuestMessage - showImages: false, chatId: 235114395, messageId: 16291","timestamp":"2025-11-01 21:03:01"}
{"level":"\u001b[32minfo\u001b[39m","message":"Updating message text for text mode","timestamp":"2025-11-01 21:03:01"}
{"level":"\u001b[32minfo\u001b[39m","message":"Operation completed successfully on 235114395_16291","timestamp":"2025-11-01 21:03:02"}
{"level":"\u001b[32minfo\u001b[39m","message":"updateQuestMessage - showImages: false, chatId: 235114395, messageId: 16291","timestamp":"2025-11-01 21:03:06"}
{"level":"\u001b[32minfo\u001b[39m","message":"Updating message text for text mode","timestamp":"2025-11-01 21:03:06"}
{"level":"\u001b[32minfo\u001b[39m","message":"handleTimeTracking called - amount: 0.25, isAdding: true, chatID: 235114395, messageID: 16291, user: 235114395","timestamp":"2025-11-01 21:03:08"}
{"level":"\u001b[32minfo\u001b[39m","message":"queueQuestOperation - questKey: 235114395_16291","timestamp":"2025-11-01 21:03:08"}
{"level":"\u001b[32minfo\u001b[39m","message":"Executing new operation on 235114395_16291","timestamp":"2025-11-01 21:03:08"}
{"level":"\u001b[32minfo\u001b[39m","message":"Attempting to fetch quest from DB: 235114395/quests, key: 16291","timestamp":"2025-11-01 21:03:08"}
{"level":"\u001b[32minfo\u001b[39m","message":"Quest fetched successfully: asd","timestamp":"2025-11-01 21:03:08"}
{"level":"\u001b[32minfo\u001b[39m","message":"updateMessage called - quest: asd, chatID: 235114395, messageID: 16291, useExpandedMarkup: true","timestamp":"2025-11-01 21:03:08"}
{"level":"\u001b[32minfo\u001b[39m","message":"updateQuestMessage - showImages: false, chatId: 235114395, messageId: 16291","timestamp":"2025-11-01 21:03:08"}
{"level":"\u001b[32minfo\u001b[39m","message":"Updating message text for text mode","timestamp":"2025-11-01 21:03:08"}
{"level":"\u001b[32minfo\u001b[39m","message":"Operation completed successfully on 235114395_16291","timestamp":"2025-11-01 21:03:08"}
{"level":"\u001b[32minfo\u001b[39m","message":"handleTimeTracking called - amount: 0.25, isAdding: true, chatID: 235114395, messageID: 16291, user: 235114395","timestamp":"2025-11-01 21:03:09"}
{"level":"\u001b[32minfo\u001b[39m","message":"queueQuestOperation - questKey: 235114395_16291","timestamp":"2025-11-01 21:03:09"}
{"level":"\u001b[32minfo\u001b[39m","message":"Executing new operation on 235114395_16291","timestamp":"2025-11-01 21:03:09"}
{"level":"\u001b[32minfo\u001b[39m","message":"Attempting to fetch quest from DB: 235114395/quests, key: 16291","timestamp":"2025-11-01 21:03:09"}
{"level":"\u001b[32minfo\u001b[39m","message":"Quest fetched successfully: asd","timestamp":"2025-11-01 21:03:09"}
{"level":"\u001b[32minfo\u001b[39m","message":"updateMessage called - quest: asd, chatID: 235114395, messageID: 16291, useExpandedMarkup: true","timestamp":"2025-11-01 21:03:09"}
{"level":"\u001b[32minfo\u001b[39m","message":"updateQuestMessage - showImages: false, chatId: 235114395, messageId: 16291","timestamp":"2025-11-01 21:03:10"}
{"level":"\u001b[32minfo\u001b[39m","message":"Updating message text for text mode","timestamp":"2025-11-01 21:03:10"}
{"level":"\u001b[32minfo\u001b[39m","message":"Operation completed successfully on 235114395_16291","timestamp":"2025-11-01 21:03:10"}
{"level":"\u001b[32minfo\u001b[39m","message":"handleTimeTracking called - amount: 0.25, isAdding: true, chatID: 235114395, messageID: 16291, user: 235114395","timestamp":"2025-11-01 21:03:10"}
{"level":"\u001b[32minfo\u001b[39m","message":"queueQuestOperation - questKey: 235114395_16291","timestamp":"2025-11-01 21:03:10"}
{"level":"\u001b[32minfo\u001b[39m","message":"Executing new operation on 235114395_16291","timestamp":"2025-11-01 21:03:10"}
{"level":"\u001b[32minfo\u001b[39m","message":"Attempting to fetch quest from DB: 235114395/quests, key: 16291","timestamp":"2025-11-01 21:03:10"}
{"level":"\u001b[32minfo\u001b[39m","message":"Quest fetched successfully: asd","timestamp":"2025-11-01 21:03:10"}
{"level":"\u001b[32minfo\u001b[39m","message":"updateMessage called - quest: asd, chatID: 235114395, messageID: 16291, useExpandedMarkup: true","timestamp":"2025-11-01 21:03:10"}
{"level":"\u001b[32minfo\u001b[39m","message":"updateQuestMessage - showImages: false, chatId: 235114395, messageId: 16291","timestamp":"2025-11-01 21:03:10"}
{"level":"\u001b[32minfo\u001b[39m","message":"Updating message text for text mode","timestamp":"2025-11-01 21:03:10"}
{"level":"\u001b[32minfo\u001b[39m","message":"Operation completed successfully on 235114395_16291","timestamp":"2025-11-01 21:03:11"}
{"level":"\u001b[32minfo\u001b[39m","message":"handleTimeTracking called - amount: 0.25, isAdding: true, chatID: 235114395, messageID: 16291, user: 235114395","timestamp":"2025-11-01 21:03:11"}
{"level":"\u001b[32minfo\u001b[39m","message":"queueQuestOperation - questKey: 235114395_16291","timestamp":"2025-11-01 21:03:11"}
{"level":"\u001b[32minfo\u001b[39m","message":"Executing new operation on 235114395_16291","timestamp":"2025-11-01 21:03:11"}
{"level":"\u001b[32minfo\u001b[39m","message":"Attempting to fetch quest from DB: 235114395/quests, key: 16291","timestamp":"2025-11-01 21:03:11"}
{"level":"\u001b[32minfo\u001b[39m","message":"Quest fetched successfully: asd","timestamp":"2025-11-01 21:03:11"}
{"level":"\u001b[32minfo\u001b[39m","message":"updateMessage called - quest: asd, chatID: 235114395, messageID: 16291, useExpandedMarkup: true","timestamp":"2025-11-01 21:03:11"}
{"level":"\u001b[32minfo\u001b[39m","message":"updateQuestMessage - showImages: false, chatId: 235114395, messageId: 16291","timestamp":"2025-11-01 21:03:11"}
{"level":"\u001b[32minfo\u001b[39m","message":"Updating message text for text mode","timestamp":"2025-11-01 21:03:11"}
{"level":"\u001b[32minfo\u001b[39m","message":"Operation completed successfully on 235114395_16291","timestamp":"2025-11-01 21:03:11"}
{"level":"\u001b[32minfo\u001b[39m","message":"handleTimeTracking called - amount: 0.25, isAdding: true, chatID: 235114395, messageID: 16291, user: 235114395","timestamp":"2025-11-01 21:03:11"}
{"level":"\u001b[32minfo\u001b[39m","message":"queueQuestOperation - questKey: 235114395_16291","timestamp":"2025-11-01 21:03:11"}
{"level":"\u001b[32minfo\u001b[39m","message":"Executing new operation on 235114395_16291","timestamp":"2025-11-01 21:03:11"}
{"level":"\u001b[32minfo\u001b[39m","message":"Attempting to fetch quest from DB: 235114395/quests, key: 16291","timestamp":"2025-11-01 21:03:11"}
{"level":"\u001b[32minfo\u001b[39m","message":"Quest fetched successfully: asd","timestamp":"2025-11-01 21:03:11"}
{"level":"\u001b[32minfo\u001b[39m","message":"updateMessage called - quest: asd, chatID: 235114395, messageID: 16291, useExpandedMarkup: true","timestamp":"2025-11-01 21:03:11"}
{"level":"\u001b[32minfo\u001b[39m","message":"updateQuestMessage - showImages: false, chatId: 235114395, messageId: 16291","timestamp":"2025-11-01 21:03:12"}
{"level":"\u001b[32minfo\u001b[39m","message":"Updating message text for text mode","timestamp":"2025-11-01 21:03:12"}
{"level":"\u001b[32minfo\u001b[39m","message":"Operation completed successfully on 235114395_16291","timestamp":"2025-11-01 21:03:12"}
{"level":"\u001b[32minfo\u001b[39m","message":"SIGINT received, shutting down gracefully","timestamp":"2025-11-01 21:03:18"}
{"level":"\u001b[32minfo\u001b[39m","message":"Starting HolonsBot","timestamp":"2025-11-01 21:03:19"}
{"appname":"Holons","level":"\u001b[32minfo\u001b[39m","message":"Starting HolonsBot initialization","timestamp":"2025-11-01 21:03:19"}
{"level":"\u001b[32minfo\u001b[39m","message":"Telegram bot initialized (not yet launched)","timestamp":"2025-11-01 21:03:19"}
{"level":"\u001b[32minfo\u001b[39m","message":"SignalManager initialized","timestamp":"2025-11-01 21:03:19"}
{"appname":"Holons","level":"\u001b[32minfo\u001b[39m","message":"Database initialized","timestamp":"2025-11-01 21:03:19"}
{"level":"\u001b[32minfo\u001b[39m","message":"InputScene utility initialized and registered","timestamp":"2025-11-01 21:03:20"}
{"level":"\u001b[32minfo\u001b[39m","message":"handleParticipation called - action: join, chatID: 235114395, messageID: 16291, user: 235114395","timestamp":"2025-11-01 21:03:24"}
{"level":"\u001b[32minfo\u001b[39m","message":"queueQuestOperation - questKey: 235114395_16291","timestamp":"2025-11-01 21:03:24"}
{"level":"\u001b[32minfo\u001b[39m","message":"Executing new operation on 235114395_16291","timestamp":"2025-11-01 21:03:24"}
{"level":"\u001b[32minfo\u001b[39m","message":"Attempting to fetch quest from DB: 235114395/quests, key: 16291","timestamp":"2025-11-01 21:03:24"}
{"level":"\u001b[32minfo\u001b[39m","message":"Quest fetched successfully: null","timestamp":"2025-11-01 21:03:24"}
{"level":"\u001b[33mwarn\u001b[39m","message":"Quest does not exist: 235114395/quests/16291","timestamp":"2025-11-01 21:03:24"}
{"level":"\u001b[32minfo\u001b[39m","message":"Operation completed successfully on 235114395_16291","timestamp":"2025-11-01 21:03:24"}
{"level":"\u001b[32minfo\u001b[39m","message":"Starting HolonsBot","timestamp":"2025-11-01 21:05:30"}
{"appname":"Holons","level":"\u001b[32minfo\u001b[39m","message":"Starting HolonsBot initialization","timestamp":"2025-11-01 21:05:31"}
{"level":"\u001b[32minfo\u001b[39m","message":"Telegram bot initialized (not yet launched)","timestamp":"2025-11-01 21:05:31"}
{"level":"\u001b[32minfo\u001b[39m","message":"SignalManager initialized","timestamp":"2025-11-01 21:05:31"}
{"appname":"Holons","level":"\u001b[32minfo\u001b[39m","message":"Database initialized","timestamp":"2025-11-01 21:05:31"}
{"level":"\u001b[32minfo\u001b[39m","message":"InputScene utility initialized and registered","timestamp":"2025-11-01 21:05:32"}
{"level":"\u001b[32minfo\u001b[39m","message":"Starting HolonsBot","timestamp":"2025-11-01 21:05:53"}
{"error":"Cannot find module '/Users/roberto/Projects/HolonsBot/utils/key-storage.js' imported from /Users/roberto/Projects/HolonsBot/DB.js","level":"\u001b[31merror\u001b[39m","message":"Failed to start HolonsBot - Will retry in 10 seconds","stack":"Error [ERR_MODULE_NOT_FOUND]: Cannot find module '/Users/roberto/Projects/HolonsBot/utils/key-storage.js' imported from /Users/roberto/Projects/HolonsBot/DB.js\n    at finalizeResolution (node:internal/modules/esm/resolve:274:11)\n    at moduleResolve (node:internal/modules/esm/resolve:859:10)\n    at defaultResolve (node:internal/modules/esm/resolve:983:11)\n    at #cachedDefaultResolve (node:internal/modules/esm/loader:731:20)\n    at ModuleLoader.resolve (node:internal/modules/esm/loader:708:38)\n    at ModuleLoader.getModuleJobForImport (node:internal/modules/esm/loader:310:38)\n    at ModuleJob._link (node:internal/modules/esm/module_job:183:49)\n    at process.processTicksAndRejections (node:internal/process/task_queues:105:5)","timestamp":"2025-11-01 21:05:53"}
{"level":"\u001b[32minfo\u001b[39m","message":"Starting HolonsBot","timestamp":"2025-11-01 21:05:58"}
{"error":"Cannot find package 'nostr-tools' imported from /Users/roberto/Projects/HolonsBot/DB.js","level":"\u001b[31merror\u001b[39m","message":"Failed to start HolonsBot - Will retry in 10 seconds","stack":"Error [ERR_MODULE_NOT_FOUND]: Cannot find package 'nostr-tools' imported from /Users/roberto/Projects/HolonsBot/DB.js\n    at Object.getPackageJSONURL (node:internal/modules/package_json_reader:266:9)\n    at packageResolve (node:internal/modules/esm/resolve:767:81)\n    at moduleResolve (node:internal/modules/esm/resolve:853:18)\n    at defaultResolve (node:internal/modules/esm/resolve:983:11)\n    at #cachedDefaultResolve (node:internal/modules/esm/loader:731:20)\n    at ModuleLoader.resolve (node:internal/modules/esm/loader:708:38)\n    at ModuleLoader.getModuleJobForImport (node:internal/modules/esm/loader:310:38)\n    at ModuleJob._link (node:internal/modules/esm/module_job:183:49)\n    at process.processTicksAndRejections (node:internal/process/task_queues:105:5)","timestamp":"2025-11-01 21:05:58"}
{"level":"\u001b[32minfo\u001b[39m","message":"Retrying bot startup...","timestamp":"2025-11-01 21:06:08"}
{"level":"\u001b[32minfo\u001b[39m","message":"Starting HolonsBot","timestamp":"2025-11-01 21:06:08"}
{"error":"Cannot find package 'nostr-tools' imported from /Users/roberto/Projects/HolonsBot/DB.js","level":"\u001b[31merror\u001b[39m","message":"Failed to start HolonsBot - Will retry in 10 seconds","stack":"Error [ERR_MODULE_NOT_FOUND]: Cannot find package 'nostr-tools' imported from /Users/roberto/Projects/HolonsBot/DB.js\n    at Object.getPackageJSONURL (node:internal/modules/package_json_reader:266:9)\n    at packageResolve (node:internal/modules/esm/resolve:767:81)\n    at moduleResolve (node:internal/modules/esm/resolve:853:18)\n    at defaultResolve (node:internal/modules/esm/resolve:983:11)\n    at #cachedDefaultResolve (node:internal/modules/esm/loader:731:20)\n    at ModuleLoader.resolve (node:internal/modules/esm/loader:708:38)\n    at ModuleLoader.getModuleJobForImport (node:internal/modules/esm/loader:310:38)\n    at ModuleJob._link (node:internal/modules/esm/module_job:183:49)\n    at process.processTicksAndRejections (node:internal/process/task_queues:105:5)","timestamp":"2025-11-01 21:06:08"}
{"level":"\u001b[32minfo\u001b[39m","message":"Retrying bot startup...","timestamp":"2025-11-01 21:06:18"}
{"level":"\u001b[32minfo\u001b[39m","message":"Starting HolonsBot","timestamp":"2025-11-01 21:06:18"}
{"error":"Cannot find package 'nostr-tools' imported from /Users/roberto/Projects/HolonsBot/DB.js","level":"\u001b[31merror\u001b[39m","message":"Failed to start HolonsBot - Will retry in 10 seconds","stack":"Error [ERR_MODULE_NOT_FOUND]: Cannot find package 'nostr-tools' imported from /Users/roberto/Projects/HolonsBot/DB.js\n    at Object.getPackageJSONURL (node:internal/modules/package_json_reader:266:9)\n    at packageResolve (node:internal/modules/esm/resolve:767:81)\n    at moduleResolve (node:internal/modules/esm/resolve:853:18)\n    at defaultResolve (node:internal/modules/esm/resolve:983:11)\n    at #cachedDefaultResolve (node:internal/modules/esm/loader:731:20)\n    at ModuleLoader.resolve (node:internal/modules/esm/loader:708:38)\n    at ModuleLoader.getModuleJobForImport (node:internal/modules/esm/loader:310:38)\n    at ModuleJob._link (node:internal/modules/esm/module_job:183:49)\n    at process.processTicksAndRejections (node:internal/process/task_queues:105:5)","timestamp":"2025-11-01 21:06:18"}
{"level":"\u001b[32minfo\u001b[39m","message":"Retrying bot startup...","timestamp":"2025-11-01 21:06:28"}
{"level":"\u001b[32minfo\u001b[39m","message":"Starting HolonsBot","timestamp":"2025-11-01 21:06:28"}
{"error":"Cannot find package 'nostr-tools' imported from /Users/roberto/Projects/HolonsBot/DB.js","level":"\u001b[31merror\u001b[39m","message":"Failed to start HolonsBot - Will retry in 10 seconds","stack":"Error [ERR_MODULE_NOT_FOUND]: Cannot find package 'nostr-tools' imported from /Users/roberto/Projects/HolonsBot/DB.js\n    at Object.getPackageJSONURL (node:internal/modules/package_json_reader:266:9)\n    at packageResolve (node:internal/modules/esm/resolve:767:81)\n    at moduleResolve (node:internal/modules/esm/resolve:853:18)\n    at defaultResolve (node:internal/modules/esm/resolve:983:11)\n    at #cachedDefaultResolve (node:internal/modules/esm/loader:731:20)\n    at ModuleLoader.resolve (node:internal/modules/esm/loader:708:38)\n    at ModuleLoader.getModuleJobForImport (node:internal/modules/esm/loader:310:38)\n    at ModuleJob._link (node:internal/modules/esm/module_job:183:49)\n    at process.processTicksAndRejections (node:internal/process/task_queues:105:5)","timestamp":"2025-11-01 21:06:28"}
{"level":"\u001b[32minfo\u001b[39m","message":"Retrying bot startup...","timestamp":"2025-11-01 21:06:38"}
{"level":"\u001b[32minfo\u001b[39m","message":"Starting HolonsBot","timestamp":"2025-11-01 21:06:38"}
{"error":"Cannot find package 'nostr-tools' imported from /Users/roberto/Projects/HolonsBot/DB.js","level":"\u001b[31merror\u001b[39m","message":"Failed to start HolonsBot - Will retry in 10 seconds","stack":"Error [ERR_MODULE_NOT_FOUND]: Cannot find package 'nostr-tools' imported from /Users/roberto/Projects/HolonsBot/DB.js\n    at Object.getPackageJSONURL (node:internal/modules/package_json_reader:266:9)\n    at packageResolve (node:internal/modules/esm/resolve:767:81)\n    at moduleResolve (node:internal/modules/esm/resolve:853:18)\n    at defaultResolve (node:internal/modules/esm/resolve:983:11)\n    at #cachedDefaultResolve (node:internal/modules/esm/loader:731:20)\n    at ModuleLoader.resolve (node:internal/modules/esm/loader:708:38)\n    at ModuleLoader.getModuleJobForImport (node:internal/modules/esm/loader:310:38)\n    at ModuleJob._link (node:internal/modules/esm/module_job:183:49)\n    at process.processTicksAndRejections (node:internal/process/task_queues:105:5)","timestamp":"2025-11-01 21:06:38"}
{"level":"\u001b[32minfo\u001b[39m","message":"Retrying bot startup...","timestamp":"2025-11-01 21:06:48"}
{"level":"\u001b[32minfo\u001b[39m","message":"Starting HolonsBot","timestamp":"2025-11-01 21:06:48"}
{"error":"Cannot find package 'nostr-tools' imported from /Users/roberto/Projects/HolonsBot/DB.js","level":"\u001b[31merror\u001b[39m","message":"Failed to start HolonsBot - Will retry in 10 seconds","stack":"Error [ERR_MODULE_NOT_FOUND]: Cannot find package 'nostr-tools' imported from /Users/roberto/Projects/HolonsBot/DB.js\n    at Object.getPackageJSONURL (node:internal/modules/package_json_reader:266:9)\n    at packageResolve (node:internal/modules/esm/resolve:767:81)\n    at moduleResolve (node:internal/modules/esm/resolve:853:18)\n    at defaultResolve (node:internal/modules/esm/resolve:983:11)\n    at #cachedDefaultResolve (node:internal/modules/esm/loader:731:20)\n    at ModuleLoader.resolve (node:internal/modules/esm/loader:708:38)\n    at ModuleLoader.getModuleJobForImport (node:internal/modules/esm/loader:310:38)\n    at ModuleJob._link (node:internal/modules/esm/module_job:183:49)\n    at process.processTicksAndRejections (node:internal/process/task_queues:105:5)","timestamp":"2025-11-01 21:06:48"}
{"level":"\u001b[32minfo\u001b[39m","message":"Retrying bot startup...","timestamp":"2025-11-01 21:06:58"}
{"level":"\u001b[32minfo\u001b[39m","message":"Starting HolonsBot","timestamp":"2025-11-01 21:06:58"}
{"error":"Cannot find package 'nostr-tools' imported from /Users/roberto/Projects/HolonsBot/DB.js","level":"\u001b[31merror\u001b[39m","message":"Failed to start HolonsBot - Will retry in 10 seconds","stack":"Error [ERR_MODULE_NOT_FOUND]: Cannot find package 'nostr-tools' imported from /Users/roberto/Projects/HolonsBot/DB.js\n    at Object.getPackageJSONURL (node:internal/modules/package_json_reader:266:9)\n    at packageResolve (node:internal/modules/esm/resolve:767:81)\n    at moduleResolve (node:internal/modules/esm/resolve:853:18)\n    at defaultResolve (node:internal/modules/esm/resolve:983:11)\n    at #cachedDefaultResolve (node:internal/modules/esm/loader:731:20)\n    at ModuleLoader.resolve (node:internal/modules/esm/loader:708:38)\n    at ModuleLoader.getModuleJobForImport (node:internal/modules/esm/loader:310:38)\n    at ModuleJob._link (node:internal/modules/esm/module_job:183:49)\n    at process.processTicksAndRejections (node:internal/process/task_queues:105:5)","timestamp":"2025-11-01 21:06:58"}
{"level":"\u001b[32minfo\u001b[39m","message":"Retrying bot startup...","timestamp":"2025-11-01 21:07:08"}
{"level":"\u001b[32minfo\u001b[39m","message":"Starting HolonsBot","timestamp":"2025-11-01 21:07:08"}
{"error":"Cannot find package 'nostr-tools' imported from /Users/roberto/Projects/HolonsBot/DB.js","level":"\u001b[31merror\u001b[39m","message":"Failed to start HolonsBot - Will retry in 10 seconds","stack":"Error [ERR_MODULE_NOT_FOUND]: Cannot find package 'nostr-tools' imported from /Users/roberto/Projects/HolonsBot/DB.js\n    at Object.getPackageJSONURL (node:internal/modules/package_json_reader:266:9)\n    at packageResolve (node:internal/modules/esm/resolve:767:81)\n    at moduleResolve (node:internal/modules/esm/resolve:853:18)\n    at defaultResolve (node:internal/modules/esm/resolve:983:11)\n    at #cachedDefaultResolve (node:internal/modules/esm/loader:731:20)\n    at ModuleLoader.resolve (node:internal/modules/esm/loader:708:38)\n    at ModuleLoader.getModuleJobForImport (node:internal/modules/esm/loader:310:38)\n    at ModuleJob._link (node:internal/modules/esm/module_job:183:49)\n    at process.processTicksAndRejections (node:internal/process/task_queues:105:5)","timestamp":"2025-11-01 21:07:08"}
{"level":"\u001b[32minfo\u001b[39m","message":"Retrying bot startup...","timestamp":"2025-11-01 21:07:18"}
{"level":"\u001b[32minfo\u001b[39m","message":"Starting HolonsBot","timestamp":"2025-11-01 21:07:18"}
{"error":"Cannot find package 'nostr-tools' imported from /Users/roberto/Projects/HolonsBot/DB.js","level":"\u001b[31merror\u001b[39m","message":"Failed to start HolonsBot - Will retry in 10 seconds","stack":"Error [ERR_MODULE_NOT_FOUND]: Cannot find package 'nostr-tools' imported from /Users/roberto/Projects/HolonsBot/DB.js\n    at Object.getPackageJSONURL (node:internal/modules/package_json_reader:266:9)\n    at packageResolve (node:internal/modules/esm/resolve:767:81)\n    at moduleResolve (node:internal/modules/esm/resolve:853:18)\n    at defaultResolve (node:internal/modules/esm/resolve:983:11)\n    at #cachedDefaultResolve (node:internal/modules/esm/loader:731:20)\n    at ModuleLoader.resolve (node:internal/modules/esm/loader:708:38)\n    at ModuleLoader.getModuleJobForImport (node:internal/modules/esm/loader:310:38)\n    at ModuleJob._link (node:internal/modules/esm/module_job:183:49)\n    at process.processTicksAndRejections (node:internal/process/task_queues:105:5)","timestamp":"2025-11-01 21:07:18"}
{"level":"\u001b[32minfo\u001b[39m","message":"Starting HolonsBot","timestamp":"2025-11-01 21:07:22"}
{"error":"Cannot find package 'nostr-tools' imported from /Users/roberto/Projects/HolonsBot/DB.js","level":"\u001b[31merror\u001b[39m","message":"Failed to start HolonsBot - Will retry in 10 seconds","stack":"Error [ERR_MODULE_NOT_FOUND]: Cannot find package 'nostr-tools' imported from /Users/roberto/Projects/HolonsBot/DB.js\n    at Object.getPackageJSONURL (node:internal/modules/package_json_reader:266:9)\n    at packageResolve (node:internal/modules/esm/resolve:767:81)\n    at moduleResolve (node:internal/modules/esm/resolve:853:18)\n    at defaultResolve (node:internal/modules/esm/resolve:983:11)\n    at #cachedDefaultResolve (node:internal/modules/esm/loader:731:20)\n    at ModuleLoader.resolve (node:internal/modules/esm/loader:708:38)\n    at ModuleLoader.getModuleJobForImport (node:internal/modules/esm/loader:310:38)\n    at ModuleJob._link (node:internal/modules/esm/module_job:183:49)\n    at process.processTicksAndRejections (node:internal/process/task_queues:105:5)","timestamp":"2025-11-01 21:07:22"}
{"level":"\u001b[32minfo\u001b[39m","message":"Starting HolonsBot","timestamp":"2025-11-01 21:10:17"}
{"appname":"Holons","level":"\u001b[32minfo\u001b[39m","message":"Starting HolonsBot initialization","timestamp":"2025-11-01 21:10:18"}
{"level":"\u001b[32minfo\u001b[39m","message":"Telegram bot initialized (not yet launched)","timestamp":"2025-11-01 21:10:18"}
{"level":"\u001b[32minfo\u001b[39m","message":"SignalManager initialized","timestamp":"2025-11-01 21:10:18"}
{"appname":"Holons","level":"\u001b[32minfo\u001b[39m","message":"Database initialized","timestamp":"2025-11-01 21:10:18"}
{"level":"\u001b[32minfo\u001b[39m","message":"InputScene utility initialized and registered","timestamp":"2025-11-01 21:10:19"}
{"level":"\u001b[32minfo\u001b[39m","message":"handleParticipation called - action: join, chatID: 235114395, messageID: 16300, user: 235114395","timestamp":"2025-11-01 21:10:59"}
{"level":"\u001b[32minfo\u001b[39m","message":"queueQuestOperation - questKey: 235114395_16300","timestamp":"2025-11-01 21:10:59"}
{"level":"\u001b[32minfo\u001b[39m","message":"Executing new operation on 235114395_16300","timestamp":"2025-11-01 21:10:59"}
{"level":"\u001b[32minfo\u001b[39m","message":"Attempting to fetch quest from DB: 235114395/quests, key: 16300","timestamp":"2025-11-01 21:10:59"}
{"level":"\u001b[32minfo\u001b[39m","message":"Quest fetched successfully: 2","timestamp":"2025-11-01 21:10:59"}
{"level":"\u001b[32minfo\u001b[39m","message":"updateMessage called - quest: 2, chatID: 235114395, messageID: 16300, useExpandedMarkup: false","timestamp":"2025-11-01 21:10:59"}
{"level":"\u001b[32minfo\u001b[39m","message":"updateQuestMessage - showImages: false, chatId: 235114395, messageId: 16300","timestamp":"2025-11-01 21:10:59"}
{"level":"\u001b[32minfo\u001b[39m","message":"Updating message text for text mode","timestamp":"2025-11-01 21:10:59"}
{"level":"\u001b[32minfo\u001b[39m","message":"Operation completed successfully on 235114395_16300","timestamp":"2025-11-01 21:10:59"}
{"level":"\u001b[32minfo\u001b[39m","message":"handleParticipation called - action: join, chatID: 235114395, messageID: 16300, user: 235114395","timestamp":"2025-11-01 21:11:02"}
{"level":"\u001b[32minfo\u001b[39m","message":"queueQuestOperation - questKey: 235114395_16300","timestamp":"2025-11-01 21:11:02"}
{"level":"\u001b[32minfo\u001b[39m","message":"Executing new operation on 235114395_16300","timestamp":"2025-11-01 21:11:02"}
{"level":"\u001b[32minfo\u001b[39m","message":"Attempting to fetch quest from DB: 235114395/quests, key: 16300","timestamp":"2025-11-01 21:11:02"}
{"level":"\u001b[32minfo\u001b[39m","message":"Quest fetched successfully: 2","timestamp":"2025-11-01 21:11:02"}
{"level":"\u001b[32minfo\u001b[39m","message":"updateMessage called - quest: 2, chatID: 235114395, messageID: 16300, useExpandedMarkup: false","timestamp":"2025-11-01 21:11:02"}
{"level":"\u001b[32minfo\u001b[39m","message":"updateQuestMessage - showImages: false, chatId: 235114395, messageId: 16300","timestamp":"2025-11-01 21:11:02"}
{"level":"\u001b[32minfo\u001b[39m","message":"Updating message text for text mode","timestamp":"2025-11-01 21:11:02"}
{"level":"\u001b[32minfo\u001b[39m","message":"Operation completed successfully on 235114395_16300","timestamp":"2025-11-01 21:11:03"}
{"level":"\u001b[32minfo\u001b[39m","message":"handleParticipation called - action: join, chatID: 235114395, messageID: 16300, user: 235114395","timestamp":"2025-11-01 21:11:08"}
{"level":"\u001b[32minfo\u001b[39m","message":"queueQuestOperation - questKey: 235114395_16300","timestamp":"2025-11-01 21:11:08"}
{"level":"\u001b[32minfo\u001b[39m","message":"Executing new operation on 235114395_16300","timestamp":"2025-11-01 21:11:08"}
{"level":"\u001b[32minfo\u001b[39m","message":"Attempting to fetch quest from DB: 235114395/quests, key: 16300","timestamp":"2025-11-01 21:11:08"}
{"level":"\u001b[32minfo\u001b[39m","message":"Quest fetched successfully: 2","timestamp":"2025-11-01 21:11:08"}
{"level":"\u001b[32minfo\u001b[39m","message":"updateMessage called - quest: 2, chatID: 235114395, messageID: 16300, useExpandedMarkup: false","timestamp":"2025-11-01 21:11:08"}
{"level":"\u001b[32minfo\u001b[39m","message":"updateQuestMessage - showImages: false, chatId: 235114395, messageId: 16300","timestamp":"2025-11-01 21:11:08"}
{"level":"\u001b[32minfo\u001b[39m","message":"Updating message text for text mode","timestamp":"2025-11-01 21:11:08"}
{"level":"\u001b[32minfo\u001b[39m","message":"Operation completed successfully on 235114395_16300","timestamp":"2025-11-01 21:11:09"}
{"level":"\u001b[32minfo\u001b[39m","message":"SIGINT received, shutting down gracefully","timestamp":"2025-11-01 21:11:10"}
{"level":"\u001b[32minfo\u001b[39m","message":"Starting HolonsBot","timestamp":"2025-11-01 21:11:11"}
{"appname":"Holons","level":"\u001b[32minfo\u001b[39m","message":"Starting HolonsBot initialization","timestamp":"2025-11-01 21:11:12"}
{"level":"\u001b[32minfo\u001b[39m","message":"Telegram bot initialized (not yet launched)","timestamp":"2025-11-01 21:11:12"}
{"level":"\u001b[32minfo\u001b[39m","message":"SignalManager initialized","timestamp":"2025-11-01 21:11:12"}
{"appname":"Holons","level":"\u001b[32minfo\u001b[39m","message":"Database initialized","timestamp":"2025-11-01 21:11:12"}
{"level":"\u001b[32minfo\u001b[39m","message":"InputScene utility initialized and registered","timestamp":"2025-11-01 21:11:12"}
{"level":"\u001b[32minfo\u001b[39m","message":"handleParticipation called - action: join, chatID: 235114395, messageID: 16300, user: 235114395","timestamp":"2025-11-01 21:11:15"}
{"level":"\u001b[32minfo\u001b[39m","message":"queueQuestOperation - questKey: 235114395_16300","timestamp":"2025-11-01 21:11:15"}
{"level":"\u001b[32minfo\u001b[39m","message":"Executing new operation on 235114395_16300","timestamp":"2025-11-01 21:11:15"}
{"level":"\u001b[32minfo\u001b[39m","message":"Attempting to fetch quest from DB: 235114395/quests, key: 16300","timestamp":"2025-11-01 21:11:16"}
{"level":"\u001b[32minfo\u001b[39m","message":"Quest fetched successfully: 2","timestamp":"2025-11-01 21:11:16"}
{"level":"\u001b[32minfo\u001b[39m","message":"updateMessage called - quest: 2, chatID: 235114395, messageID: 16300, useExpandedMarkup: false","timestamp":"2025-11-01 21:11:16"}
{"level":"\u001b[32minfo\u001b[39m","message":"updateQuestMessage - showImages: false, chatId: 235114395, messageId: 16300","timestamp":"2025-11-01 21:11:17"}
{"level":"\u001b[32minfo\u001b[39m","message":"Updating message text for text mode","timestamp":"2025-11-01 21:11:17"}
{"level":"\u001b[32minfo\u001b[39m","message":"Operation completed successfully on 235114395_16300","timestamp":"2025-11-01 21:11:17"}
{"level":"\u001b[32minfo\u001b[39m","message":"handleParticipation called - action: join, chatID: 235114395, messageID: 16300, user: 235114395","timestamp":"2025-11-01 21:11:18"}
{"level":"\u001b[32minfo\u001b[39m","message":"queueQuestOperation - questKey: 235114395_16300","timestamp":"2025-11-01 21:11:18"}
{"level":"\u001b[32minfo\u001b[39m","message":"Executing new operation on 235114395_16300","timestamp":"2025-11-01 21:11:18"}
{"level":"\u001b[32minfo\u001b[39m","message":"Attempting to fetch quest from DB: 235114395/quests, key: 16300","timestamp":"2025-11-01 21:11:18"}
{"level":"\u001b[32minfo\u001b[39m","message":"Quest fetched successfully: 2","timestamp":"2025-11-01 21:11:18"}
{"level":"\u001b[32minfo\u001b[39m","message":"updateMessage called - quest: 2, chatID: 235114395, messageID: 16300, useExpandedMarkup: false","timestamp":"2025-11-01 21:11:19"}
{"level":"\u001b[32minfo\u001b[39m","message":"updateQuestMessage - showImages: false, chatId: 235114395, messageId: 16300","timestamp":"2025-11-01 21:11:19"}
{"level":"\u001b[32minfo\u001b[39m","message":"Updating message text for text mode","timestamp":"2025-11-01 21:11:19"}
{"level":"\u001b[32minfo\u001b[39m","message":"Operation completed successfully on 235114395_16300","timestamp":"2025-11-01 21:11:19"}
{"level":"\u001b[32minfo\u001b[39m","message":"updateQuestMessage - showImages: false, chatId: 235114395, messageId: 16300","timestamp":"2025-11-01 21:11:25"}
{"level":"\u001b[32minfo\u001b[39m","message":"Updating message text for text mode","timestamp":"2025-11-01 21:11:25"}
{"level":"\u001b[32minfo\u001b[39m","message":"handleParticipation called - action: appreciate, chatID: 235114395, messageID: 16300, user: 235114395","timestamp":"2025-11-01 21:11:29"}
{"level":"\u001b[32minfo\u001b[39m","message":"queueQuestOperation - questKey: 235114395_16300","timestamp":"2025-11-01 21:11:29"}
{"level":"\u001b[32minfo\u001b[39m","message":"Executing new operation on 235114395_16300","timestamp":"2025-11-01 21:11:29"}
{"level":"\u001b[32minfo\u001b[39m","message":"Attempting to fetch quest from DB: 235114395/quests, key: 16300","timestamp":"2025-11-01 21:11:29"}
{"level":"\u001b[32minfo\u001b[39m","message":"Quest fetched successfully: 2","timestamp":"2025-11-01 21:11:29"}
{"level":"\u001b[32minfo\u001b[39m","message":"updateMessage called - quest: 2, chatID: 235114395, messageID: 16300, useExpandedMarkup: false","timestamp":"2025-11-01 21:11:29"}
{"level":"\u001b[32minfo\u001b[39m","message":"updateQuestMessage - showImages: false, chatId: 235114395, messageId: 16300","timestamp":"2025-11-01 21:11:30"}
{"level":"\u001b[32minfo\u001b[39m","message":"Updating message text for text mode","timestamp":"2025-11-01 21:11:30"}
{"level":"\u001b[32minfo\u001b[39m","message":"Operation completed successfully on 235114395_16300","timestamp":"2025-11-01 21:11:30"}
{"level":"\u001b[32minfo\u001b[39m","message":"updateQuestMessage - showImages: false, chatId: 235114395, messageId: 16300","timestamp":"2025-11-01 21:11:31"}
{"level":"\u001b[32minfo\u001b[39m","message":"Updating message text for text mode","timestamp":"2025-11-01 21:11:31"}
{"level":"\u001b[32minfo\u001b[39m","message":"handleTimeTracking called - amount: 0.25, isAdding: true, chatID: 235114395, messageID: 16300, user: 235114395","timestamp":"2025-11-01 21:11:33"}
{"level":"\u001b[32minfo\u001b[39m","message":"queueQuestOperation - questKey: 235114395_16300","timestamp":"2025-11-01 21:11:33"}
{"level":"\u001b[32minfo\u001b[39m","message":"Executing new operation on 235114395_16300","timestamp":"2025-11-01 21:11:33"}
{"level":"\u001b[32minfo\u001b[39m","message":"Attempting to fetch quest from DB: 235114395/quests, key: 16300","timestamp":"2025-11-01 21:11:33"}
{"level":"\u001b[32minfo\u001b[39m","message":"Quest fetched successfully: 2","timestamp":"2025-11-01 21:11:33"}
{"level":"\u001b[32minfo\u001b[39m","message":"updateMessage called - quest: 2, chatID: 235114395, messageID: 16300, useExpandedMarkup: true","timestamp":"2025-11-01 21:11:33"}
{"level":"\u001b[32minfo\u001b[39m","message":"updateQuestMessage - showImages: false, chatId: 235114395, messageId: 16300","timestamp":"2025-11-01 21:11:33"}
{"level":"\u001b[32minfo\u001b[39m","message":"Updating message text for text mode","timestamp":"2025-11-01 21:11:33"}
{"level":"\u001b[32minfo\u001b[39m","message":"Operation completed successfully on 235114395_16300","timestamp":"2025-11-01 21:11:34"}
{"level":"\u001b[32minfo\u001b[39m","message":"handleTimeTracking called - amount: 0.25, isAdding: true, chatID: 235114395, messageID: 16300, user: 235114395","timestamp":"2025-11-01 21:11:34"}
{"level":"\u001b[32minfo\u001b[39m","message":"queueQuestOperation - questKey: 235114395_16300","timestamp":"2025-11-01 21:11:34"}
{"level":"\u001b[32minfo\u001b[39m","message":"Executing new operation on 235114395_16300","timestamp":"2025-11-01 21:11:34"}
{"level":"\u001b[32minfo\u001b[39m","message":"Attempting to fetch quest from DB: 235114395/quests, key: 16300","timestamp":"2025-11-01 21:11:34"}
{"level":"\u001b[32minfo\u001b[39m","message":"Quest fetched successfully: 2","timestamp":"2025-11-01 21:11:34"}
{"level":"\u001b[32minfo\u001b[39m","message":"updateMessage called - quest: 2, chatID: 235114395, messageID: 16300, useExpandedMarkup: true","timestamp":"2025-11-01 21:11:34"}
{"level":"\u001b[32minfo\u001b[39m","message":"updateQuestMessage - showImages: false, chatId: 235114395, messageId: 16300","timestamp":"2025-11-01 21:11:34"}
{"level":"\u001b[32minfo\u001b[39m","message":"Updating message text for text mode","timestamp":"2025-11-01 21:11:34"}
{"level":"\u001b[32minfo\u001b[39m","message":"Operation completed successfully on 235114395_16300","timestamp":"2025-11-01 21:11:35"}
{"level":"\u001b[32minfo\u001b[39m","message":"handleTimeTracking called - amount: 0.25, isAdding: true, chatID: 235114395, messageID: 16300, user: 235114395","timestamp":"2025-11-01 21:11:38"}
{"level":"\u001b[32minfo\u001b[39m","message":"queueQuestOperation - questKey: 235114395_16300","timestamp":"2025-11-01 21:11:38"}
{"level":"\u001b[32minfo\u001b[39m","message":"Executing new operation on 235114395_16300","timestamp":"2025-11-01 21:11:38"}
{"level":"\u001b[32minfo\u001b[39m","message":"Attempting to fetch quest from DB: 235114395/quests, key: 16300","timestamp":"2025-11-01 21:11:38"}
{"level":"\u001b[32minfo\u001b[39m","message":"Quest fetched successfully: 2","timestamp":"2025-11-01 21:11:38"}
{"level":"\u001b[32minfo\u001b[39m","message":"updateMessage called - quest: 2, chatID: 235114395, messageID: 16300, useExpandedMarkup: true","timestamp":"2025-11-01 21:11:38"}
{"level":"\u001b[32minfo\u001b[39m","message":"updateQuestMessage - showImages: false, chatId: 235114395, messageId: 16300","timestamp":"2025-11-01 21:11:39"}
{"level":"\u001b[32minfo\u001b[39m","message":"Updating message text for text mode","timestamp":"2025-11-01 21:11:39"}
{"level":"\u001b[32minfo\u001b[39m","message":"Operation completed successfully on 235114395_16300","timestamp":"2025-11-01 21:11:39"}
{"level":"\u001b[32minfo\u001b[39m","message":"handleTimeTracking called - amount: 0.25, isAdding: true, chatID: 235114395, messageID: 16300, user: 235114395","timestamp":"2025-11-01 21:11:39"}
{"level":"\u001b[32minfo\u001b[39m","message":"queueQuestOperation - questKey: 235114395_16300","timestamp":"2025-11-01 21:11:39"}
{"level":"\u001b[32minfo\u001b[39m","message":"Executing new operation on 235114395_16300","timestamp":"2025-11-01 21:11:39"}
{"level":"\u001b[32minfo\u001b[39m","message":"handleTimeTracking called - amount: 0.25, isAdding: true, chatID: 235114395, messageID: 16300, user: 235114395","timestamp":"2025-11-01 21:11:39"}
{"level":"\u001b[32minfo\u001b[39m","message":"queueQuestOperation - questKey: 235114395_16300","timestamp":"2025-11-01 21:11:39"}
{"level":"\u001b[32minfo\u001b[39m","message":"Waiting for existing operation on 235114395_16300","timestamp":"2025-11-01 21:11:39"}
{"level":"\u001b[32minfo\u001b[39m","message":"Attempting to fetch quest from DB: 235114395/quests, key: 16300","timestamp":"2025-11-01 21:11:39"}
{"level":"\u001b[32minfo\u001b[39m","message":"Quest fetched successfully: 2","timestamp":"2025-11-01 21:11:39"}
{"level":"\u001b[32minfo\u001b[39m","message":"updateMessage called - quest: 2, chatID: 235114395, messageID: 16300, useExpandedMarkup: true","timestamp":"2025-11-01 21:11:39"}
{"level":"\u001b[32minfo\u001b[39m","message":"updateQuestMessage - showImages: false, chatId: 235114395, messageId: 16300","timestamp":"2025-11-01 21:11:40"}
{"level":"\u001b[32minfo\u001b[39m","message":"Updating message text for text mode","timestamp":"2025-11-01 21:11:40"}
{"level":"\u001b[32minfo\u001b[39m","message":"Operation completed successfully on 235114395_16300","timestamp":"2025-11-01 21:11:40"}
{"level":"\u001b[32minfo\u001b[39m","message":"Executing new operation on 235114395_16300","timestamp":"2025-11-01 21:11:40"}
{"level":"\u001b[32minfo\u001b[39m","message":"Attempting to fetch quest from DB: 235114395/quests, key: 16300","timestamp":"2025-11-01 21:11:40"}
{"level":"\u001b[32minfo\u001b[39m","message":"Quest fetched successfully: 2","timestamp":"2025-11-01 21:11:40"}
{"level":"\u001b[32minfo\u001b[39m","message":"updateMessage called - quest: 2, chatID: 235114395, messageID: 16300, useExpandedMarkup: true","timestamp":"2025-11-01 21:11:41"}
{"level":"\u001b[32minfo\u001b[39m","message":"updateQuestMessage - showImages: false, chatId: 235114395, messageId: 16300","timestamp":"2025-11-01 21:11:41"}
{"level":"\u001b[32minfo\u001b[39m","message":"Updating message text for text mode","timestamp":"2025-11-01 21:11:41"}
{"level":"\u001b[32minfo\u001b[39m","message":"Operation completed successfully on 235114395_16300","timestamp":"2025-11-01 21:11:42"}
{"level":"\u001b[32minfo\u001b[39m","message":"handleTimeTracking called - amount: 0.25, isAdding: true, chatID: 235114395, messageID: 16300, user: 235114395","timestamp":"2025-11-01 21:11:42"}
{"level":"\u001b[32minfo\u001b[39m","message":"queueQuestOperation - questKey: 235114395_16300","timestamp":"2025-11-01 21:11:42"}
{"level":"\u001b[32minfo\u001b[39m","message":"Executing new operation on 235114395_16300","timestamp":"2025-11-01 21:11:42"}
{"level":"\u001b[32minfo\u001b[39m","message":"handleTimeTracking called - amount: 0.25, isAdding: true, chatID: 235114395, messageID: 16300, user: 235114395","timestamp":"2025-11-01 21:11:42"}
{"level":"\u001b[32minfo\u001b[39m","message":"queueQuestOperation - questKey: 235114395_16300","timestamp":"2025-11-01 21:11:42"}
{"level":"\u001b[32minfo\u001b[39m","message":"Waiting for existing operation on 235114395_16300","timestamp":"2025-11-01 21:11:42"}
{"level":"\u001b[32minfo\u001b[39m","message":"Attempting to fetch quest from DB: 235114395/quests, key: 16300","timestamp":"2025-11-01 21:11:42"}
{"level":"\u001b[32minfo\u001b[39m","message":"Quest fetched successfully: 2","timestamp":"2025-11-01 21:11:42"}
{"level":"\u001b[32minfo\u001b[39m","message":"updateMessage called - quest: 2, chatID: 235114395, messageID: 16300, useExpandedMarkup: true","timestamp":"2025-11-01 21:11:42"}
{"level":"\u001b[32minfo\u001b[39m","message":"updateQuestMessage - showImages: false, chatId: 235114395, messageId: 16300","timestamp":"2025-11-01 21:11:43"}
{"level":"\u001b[32minfo\u001b[39m","message":"Updating message text for text mode","timestamp":"2025-11-01 21:11:43"}
{"level":"\u001b[32minfo\u001b[39m","message":"Operation completed successfully on 235114395_16300","timestamp":"2025-11-01 21:11:43"}
{"level":"\u001b[32minfo\u001b[39m","message":"Executing new operation on 235114395_16300","timestamp":"2025-11-01 21:11:43"}
{"level":"\u001b[32minfo\u001b[39m","message":"Attempting to fetch quest from DB: 235114395/quests, key: 16300","timestamp":"2025-11-01 21:11:43"}
{"level":"\u001b[32minfo\u001b[39m","message":"Quest fetched successfully: 2","timestamp":"2025-11-01 21:11:43"}
{"level":"\u001b[32minfo\u001b[39m","message":"updateMessage called - quest: 2, chatID: 235114395, messageID: 16300, useExpandedMarkup: true","timestamp":"2025-11-01 21:11:43"}
{"level":"\u001b[32minfo\u001b[39m","message":"updateQuestMessage - showImages: false, chatId: 235114395, messageId: 16300","timestamp":"2025-11-01 21:11:44"}
{"level":"\u001b[32minfo\u001b[39m","message":"Updating message text for text mode","timestamp":"2025-11-01 21:11:44"}
{"level":"\u001b[32minfo\u001b[39m","message":"Operation completed successfully on 235114395_16300","timestamp":"2025-11-01 21:11:44"}
{"level":"\u001b[32minfo\u001b[39m","message":"handleTimeTracking called - amount: 0.25, isAdding: true, chatID: 235114395, messageID: 16300, user: 235114395","timestamp":"2025-11-01 21:11:45"}
{"level":"\u001b[32minfo\u001b[39m","message":"queueQuestOperation - questKey: 235114395_16300","timestamp":"2025-11-01 21:11:45"}
{"level":"\u001b[32minfo\u001b[39m","message":"Executing new operation on 235114395_16300","timestamp":"2025-11-01 21:11:45"}
{"level":"\u001b[32minfo\u001b[39m","message":"Attempting to fetch quest from DB: 235114395/quests, key: 16300","timestamp":"2025-11-01 21:11:45"}
{"level":"\u001b[32minfo\u001b[39m","message":"Quest fetched successfully: 2","timestamp":"2025-11-01 21:11:45"}
{"level":"\u001b[32minfo\u001b[39m","message":"updateMessage called - quest: 2, chatID: 235114395, messageID: 16300, useExpandedMarkup: true","timestamp":"2025-11-01 21:11:45"}
{"level":"\u001b[32minfo\u001b[39m","message":"updateQuestMessage - showImages: false, chatId: 235114395, messageId: 16300","timestamp":"2025-11-01 21:11:45"}
{"level":"\u001b[32minfo\u001b[39m","message":"Updating message text for text mode","timestamp":"2025-11-01 21:11:45"}
{"level":"\u001b[32minfo\u001b[39m","message":"Operation completed successfully on 235114395_16300","timestamp":"2025-11-01 21:11:46"}
{"level":"\u001b[32minfo\u001b[39m","message":"handleTimeTracking called - amount: 1, isAdding: true, chatID: 235114395, messageID: 16300, user: 235114395","timestamp":"2025-11-01 21:11:48"}
{"level":"\u001b[32minfo\u001b[39m","message":"queueQuestOperation - questKey: 235114395_16300","timestamp":"2025-11-01 21:11:48"}
{"level":"\u001b[32minfo\u001b[39m","message":"Executing new operation on 235114395_16300","timestamp":"2025-11-01 21:11:48"}
{"level":"\u001b[32minfo\u001b[39m","message":"Attempting to fetch quest from DB: 235114395/quests, key: 16300","timestamp":"2025-11-01 21:11:48"}
{"level":"\u001b[32minfo\u001b[39m","message":"Quest fetched successfully: 2","timestamp":"2025-11-01 21:11:48"}
{"level":"\u001b[32minfo\u001b[39m","message":"updateMessage called - quest: 2, chatID: 235114395, messageID: 16300, useExpandedMarkup: true","timestamp":"2025-11-01 21:11:49"}
{"level":"\u001b[32minfo\u001b[39m","message":"updateQuestMessage - showImages: false, chatId: 235114395, messageId: 16300","timestamp":"2025-11-01 21:11:49"}
{"level":"\u001b[32minfo\u001b[39m","message":"Updating message text for text mode","timestamp":"2025-11-01 21:11:49"}
{"level":"\u001b[32minfo\u001b[39m","message":"Operation completed successfully on 235114395_16300","timestamp":"2025-11-01 21:11:49"}
{"level":"\u001b[32minfo\u001b[39m","message":"handleTimeTracking called - amount: 0.25, isAdding: false, chatID: 235114395, messageID: 16300, user: 235114395","timestamp":"2025-11-01 21:11:50"}
{"level":"\u001b[32minfo\u001b[39m","message":"queueQuestOperation - questKey: 235114395_16300","timestamp":"2025-11-01 21:11:50"}
{"level":"\u001b[32minfo\u001b[39m","message":"Executing new operation on 235114395_16300","timestamp":"2025-11-01 21:11:50"}
{"level":"\u001b[32minfo\u001b[39m","message":"Attempting to fetch quest from DB: 235114395/quests, key: 16300","timestamp":"2025-11-01 21:11:50"}
{"level":"\u001b[32minfo\u001b[39m","message":"Quest fetched successfully: 2","timestamp":"2025-11-01 21:11:50"}
{"level":"\u001b[32minfo\u001b[39m","message":"updateMessage called - quest: 2, chatID: 235114395, messageID: 16300, useExpandedMarkup: true","timestamp":"2025-11-01 21:11:51"}
{"level":"\u001b[32minfo\u001b[39m","message":"updateQuestMessage - showImages: false, chatId: 235114395, messageId: 16300","timestamp":"2025-11-01 21:11:51"}
{"level":"\u001b[32minfo\u001b[39m","message":"Updating message text for text mode","timestamp":"2025-11-01 21:11:51"}
{"level":"\u001b[32minfo\u001b[39m","message":"Operation completed successfully on 235114395_16300","timestamp":"2025-11-01 21:11:52"}
{"level":"\u001b[32minfo\u001b[39m","message":"handleTimeTracking called - amount: 0.25, isAdding: true, chatID: 235114395, messageID: 16300, user: 235114395","timestamp":"2025-11-01 21:11:53"}
{"level":"\u001b[32minfo\u001b[39m","message":"queueQuestOperation - questKey: 235114395_16300","timestamp":"2025-11-01 21:11:53"}
{"level":"\u001b[32minfo\u001b[39m","message":"Executing new operation on 235114395_16300","timestamp":"2025-11-01 21:11:53"}
{"level":"\u001b[32minfo\u001b[39m","message":"Attempting to fetch quest from DB: 235114395/quests, key: 16300","timestamp":"2025-11-01 21:11:53"}
{"level":"\u001b[32minfo\u001b[39m","message":"Quest fetched successfully: 2","timestamp":"2025-11-01 21:11:53"}
{"level":"\u001b[32minfo\u001b[39m","message":"updateMessage called - quest: 2, chatID: 235114395, messageID: 16300, useExpandedMarkup: true","timestamp":"2025-11-01 21:11:53"}
{"level":"\u001b[32minfo\u001b[39m","message":"updateQuestMessage - showImages: false, chatId: 235114395, messageId: 16300","timestamp":"2025-11-01 21:11:53"}
{"level":"\u001b[32minfo\u001b[39m","message":"Updating message text for text mode","timestamp":"2025-11-01 21:11:53"}
{"level":"\u001b[32minfo\u001b[39m","message":"Operation completed successfully on 235114395_16300","timestamp":"2025-11-01 21:11:54"}
{"level":"\u001b[32minfo\u001b[39m","message":"SIGINT received, shutting down gracefully","timestamp":"2025-11-01 21:12:30"}
{"level":"\u001b[32minfo\u001b[39m","message":"Starting HolonsBot","timestamp":"2025-11-01 21:15:23"}
{"appname":"Holons","level":"\u001b[32minfo\u001b[39m","message":"Starting HolonsBot initialization","timestamp":"2025-11-01 21:15:24"}
{"level":"\u001b[32minfo\u001b[39m","message":"Telegram bot initialized (not yet launched)","timestamp":"2025-11-01 21:15:24"}
{"level":"\u001b[32minfo\u001b[39m","message":"SignalManager initialized","timestamp":"2025-11-01 21:15:24"}
{"appname":"Holons","level":"\u001b[32minfo\u001b[39m","message":"Database initialized","timestamp":"2025-11-01 21:15:24"}
{"level":"\u001b[32minfo\u001b[39m","message":"InputScene utility initialized and registered","timestamp":"2025-11-01 21:15:24"}
{"level":"\u001b[32minfo\u001b[39m","message":"handleParticipation called - action: join, chatID: 235114395, messageID: 16300, user: 235114395","timestamp":"2025-11-01 21:15:31"}
{"level":"\u001b[32minfo\u001b[39m","message":"queueQuestOperation - questKey: 235114395_16300","timestamp":"2025-11-01 21:15:31"}
{"level":"\u001b[32minfo\u001b[39m","message":"Executing new operation on 235114395_16300","timestamp":"2025-11-01 21:15:31"}
{"level":"\u001b[32minfo\u001b[39m","message":"Attempting to fetch quest from DB: 235114395/quests, key: 16300","timestamp":"2025-11-01 21:15:40"}
{"level":"\u001b[32minfo\u001b[39m","message":"Quest fetched successfully: 2","timestamp":"2025-11-01 21:15:44"}
{"level":"\u001b[32minfo\u001b[39m","message":"updateMessage called - quest: 2, chatID: 235114395, messageID: 16300, useExpandedMarkup: false","timestamp":"2025-11-01 21:15:49"}
{"level":"\u001b[32minfo\u001b[39m","message":"updateQuestMessage - showImages: false, chatId: 235114395, messageId: 16300","timestamp":"2025-11-01 21:15:49"}
{"level":"\u001b[32minfo\u001b[39m","message":"Updating message text for text mode","timestamp":"2025-11-01 21:15:49"}
{"level":"\u001b[32minfo\u001b[39m","message":"Operation completed successfully on 235114395_16300","timestamp":"2025-11-01 21:15:56"}
{"level":"\u001b[32minfo\u001b[39m","message":"handleParticipation called - action: join, chatID: 235114395, messageID: 16300, user: 235114395","timestamp":"2025-11-01 21:15:56"}
{"level":"\u001b[32minfo\u001b[39m","message":"queueQuestOperation - questKey: 235114395_16300","timestamp":"2025-11-01 21:15:56"}
{"level":"\u001b[32minfo\u001b[39m","message":"Executing new operation on 235114395_16300","timestamp":"2025-11-01 21:15:56"}
{"level":"\u001b[32minfo\u001b[39m","message":"handleParticipation called - action: join, chatID: 235114395, messageID: 16300, user: 235114395","timestamp":"2025-11-01 21:15:56"}
{"level":"\u001b[32minfo\u001b[39m","message":"queueQuestOperation - questKey: 235114395_16300","timestamp":"2025-11-01 21:15:56"}
{"level":"\u001b[32minfo\u001b[39m","message":"Waiting for existing operation on 235114395_16300","timestamp":"2025-11-01 21:15:56"}
{"level":"\u001b[32minfo\u001b[39m","message":"Attempting to fetch quest from DB: 235114395/quests, key: 16300","timestamp":"2025-11-01 21:15:56"}
{"level":"\u001b[32minfo\u001b[39m","message":"Quest fetched successfully: 2","timestamp":"2025-11-01 21:15:56"}
{"level":"\u001b[32minfo\u001b[39m","message":"updateMessage called - quest: 2, chatID: 235114395, messageID: 16300, useExpandedMarkup: false","timestamp":"2025-11-01 21:16:00"}
{"level":"\u001b[32minfo\u001b[39m","message":"updateQuestMessage - showImages: false, chatId: 235114395, messageId: 16300","timestamp":"2025-11-01 21:16:00"}
{"level":"\u001b[32minfo\u001b[39m","message":"Updating message text for text mode","timestamp":"2025-11-01 21:16:00"}
{"level":"\u001b[32minfo\u001b[39m","message":"Operation completed successfully on 235114395_16300","timestamp":"2025-11-01 21:16:09"}
{"level":"\u001b[32minfo\u001b[39m","message":"Executing new operation on 235114395_16300","timestamp":"2025-11-01 21:16:09"}
{"level":"\u001b[32minfo\u001b[39m","message":"Attempting to fetch quest from DB: 235114395/quests, key: 16300","timestamp":"2025-11-01 21:16:09"}
{"level":"\u001b[32minfo\u001b[39m","message":"Quest fetched successfully: 2","timestamp":"2025-11-01 21:16:09"}
{"level":"\u001b[32minfo\u001b[39m","message":"updateMessage called - quest: 2, chatID: 235114395, messageID: 16300, useExpandedMarkup: false","timestamp":"2025-11-01 21:16:12"}
{"level":"\u001b[32minfo\u001b[39m","message":"updateQuestMessage - showImages: false, chatId: 235114395, messageId: 16300","timestamp":"2025-11-01 21:16:12"}
{"level":"\u001b[32minfo\u001b[39m","message":"Updating message text for text mode","timestamp":"2025-11-01 21:16:12"}
{"level":"\u001b[32minfo\u001b[39m","message":"Operation completed successfully on 235114395_16300","timestamp":"2025-11-01 21:16:14"}
{"level":"\u001b[32minfo\u001b[39m","message":"handleParticipation called - action: join, chatID: 235114395, messageID: 16300, user: 235114395","timestamp":"2025-11-01 21:16:15"}
{"level":"\u001b[32minfo\u001b[39m","message":"queueQuestOperation - questKey: 235114395_16300","timestamp":"2025-11-01 21:16:15"}
{"level":"\u001b[32minfo\u001b[39m","message":"Executing new operation on 235114395_16300","timestamp":"2025-11-01 21:16:15"}
{"level":"\u001b[32minfo\u001b[39m","message":"handleParticipation called - action: join, chatID: 235114395, messageID: 16300, user: 235114395","timestamp":"2025-11-01 21:16:15"}
{"level":"\u001b[32minfo\u001b[39m","message":"queueQuestOperation - questKey: 235114395_16300","timestamp":"2025-11-01 21:16:15"}
{"level":"\u001b[32minfo\u001b[39m","message":"Waiting for existing operation on 235114395_16300","timestamp":"2025-11-01 21:16:15"}
{"level":"\u001b[32minfo\u001b[39m","message":"Attempting to fetch quest from DB: 235114395/quests, key: 16300","timestamp":"2025-11-01 21:16:15"}
{"level":"\u001b[32minfo\u001b[39m","message":"Quest fetched successfully: 2","timestamp":"2025-11-01 21:16:15"}
{"level":"\u001b[32minfo\u001b[39m","message":"updateMessage called - quest: 2, chatID: 235114395, messageID: 16300, useExpandedMarkup: false","timestamp":"2025-11-01 21:16:15"}
{"level":"\u001b[32minfo\u001b[39m","message":"updateQuestMessage - showImages: false, chatId: 235114395, messageId: 16300","timestamp":"2025-11-01 21:16:15"}
{"level":"\u001b[32minfo\u001b[39m","message":"Updating message text for text mode","timestamp":"2025-11-01 21:16:15"}
{"level":"\u001b[32minfo\u001b[39m","message":"Operation completed successfully on 235114395_16300","timestamp":"2025-11-01 21:16:15"}
{"level":"\u001b[32minfo\u001b[39m","message":"Executing new operation on 235114395_16300","timestamp":"2025-11-01 21:16:15"}
{"level":"\u001b[32minfo\u001b[39m","message":"Attempting to fetch quest from DB: 235114395/quests, key: 16300","timestamp":"2025-11-01 21:16:15"}
{"level":"\u001b[32minfo\u001b[39m","message":"Quest fetched successfully: 2","timestamp":"2025-11-01 21:16:15"}
{"level":"\u001b[32minfo\u001b[39m","message":"updateMessage called - quest: 2, chatID: 235114395, messageID: 16300, useExpandedMarkup: false","timestamp":"2025-11-01 21:16:16"}
{"level":"\u001b[32minfo\u001b[39m","message":"updateQuestMessage - showImages: false, chatId: 235114395, messageId: 16300","timestamp":"2025-11-01 21:16:16"}
{"level":"\u001b[32minfo\u001b[39m","message":"Updating message text for text mode","timestamp":"2025-11-01 21:16:16"}
{"level":"\u001b[32minfo\u001b[39m","message":"Operation completed successfully on 235114395_16300","timestamp":"2025-11-01 21:16:16"}
{"level":"\u001b[32minfo\u001b[39m","message":"handleParticipation called - action: join, chatID: 235114395, messageID: 16300, user: 235114395","timestamp":"2025-11-01 21:16:47"}
{"level":"\u001b[32minfo\u001b[39m","message":"queueQuestOperation - questKey: 235114395_16300","timestamp":"2025-11-01 21:16:47"}
{"level":"\u001b[32minfo\u001b[39m","message":"Executing new operation on 235114395_16300","timestamp":"2025-11-01 21:16:47"}
{"level":"\u001b[32minfo\u001b[39m","message":"Attempting to fetch quest from DB: 235114395/quests, key: 16300","timestamp":"2025-11-01 21:16:47"}
{"level":"\u001b[32minfo\u001b[39m","message":"Quest fetched successfully: 2","timestamp":"2025-11-01 21:16:47"}
{"level":"\u001b[32minfo\u001b[39m","message":"updateMessage called - quest: 2, chatID: 235114395, messageID: 16300, useExpandedMarkup: false","timestamp":"2025-11-01 21:16:47"}
{"level":"\u001b[32minfo\u001b[39m","message":"updateQuestMessage - showImages: false, chatId: 235114395, messageId: 16300","timestamp":"2025-11-01 21:16:47"}
{"level":"\u001b[32minfo\u001b[39m","message":"Updating message text for text mode","timestamp":"2025-11-01 21:16:47"}
{"level":"\u001b[32minfo\u001b[39m","message":"Operation completed successfully on 235114395_16300","timestamp":"2025-11-01 21:16:48"}
{"level":"\u001b[32minfo\u001b[39m","message":"handleParticipation called - action: join, chatID: 235114395, messageID: 16300, user: 235114395","timestamp":"2025-11-01 21:16:49"}
{"level":"\u001b[32minfo\u001b[39m","message":"queueQuestOperation - questKey: 235114395_16300","timestamp":"2025-11-01 21:16:49"}
{"level":"\u001b[32minfo\u001b[39m","message":"Executing new operation on 235114395_16300","timestamp":"2025-11-01 21:16:49"}
{"level":"\u001b[32minfo\u001b[39m","message":"Attempting to fetch quest from DB: 235114395/quests, key: 16300","timestamp":"2025-11-01 21:16:49"}
{"level":"\u001b[32minfo\u001b[39m","message":"Quest fetched successfully: 2","timestamp":"2025-11-01 21:16:49"}
{"level":"\u001b[32minfo\u001b[39m","message":"updateMessage called - quest: 2, chatID: 235114395, messageID: 16300, useExpandedMarkup: false","timestamp":"2025-11-01 21:16:49"}
{"level":"\u001b[32minfo\u001b[39m","message":"updateQuestMessage - showImages: false, chatId: 235114395, messageId: 16300","timestamp":"2025-11-01 21:16:49"}
{"level":"\u001b[32minfo\u001b[39m","message":"Updating message text for text mode","timestamp":"2025-11-01 21:16:49"}
{"level":"\u001b[32minfo\u001b[39m","message":"Operation completed successfully on 235114395_16300","timestamp":"2025-11-01 21:16:50"}
{"level":"\u001b[32minfo\u001b[39m","message":"updateQuestMessage - showImages: false, chatId: 235114395, messageId: 16300","timestamp":"2025-11-01 21:16:57"}
{"level":"\u001b[32minfo\u001b[39m","message":"Updating message text for text mode","timestamp":"2025-11-01 21:16:57"}
{"level":"\u001b[32minfo\u001b[39m","message":"handleTimeTracking called - amount: 1, isAdding: true, chatID: 235114395, messageID: 16300, user: 235114395","timestamp":"2025-11-01 21:16:59"}
{"level":"\u001b[32minfo\u001b[39m","message":"queueQuestOperation - questKey: 235114395_16300","timestamp":"2025-11-01 21:16:59"}
{"level":"\u001b[32minfo\u001b[39m","message":"Executing new operation on 235114395_16300","timestamp":"2025-11-01 21:16:59"}
{"level":"\u001b[32minfo\u001b[39m","message":"Attempting to fetch quest from DB: 235114395/quests, key: 16300","timestamp":"2025-11-01 21:16:59"}
{"level":"\u001b[32minfo\u001b[39m","message":"Quest fetched successfully: 2","timestamp":"2025-11-01 21:16:59"}
{"level":"\u001b[32minfo\u001b[39m","message":"updateMessage called - quest: 2, chatID: 235114395, messageID: 16300, useExpandedMarkup: true","timestamp":"2025-11-01 21:16:59"}
{"level":"\u001b[32minfo\u001b[39m","message":"updateQuestMessage - showImages: false, chatId: 235114395, messageId: 16300","timestamp":"2025-11-01 21:16:59"}
{"level":"\u001b[32minfo\u001b[39m","message":"Updating message text for text mode","timestamp":"2025-11-01 21:16:59"}
{"level":"\u001b[32minfo\u001b[39m","message":"Operation completed successfully on 235114395_16300","timestamp":"2025-11-01 21:17:00"}
{"level":"\u001b[32minfo\u001b[39m","message":"handleTimeTracking called - amount: 1, isAdding: true, chatID: 235114395, messageID: 16300, user: 235114395","timestamp":"2025-11-01 21:17:00"}
{"level":"\u001b[32minfo\u001b[39m","message":"queueQuestOperation - questKey: 235114395_16300","timestamp":"2025-11-01 21:17:00"}
{"level":"\u001b[32minfo\u001b[39m","message":"Executing new operation on 235114395_16300","timestamp":"2025-11-01 21:17:00"}
{"level":"\u001b[32minfo\u001b[39m","message":"Attempting to fetch quest from DB: 235114395/quests, key: 16300","timestamp":"2025-11-01 21:17:00"}
{"level":"\u001b[32minfo\u001b[39m","message":"Quest fetched successfully: 2","timestamp":"2025-11-01 21:17:00"}
{"level":"\u001b[32minfo\u001b[39m","message":"updateMessage called - quest: 2, chatID: 235114395, messageID: 16300, useExpandedMarkup: true","timestamp":"2025-11-01 21:17:00"}
{"level":"\u001b[32minfo\u001b[39m","message":"updateQuestMessage - showImages: false, chatId: 235114395, messageId: 16300","timestamp":"2025-11-01 21:17:00"}
{"level":"\u001b[32minfo\u001b[39m","message":"Updating message text for text mode","timestamp":"2025-11-01 21:17:00"}
{"level":"\u001b[32minfo\u001b[39m","message":"Operation completed successfully on 235114395_16300","timestamp":"2025-11-01 21:17:01"}
{"level":"\u001b[32minfo\u001b[39m","message":"handleTimeTracking called - amount: 1, isAdding: true, chatID: 235114395, messageID: 16300, user: 235114395","timestamp":"2025-11-01 21:17:01"}
{"level":"\u001b[32minfo\u001b[39m","message":"queueQuestOperation - questKey: 235114395_16300","timestamp":"2025-11-01 21:17:01"}
{"level":"\u001b[32minfo\u001b[39m","message":"Executing new operation on 235114395_16300","timestamp":"2025-11-01 21:17:01"}
{"level":"\u001b[32minfo\u001b[39m","message":"Attempting to fetch quest from DB: 235114395/quests, key: 16300","timestamp":"2025-11-01 21:17:01"}
{"level":"\u001b[32minfo\u001b[39m","message":"Quest fetched successfully: 2","timestamp":"2025-11-01 21:17:01"}
{"level":"\u001b[32minfo\u001b[39m","message":"updateMessage called - quest: 2, chatID: 235114395, messageID: 16300, useExpandedMarkup: true","timestamp":"2025-11-01 21:17:01"}
{"level":"\u001b[32minfo\u001b[39m","message":"updateQuestMessage - showImages: false, chatId: 235114395, messageId: 16300","timestamp":"2025-11-01 21:17:01"}
{"level":"\u001b[32minfo\u001b[39m","message":"Updating message text for text mode","timestamp":"2025-11-01 21:17:01"}
{"level":"\u001b[32minfo\u001b[39m","message":"Operation completed successfully on 235114395_16300","timestamp":"2025-11-01 21:17:02"}
{"level":"\u001b[32minfo\u001b[39m","message":"handleTimeTracking called - amount: 1, isAdding: true, chatID: 235114395, messageID: 16300, user: 235114395","timestamp":"2025-11-01 21:17:02"}
{"level":"\u001b[32minfo\u001b[39m","message":"queueQuestOperation - questKey: 235114395_16300","timestamp":"2025-11-01 21:17:02"}
{"level":"\u001b[32minfo\u001b[39m","message":"Executing new operation on 235114395_16300","timestamp":"2025-11-01 21:17:02"}
{"level":"\u001b[32minfo\u001b[39m","message":"Attempting to fetch quest from DB: 235114395/quests, key: 16300","timestamp":"2025-11-01 21:17:02"}
{"level":"\u001b[32minfo\u001b[39m","message":"Quest fetched successfully: 2","timestamp":"2025-11-01 21:17:02"}
{"level":"\u001b[32minfo\u001b[39m","message":"updateMessage called - quest: 2, chatID: 235114395, messageID: 16300, useExpandedMarkup: true","timestamp":"2025-11-01 21:17:02"}
{"level":"\u001b[32minfo\u001b[39m","message":"updateQuestMessage - showImages: false, chatId: 235114395, messageId: 16300","timestamp":"2025-11-01 21:17:02"}
{"level":"\u001b[32minfo\u001b[39m","message":"Updating message text for text mode","timestamp":"2025-11-01 21:17:02"}
{"level":"\u001b[32minfo\u001b[39m","message":"Operation completed successfully on 235114395_16300","timestamp":"2025-11-01 21:17:03"}
{"level":"\u001b[32minfo\u001b[39m","message":"handleTimeTracking called - amount: 1, isAdding: true, chatID: 235114395, messageID: 16300, user: 235114395","timestamp":"2025-11-01 21:17:03"}
{"level":"\u001b[32minfo\u001b[39m","message":"queueQuestOperation - questKey: 235114395_16300","timestamp":"2025-11-01 21:17:03"}
{"level":"\u001b[32minfo\u001b[39m","message":"Executing new operation on 235114395_16300","timestamp":"2025-11-01 21:17:03"}
{"level":"\u001b[32minfo\u001b[39m","message":"Attempting to fetch quest from DB: 235114395/quests, key: 16300","timestamp":"2025-11-01 21:17:03"}
{"level":"\u001b[32minfo\u001b[39m","message":"Quest fetched successfully: 2","timestamp":"2025-11-01 21:17:03"}
{"level":"\u001b[32minfo\u001b[39m","message":"updateMessage called - quest: 2, chatID: 235114395, messageID: 16300, useExpandedMarkup: true","timestamp":"2025-11-01 21:17:04"}
{"level":"\u001b[32minfo\u001b[39m","message":"updateQuestMessage - showImages: false, chatId: 235114395, messageId: 16300","timestamp":"2025-11-01 21:17:04"}
{"level":"\u001b[32minfo\u001b[39m","message":"Updating message text for text mode","timestamp":"2025-11-01 21:17:04"}
{"level":"\u001b[32minfo\u001b[39m","message":"Operation completed successfully on 235114395_16300","timestamp":"2025-11-01 21:17:05"}
{"level":"\u001b[32minfo\u001b[39m","message":"handleParticipation called - action: join, chatID: 235114395, messageID: 16300, user: 235114395","timestamp":"2025-11-01 21:17:16"}
{"level":"\u001b[32minfo\u001b[39m","message":"queueQuestOperation - questKey: 235114395_16300","timestamp":"2025-11-01 21:17:16"}
{"level":"\u001b[32minfo\u001b[39m","message":"Executing new operation on 235114395_16300","timestamp":"2025-11-01 21:17:16"}
{"level":"\u001b[32minfo\u001b[39m","message":"Attempting to fetch quest from DB: 235114395/quests, key: 16300","timestamp":"2025-11-01 21:17:16"}
{"level":"\u001b[32minfo\u001b[39m","message":"Quest fetched successfully: 2","timestamp":"2025-11-01 21:17:16"}
{"level":"\u001b[32minfo\u001b[39m","message":"updateMessage called - quest: 2, chatID: 235114395, messageID: 16300, useExpandedMarkup: false","timestamp":"2025-11-01 21:17:16"}
{"level":"\u001b[32minfo\u001b[39m","message":"updateQuestMessage - showImages: false, chatId: 235114395, messageId: 16300","timestamp":"2025-11-01 21:17:16"}
{"level":"\u001b[32minfo\u001b[39m","message":"Updating message text for text mode","timestamp":"2025-11-01 21:17:16"}
{"level":"\u001b[32minfo\u001b[39m","message":"Operation completed successfully on 235114395_16300","timestamp":"2025-11-01 21:17:17"}
{"level":"\u001b[32minfo\u001b[39m","message":"handleParticipation called - action: join, chatID: 235114395, messageID: 16300, user: 235114395","timestamp":"2025-11-01 21:17:20"}
{"level":"\u001b[32minfo\u001b[39m","message":"queueQuestOperation - questKey: 235114395_16300","timestamp":"2025-11-01 21:17:20"}
{"level":"\u001b[32minfo\u001b[39m","message":"Executing new operation on 235114395_16300","timestamp":"2025-11-01 21:17:20"}
{"level":"\u001b[32minfo\u001b[39m","message":"Attempting to fetch quest from DB: 235114395/quests, key: 16300","timestamp":"2025-11-01 21:17:20"}
{"level":"\u001b[32minfo\u001b[39m","message":"Quest fetched successfully: 2","timestamp":"2025-11-01 21:17:20"}
{"level":"\u001b[32minfo\u001b[39m","message":"updateMessage called - quest: 2, chatID: 235114395, messageID: 16300, useExpandedMarkup: false","timestamp":"2025-11-01 21:17:21"}
{"level":"\u001b[32minfo\u001b[39m","message":"updateQuestMessage - showImages: false, chatId: 235114395, messageId: 16300","timestamp":"2025-11-01 21:17:21"}
{"level":"\u001b[32minfo\u001b[39m","message":"Updating message text for text mode","timestamp":"2025-11-01 21:17:21"}
{"level":"\u001b[32minfo\u001b[39m","message":"Operation completed successfully on 235114395_16300","timestamp":"2025-11-01 21:17:21"}
{"level":"\u001b[32minfo\u001b[39m","message":"updateMessage called - quest: 2, chatID: 235114395, messageID: 16300, useExpandedMarkup: false","timestamp":"2025-11-01 21:17:25"}
{"level":"\u001b[32minfo\u001b[39m","message":"updateQuestMessage - showImages: false, chatId: 235114395, messageId: 16300","timestamp":"2025-11-01 21:17:25"}
{"level":"\u001b[32minfo\u001b[39m","message":"Updating message text for text mode","timestamp":"2025-11-01 21:17:25"}
{"level":"\u001b[32minfo\u001b[39m","message":"SIGINT received, shutting down gracefully","timestamp":"2025-11-01 21:17:37"}
{"level":"\u001b[32minfo\u001b[39m","message":"Starting HolonsBot","timestamp":"2025-11-01 21:17:38"}
{"appname":"Holons","level":"\u001b[32minfo\u001b[39m","message":"Starting HolonsBot initialization","timestamp":"2025-11-01 21:17:39"}
{"level":"\u001b[32minfo\u001b[39m","message":"Telegram bot initialized (not yet launched)","timestamp":"2025-11-01 21:17:39"}
{"level":"\u001b[32minfo\u001b[39m","message":"SignalManager initialized","timestamp":"2025-11-01 21:17:39"}
{"appname":"Holons","level":"\u001b[32minfo\u001b[39m","message":"Database initialized","timestamp":"2025-11-01 21:17:39"}
{"level":"\u001b[32minfo\u001b[39m","message":"InputScene utility initialized and registered","timestamp":"2025-11-01 21:17:40"}
{"level":"\u001b[32minfo\u001b[39m","message":"handleParticipation called - action: join, chatID: 235114395, messageID: 16306, user: 235114395","timestamp":"2025-11-01 21:18:04"}
{"level":"\u001b[32minfo\u001b[39m","message":"queueQuestOperation - questKey: 235114395_16306","timestamp":"2025-11-01 21:18:04"}
{"level":"\u001b[32minfo\u001b[39m","message":"Executing new operation on 235114395_16306","timestamp":"2025-11-01 21:18:04"}
{"level":"\u001b[32minfo\u001b[39m","message":"Attempting to fetch quest from DB: 235114395/quests, key: 16306","timestamp":"2025-11-01 21:18:04"}
{"level":"\u001b[32minfo\u001b[39m","message":"Quest fetched successfully: 1","timestamp":"2025-11-01 21:18:04"}
{"level":"\u001b[32minfo\u001b[39m","message":"updateMessage called - quest: 1, chatID: 235114395, messageID: 16306, useExpandedMarkup: false","timestamp":"2025-11-01 21:18:04"}
{"level":"\u001b[32minfo\u001b[39m","message":"updateQuestMessage - showImages: false, chatId: 235114395, messageId: 16306","timestamp":"2025-11-01 21:18:04"}
{"level":"\u001b[32minfo\u001b[39m","message":"Updating message text for text mode","timestamp":"2025-11-01 21:18:04"}
{"level":"\u001b[32minfo\u001b[39m","message":"Operation completed successfully on 235114395_16306","timestamp":"2025-11-01 21:18:04"}
{"level":"\u001b[32minfo\u001b[39m","message":"handleParticipation called - action: join, chatID: 235114395, messageID: 16309, user: 235114395","timestamp":"2025-11-01 21:18:06"}
{"level":"\u001b[32minfo\u001b[39m","message":"queueQuestOperation - questKey: 235114395_16309","timestamp":"2025-11-01 21:18:06"}
{"level":"\u001b[32minfo\u001b[39m","message":"Executing new operation on 235114395_16309","timestamp":"2025-11-01 21:18:06"}
{"level":"\u001b[32minfo\u001b[39m","message":"Attempting to fetch quest from DB: 235114395/quests, key: 16309","timestamp":"2025-11-01 21:18:06"}
{"level":"\u001b[32minfo\u001b[39m","message":"Quest fetched successfully: 2","timestamp":"2025-11-01 21:18:06"}
{"level":"\u001b[32minfo\u001b[39m","message":"updateMessage called - quest: 2, chatID: 235114395, messageID: 16309, useExpandedMarkup: false","timestamp":"2025-11-01 21:18:06"}
{"level":"\u001b[32minfo\u001b[39m","message":"updateQuestMessage - showImages: false, chatId: 235114395, messageId: 16309","timestamp":"2025-11-01 21:18:07"}
{"level":"\u001b[32minfo\u001b[39m","message":"Updating message text for text mode","timestamp":"2025-11-01 21:18:07"}
{"level":"\u001b[32minfo\u001b[39m","message":"Operation completed successfully on 235114395_16309","timestamp":"2025-11-01 21:18:07"}
{"level":"\u001b[32minfo\u001b[39m","message":"updateMessage called - quest: 2, chatID: 235114395, messageID: 16309, useExpandedMarkup: false","timestamp":"2025-11-01 21:18:21"}
{"level":"\u001b[32minfo\u001b[39m","message":"updateQuestMessage - showImages: false, chatId: 235114395, messageId: 16309","timestamp":"2025-11-01 21:18:21"}
{"level":"\u001b[32minfo\u001b[39m","message":"Updating message text for text mode","timestamp":"2025-11-01 21:18:21"}
{"level":"\u001b[32minfo\u001b[39m","message":"Starting HolonsBot","timestamp":"2025-11-01 21:19:36"}
{"appname":"Holons","level":"\u001b[32minfo\u001b[39m","message":"Starting HolonsBot initialization","timestamp":"2025-11-01 21:19:37"}
{"level":"\u001b[32minfo\u001b[39m","message":"Telegram bot initialized (not yet launched)","timestamp":"2025-11-01 21:19:37"}
{"level":"\u001b[32minfo\u001b[39m","message":"SignalManager initialized","timestamp":"2025-11-01 21:19:37"}
{"appname":"Holons","level":"\u001b[32minfo\u001b[39m","message":"Database initialized","timestamp":"2025-11-01 21:19:37"}
{"level":"\u001b[32minfo\u001b[39m","message":"InputScene utility initialized and registered","timestamp":"2025-11-01 21:19:38"}
{"level":"\u001b[32minfo\u001b[39m","message":"Starting HolonsBot","timestamp":"2025-11-01 21:19:51"}
{"appname":"Holons","level":"\u001b[32minfo\u001b[39m","message":"Starting HolonsBot initialization","timestamp":"2025-11-01 21:19:52"}
{"level":"\u001b[32minfo\u001b[39m","message":"Telegram bot initialized (not yet launched)","timestamp":"2025-11-01 21:19:52"}
{"level":"\u001b[32minfo\u001b[39m","message":"SignalManager initialized","timestamp":"2025-11-01 21:19:52"}
{"appname":"Holons","level":"\u001b[32minfo\u001b[39m","message":"Database initialized","timestamp":"2025-11-01 21:19:52"}
{"level":"\u001b[32minfo\u001b[39m","message":"InputScene utility initialized and registered","timestamp":"2025-11-01 21:19:52"}
{"level":"\u001b[32minfo\u001b[39m","message":"Starting HolonsBot","timestamp":"2025-11-01 21:20:02"}
{"appname":"Holons","level":"\u001b[32minfo\u001b[39m","message":"Starting HolonsBot initialization","timestamp":"2025-11-01 21:20:03"}
{"level":"\u001b[32minfo\u001b[39m","message":"Telegram bot initialized (not yet launched)","timestamp":"2025-11-01 21:20:03"}
{"level":"\u001b[32minfo\u001b[39m","message":"SignalManager initialized","timestamp":"2025-11-01 21:20:03"}
{"appname":"Holons","level":"\u001b[32minfo\u001b[39m","message":"Database initialized","timestamp":"2025-11-01 21:20:03"}
{"level":"\u001b[32minfo\u001b[39m","message":"InputScene utility initialized and registered","timestamp":"2025-11-01 21:20:03"}
{"level":"\u001b[32minfo\u001b[39m","message":"Starting HolonsBot","timestamp":"2025-11-01 21:20:10"}
{"appname":"Holons","level":"\u001b[32minfo\u001b[39m","message":"Starting HolonsBot initialization","timestamp":"2025-11-01 21:20:11"}
{"level":"\u001b[32minfo\u001b[39m","message":"Telegram bot initialized (not yet launched)","timestamp":"2025-11-01 21:20:11"}
{"level":"\u001b[32minfo\u001b[39m","message":"SignalManager initialized","timestamp":"2025-11-01 21:20:11"}
{"appname":"Holons","level":"\u001b[32minfo\u001b[39m","message":"Database initialized","timestamp":"2025-11-01 21:20:11"}
{"level":"\u001b[32minfo\u001b[39m","message":"InputScene utility initialized and registered","timestamp":"2025-11-01 21:20:11"}
{"level":"\u001b[32minfo\u001b[39m","message":"Starting HolonsBot","timestamp":"2025-11-01 21:20:23"}
{"appname":"Holons","level":"\u001b[32minfo\u001b[39m","message":"Starting HolonsBot initialization","timestamp":"2025-11-01 21:20:23"}
{"level":"\u001b[32minfo\u001b[39m","message":"Telegram bot initialized (not yet launched)","timestamp":"2025-11-01 21:20:23"}
{"level":"\u001b[32minfo\u001b[39m","message":"SignalManager initialized","timestamp":"2025-11-01 21:20:23"}
{"appname":"Holons","level":"\u001b[32minfo\u001b[39m","message":"Database initialized","timestamp":"2025-11-01 21:20:23"}
{"level":"\u001b[32minfo\u001b[39m","message":"InputScene utility initialized and registered","timestamp":"2025-11-01 21:20:24"}
{"level":"\u001b[32minfo\u001b[39m","message":"Starting HolonsBot","timestamp":"2025-11-01 21:20:30"}
{"appname":"Holons","level":"\u001b[32minfo\u001b[39m","message":"Starting HolonsBot initialization","timestamp":"2025-11-01 21:20:30"}
{"level":"\u001b[32minfo\u001b[39m","message":"Telegram bot initialized (not yet launched)","timestamp":"2025-11-01 21:20:30"}
{"level":"\u001b[32minfo\u001b[39m","message":"SignalManager initialized","timestamp":"2025-11-01 21:20:30"}
{"appname":"Holons","level":"\u001b[32minfo\u001b[39m","message":"Database initialized","timestamp":"2025-11-01 21:20:31"}
{"level":"\u001b[32minfo\u001b[39m","message":"InputScene utility initialized and registered","timestamp":"2025-11-01 21:20:31"}
{"level":"\u001b[32minfo\u001b[39m","message":"SIGINT received, shutting down gracefully","timestamp":"2025-11-01 21:20:58"}
{"level":"\u001b[32minfo\u001b[39m","message":"Starting HolonsBot","timestamp":"2025-11-01 21:21:00"}
{"appname":"Holons","level":"\u001b[32minfo\u001b[39m","message":"Starting HolonsBot initialization","timestamp":"2025-11-01 21:21:01"}
{"level":"\u001b[32minfo\u001b[39m","message":"Telegram bot initialized (not yet launched)","timestamp":"2025-11-01 21:21:01"}
{"level":"\u001b[32minfo\u001b[39m","message":"SignalManager initialized","timestamp":"2025-11-01 21:21:01"}
{"appname":"Holons","level":"\u001b[32minfo\u001b[39m","message":"Database initialized","timestamp":"2025-11-01 21:21:01"}
{"level":"\u001b[32minfo\u001b[39m","message":"InputScene utility initialized and registered","timestamp":"2025-11-01 21:21:01"}
{"level":"\u001b[32minfo\u001b[39m","message":"handleParticipation called - action: join, chatID: 235114395, messageID: 16319, user: 235114395","timestamp":"2025-11-01 21:21:22"}
{"level":"\u001b[32minfo\u001b[39m","message":"queueQuestOperation - questKey: 235114395_16319","timestamp":"2025-11-01 21:21:22"}
{"level":"\u001b[32minfo\u001b[39m","message":"Executing new operation on 235114395_16319","timestamp":"2025-11-01 21:21:22"}
{"level":"\u001b[32minfo\u001b[39m","message":"Attempting to fetch quest from DB: 235114395/quests, key: 16319","timestamp":"2025-11-01 21:21:22"}
{"level":"\u001b[32minfo\u001b[39m","message":"Quest fetched successfully: 123","timestamp":"2025-11-01 21:21:22"}
{"level":"\u001b[32minfo\u001b[39m","message":"updateMessage called - quest: 123, chatID: 235114395, messageID: 16319, useExpandedMarkup: false","timestamp":"2025-11-01 21:21:22"}
{"level":"\u001b[32minfo\u001b[39m","message":"updateQuestMessage - showImages: false, chatId: 235114395, messageId: 16319","timestamp":"2025-11-01 21:21:22"}
{"level":"\u001b[32minfo\u001b[39m","message":"Updating message text for text mode","timestamp":"2025-11-01 21:21:22"}
{"level":"\u001b[32minfo\u001b[39m","message":"Operation completed successfully on 235114395_16319","timestamp":"2025-11-01 21:21:23"}
{"level":"\u001b[32minfo\u001b[39m","message":"handleParticipation called - action: join, chatID: 235114395, messageID: 16319, user: 235114395","timestamp":"2025-11-01 21:21:24"}
{"level":"\u001b[32minfo\u001b[39m","message":"queueQuestOperation - questKey: 235114395_16319","timestamp":"2025-11-01 21:21:24"}
{"level":"\u001b[32minfo\u001b[39m","message":"Executing new operation on 235114395_16319","timestamp":"2025-11-01 21:21:24"}
{"level":"\u001b[32minfo\u001b[39m","message":"Attempting to fetch quest from DB: 235114395/quests, key: 16319","timestamp":"2025-11-01 21:21:24"}
{"level":"\u001b[32minfo\u001b[39m","message":"Quest fetched successfully: 123","timestamp":"2025-11-01 21:21:24"}
{"level":"\u001b[32minfo\u001b[39m","message":"updateMessage called - quest: 123, chatID: 235114395, messageID: 16319, useExpandedMarkup: false","timestamp":"2025-11-01 21:21:24"}
{"level":"\u001b[32minfo\u001b[39m","message":"updateQuestMessage - showImages: false, chatId: 235114395, messageId: 16319","timestamp":"2025-11-01 21:21:24"}
{"level":"\u001b[32minfo\u001b[39m","message":"Updating message text for text mode","timestamp":"2025-11-01 21:21:24"}
{"level":"\u001b[32minfo\u001b[39m","message":"Operation completed successfully on 235114395_16319","timestamp":"2025-11-01 21:21:24"}
{"level":"\u001b[32minfo\u001b[39m","message":"handleParticipation called - action: join, chatID: 235114395, messageID: 16322, user: 235114395","timestamp":"2025-11-01 21:21:38"}
{"level":"\u001b[32minfo\u001b[39m","message":"queueQuestOperation - questKey: 235114395_16322","timestamp":"2025-11-01 21:21:38"}
{"level":"\u001b[32minfo\u001b[39m","message":"Executing new operation on 235114395_16322","timestamp":"2025-11-01 21:21:38"}
{"level":"\u001b[32minfo\u001b[39m","message":"Attempting to fetch quest from DB: 235114395/quests, key: 16322","timestamp":"2025-11-01 21:21:38"}
{"level":"\u001b[32minfo\u001b[39m","message":"Quest fetched successfully: 456","timestamp":"2025-11-01 21:21:38"}
{"level":"\u001b[32minfo\u001b[39m","message":"updateMessage called - quest: 456, chatID: 235114395, messageID: 16322, useExpandedMarkup: false","timestamp":"2025-11-01 21:21:38"}
{"level":"\u001b[32minfo\u001b[39m","message":"updateQuestMessage - showImages: false, chatId: 235114395, messageId: 16322","timestamp":"2025-11-01 21:21:38"}
{"level":"\u001b[32minfo\u001b[39m","message":"Updating message text for text mode","timestamp":"2025-11-01 21:21:38"}
{"level":"\u001b[32minfo\u001b[39m","message":"Operation completed successfully on 235114395_16322","timestamp":"2025-11-01 21:21:39"}
{"level":"\u001b[32minfo\u001b[39m","message":"handleParticipation called - action: join, chatID: 235114395, messageID: 16322, user: 235114395","timestamp":"2025-11-01 21:21:40"}
{"level":"\u001b[32minfo\u001b[39m","message":"queueQuestOperation - questKey: 235114395_16322","timestamp":"2025-11-01 21:21:40"}
{"level":"\u001b[32minfo\u001b[39m","message":"Executing new operation on 235114395_16322","timestamp":"2025-11-01 21:21:40"}
{"level":"\u001b[32minfo\u001b[39m","message":"Attempting to fetch quest from DB: 235114395/quests, key: 16322","timestamp":"2025-11-01 21:21:40"}
{"level":"\u001b[32minfo\u001b[39m","message":"Quest fetched successfully: 456","timestamp":"2025-11-01 21:21:40"}
{"level":"\u001b[32minfo\u001b[39m","message":"updateMessage called - quest: 456, chatID: 235114395, messageID: 16322, useExpandedMarkup: false","timestamp":"2025-11-01 21:21:40"}
{"level":"\u001b[32minfo\u001b[39m","message":"updateQuestMessage - showImages: false, chatId: 235114395, messageId: 16322","timestamp":"2025-11-01 21:21:40"}
{"level":"\u001b[32minfo\u001b[39m","message":"Updating message text for text mode","timestamp":"2025-11-01 21:21:40"}
{"level":"\u001b[32minfo\u001b[39m","message":"Operation completed successfully on 235114395_16322","timestamp":"2025-11-01 21:21:41"}
{"level":"\u001b[32minfo\u001b[39m","message":"handleParticipation called - action: join, chatID: 235114395, messageID: 16322, user: 235114395","timestamp":"2025-11-01 21:21:58"}
{"level":"\u001b[32minfo\u001b[39m","message":"queueQuestOperation - questKey: 235114395_16322","timestamp":"2025-11-01 21:21:58"}
{"level":"\u001b[32minfo\u001b[39m","message":"Executing new operation on 235114395_16322","timestamp":"2025-11-01 21:21:58"}
{"level":"\u001b[32minfo\u001b[39m","message":"Attempting to fetch quest from DB: 235114395/quests, key: 16322","timestamp":"2025-11-01 21:21:58"}
{"level":"\u001b[32minfo\u001b[39m","message":"Quest fetched successfully: 456","timestamp":"2025-11-01 21:21:58"}
{"level":"\u001b[32minfo\u001b[39m","message":"updateMessage called - quest: 456, chatID: 235114395, messageID: 16322, useExpandedMarkup: false","timestamp":"2025-11-01 21:21:58"}
{"level":"\u001b[32minfo\u001b[39m","message":"updateQuestMessage - showImages: false, chatId: 235114395, messageId: 16322","timestamp":"2025-11-01 21:21:59"}
{"level":"\u001b[32minfo\u001b[39m","message":"Updating message text for text mode","timestamp":"2025-11-01 21:21:59"}
{"level":"\u001b[32minfo\u001b[39m","message":"updateQuestMessage - showImages: false, chatId: 235114395, messageId: 16326","timestamp":"2025-11-01 21:21:59"}
{"level":"\u001b[32minfo\u001b[39m","message":"Updating message text for text mode","timestamp":"2025-11-01 21:21:59"}
{"level":"\u001b[32minfo\u001b[39m","message":"Operation completed successfully on 235114395_16322","timestamp":"2025-11-01 21:21:59"}
{"level":"\u001b[32minfo\u001b[39m","message":"handleParticipation called - action: join, chatID: 235114395, messageID: 16322, user: 235114395","timestamp":"2025-11-01 21:22:04"}
{"level":"\u001b[32minfo\u001b[39m","message":"queueQuestOperation - questKey: 235114395_16322","timestamp":"2025-11-01 21:22:04"}
{"level":"\u001b[32minfo\u001b[39m","message":"Executing new operation on 235114395_16322","timestamp":"2025-11-01 21:22:04"}
{"level":"\u001b[32minfo\u001b[39m","message":"Attempting to fetch quest from DB: 235114395/quests, key: 16322","timestamp":"2025-11-01 21:22:04"}
{"level":"\u001b[32minfo\u001b[39m","message":"Quest fetched successfully: 456","timestamp":"2025-11-01 21:22:04"}
{"level":"\u001b[32minfo\u001b[39m","message":"updateMessage called - quest: 456, chatID: 235114395, messageID: 16322, useExpandedMarkup: false","timestamp":"2025-11-01 21:22:04"}
{"level":"\u001b[32minfo\u001b[39m","message":"updateQuestMessage - showImages: false, chatId: 235114395, messageId: 16322","timestamp":"2025-11-01 21:22:04"}
{"level":"\u001b[32minfo\u001b[39m","message":"Updating message text for text mode","timestamp":"2025-11-01 21:22:04"}
{"level":"\u001b[32minfo\u001b[39m","message":"updateQuestMessage - showImages: false, chatId: 235114395, messageId: 16326","timestamp":"2025-11-01 21:22:05"}
{"level":"\u001b[32minfo\u001b[39m","message":"Updating message text for text mode","timestamp":"2025-11-01 21:22:05"}
{"level":"\u001b[32minfo\u001b[39m","message":"Operation completed successfully on 235114395_16322","timestamp":"2025-11-01 21:22:05"}
{"level":"\u001b[32minfo\u001b[39m","message":"handleParticipation called - action: join, chatID: 235114395, messageID: 16322, user: 235114395","timestamp":"2025-11-01 21:22:08"}
{"level":"\u001b[32minfo\u001b[39m","message":"queueQuestOperation - questKey: 235114395_16322","timestamp":"2025-11-01 21:22:08"}
{"level":"\u001b[32minfo\u001b[39m","message":"Executing new operation on 235114395_16322","timestamp":"2025-11-01 21:22:08"}
{"level":"\u001b[32minfo\u001b[39m","message":"Attempting to fetch quest from DB: 235114395/quests, key: 16322","timestamp":"2025-11-01 21:22:08"}
{"level":"\u001b[32minfo\u001b[39m","message":"Quest fetched successfully: 456","timestamp":"2025-11-01 21:22:08"}
{"level":"\u001b[32minfo\u001b[39m","message":"updateMessage called - quest: 456, chatID: 235114395, messageID: 16322, useExpandedMarkup: false","timestamp":"2025-11-01 21:22:08"}
{"level":"\u001b[32minfo\u001b[39m","message":"updateQuestMessage - showImages: false, chatId: 235114395, messageId: 16322","timestamp":"2025-11-01 21:22:08"}
{"level":"\u001b[32minfo\u001b[39m","message":"Updating message text for text mode","timestamp":"2025-11-01 21:22:08"}
{"level":"\u001b[32minfo\u001b[39m","message":"updateQuestMessage - showImages: false, chatId: 235114395, messageId: 16326","timestamp":"2025-11-01 21:22:09"}
{"level":"\u001b[32minfo\u001b[39m","message":"Updating message text for text mode","timestamp":"2025-11-01 21:22:09"}
{"level":"\u001b[32minfo\u001b[39m","message":"Operation completed successfully on 235114395_16322","timestamp":"2025-11-01 21:22:09"}
{"level":"\u001b[32minfo\u001b[39m","message":"updateMessage called - quest: 456, chatID: 235114395, messageID: 16322, useExpandedMarkup: false","timestamp":"2025-11-01 21:22:12"}
{"level":"\u001b[32minfo\u001b[39m","message":"updateQuestMessage - showImages: false, chatId: 235114395, messageId: 16322","timestamp":"2025-11-01 21:22:12"}
{"level":"\u001b[32minfo\u001b[39m","message":"Updating message text for text mode","timestamp":"2025-11-01 21:22:12"}
{"level":"\u001b[32minfo\u001b[39m","message":"updateQuestMessage - showImages: false, chatId: 235114395, messageId: 16326","timestamp":"2025-11-01 21:22:13"}
{"level":"\u001b[32minfo\u001b[39m","message":"Updating message text for text mode","timestamp":"2025-11-01 21:22:13"}
{"level":"\u001b[32minfo\u001b[39m","message":"SIGINT received, shutting down gracefully","timestamp":"2025-11-01 21:23:03"}
